year,month,week,rank,track title,artist name,artist_genre
2021,11,1,1,null,Drake,"[""canadian hip hop"",""canadian pop"",""hip hop"",""pop rap"",""rap""]"
2021,11,1,2,null,Taylor Swift,"[""pop""]"
2021,11,1,3,null,Kanye West,"[""chicago rap"",""hip hop"",""rap""]"
2021,11,1,4,null,Juice WRLD,"[""chicago rap"",""melodic rap"",""rap""]"
2021,11,1,5,null,Ed Sheeran,"[""pop"",""singer-songwriter pop"",""uk pop""]"
2021,11,1,6,null,The Weeknd,"[""canadian contemporary r&b"",""canadian pop"",""pop""]"
2021,11,1,7,null,Doja Cat,"[""dance pop"",""pop""]"
2021,11,1,8,null,Bad Bunny,"[""reggaeton"",""trap latino"",""urbano latino""]"
2021,11,1,9,null,Polo G,"[""chicago rap"",""rap""]"
2021,11,1,10,null,Lil Baby,"[""atl hip hop"",""atl trap"",""rap"",""trap""]"
2021,11,1,11,null,Justin Bieber,"[""canadian pop"",""pop""]"
2021,11,1,12,null,Lil Uzi Vert,"[""hip hop"",""melodic rap"",""philly rap"",""rage rap"",""rap""]"
2021,11,1,13,null,J. Cole,"[""conscious hip hop"",""hip hop"",""north carolina hip hop"",""rap""]"
2021,11,1,14,null,Billie Eilish,"[""indie hip hop""]"
2021,11,1,15,null,Travis Scott,"[""hip hop"",""rap"",""slap house""]"
2021,11,1,16,null,YoungBoy Never Broke Again,"[""baton rouge rap"",""rap""]"
2021,11,1,17,null,Ariana Grande,"[""pop""]"
2021,11,1,18,null,Young Thug,"[""atl hip hop"",""atl trap"",""gangster rap"",""melodic rap"",""rap"",""trap""]"
2021,11,1,19,null,Adele,"[""british soul"",""pop"",""pop soul"",""uk pop""]"
2021,11,1,20,null,Future,"[""atl hip hop"",""hip hop"",""rap"",""southern hip hop"",""trap""]"
2021,11,1,21,null,Eminem,"[""detroit hip hop"",""hip hop"",""rap""]"
2021,11,1,22,null,$uicideboy$,"[""cloud rap"",""dark trap"",""new orleans rap"",""underground hip hop""]"
2021,11,1,23,null,21 Savage,"[""atl hip hop"",""hip hop"",""rap""]"
2021,11,1,24,null,Mac Miller,"[""hip hop"",""pittsburgh rap"",""pop rap"",""rap""]"
2021,11,1,25,null,Morgan Wallen,"[""contemporary country""]"
2021,11,1,26,null,XXXTENTACION,"[""emo rap"",""miami hip hop""]"
2021,11,1,27,null,Post Malone,"[""dfw rap"",""melodic rap"",""pop"",""rap""]"
2021,11,1,28,null,Lil Durk,"[""chicago drill"",""chicago rap"",""drill"",""hip hop"",""rap"",""trap""]"
2021,11,1,29,null,Kendrick Lamar,"[""conscious hip hop"",""hip hop"",""rap"",""west coast rap""]"
2021,11,1,30,null,Lil Nas X,"[""lgbtq+ hip hop""]"
2021,11,1,31,null,Megan Thee Stallion,"[""houston rap"",""pop"",""r&b"",""rap"",""trap queen""]"
2021,11,1,32,null,Trippie Redd,"[""melodic rap"",""rap"",""trap""]"
2021,11,1,33,null,Playboi Carti,"[""atl hip hop"",""plugg"",""pluggnb"",""rage rap"",""rap""]"
2021,11,1,34,null,Olivia Rodrigo,"[""pop""]"
2021,11,1,35,null,"Tyler, The Creator","[""hip hop"",""rap""]"
2021,11,1,36,null,A$AP Rocky,"[""east coast hip hop"",""hip hop"",""rap"",""trap""]"
2021,11,1,37,null,BTS,"[""k-pop"",""k-pop boy group"",""pop""]"
2021,11,1,38,null,The Kid LAROI,"[""australian hip hop""]"
2021,11,1,39,null,Lil Wayne,"[""hip hop"",""new orleans rap"",""pop rap"",""rap"",""trap""]"
2021,11,1,40,null,Jack Harlow,"[""deep underground hip hop"",""kentucky hip hop"",""pop rap"",""rap""]"
2021,11,1,41,null,Gunna,"[""atl hip hop"",""melodic rap"",""rap"",""trap""]"
2021,11,1,42,null,DaBaby,"[""hip hop"",""north carolina hip hop"",""pop rap"",""rap"",""trap""]"
2021,11,1,43,null,Pop Smoke,"[""brooklyn drill"",""rap""]"
2021,11,1,44,null,J Balvin,"[""reggaeton"",""reggaeton colombiano"",""trap latino"",""urbano latino""]"
2021,11,1,45,null,Khalid,"[""pop"",""pop r&b""]"
2021,11,1,46,null,Rihanna,"[""barbadian pop"",""pop"",""urban contemporary""]"
2021,11,1,47,null,Dua Lipa,"[""dance pop"",""pop"",""uk pop""]"
2021,11,1,48,null,Luke Combs,"[""contemporary country"",""country""]"
2021,11,1,49,null,Lil Peep,"[""cloud rap"",""emo rap"",""lgbtq+ hip hop""]"
2021,11,1,50,null,Bruno Mars,"[""dance pop"",""pop""]"
2021,11,1,51,null,Kid Cudi,"[""hip hop"",""ohio hip hop"",""pop rap"",""rap""]"
2021,11,1,52,null,Coldplay,"[""permanent wave"",""pop""]"
2021,11,1,53,null,SZA,"[""pop"",""r&b"",""rap""]"
2021,11,1,54,null,Chris Brown,"[""r&b"",""rap""]"
2021,11,1,55,null,Machine Gun Kelly,"[""ohio hip hop"",""pop rap""]"
2021,11,1,56,null,Nicki Minaj,"[""hip pop"",""pop"",""queens hip hop"",""rap""]"
2021,11,1,57,null,Lana Del Rey,"[""art pop"",""pop""]"
2021,11,1,58,null,Lil Tjay,"[""brooklyn drill"",""melodic rap"",""nyc rap"",""rap""]"
2021,11,1,59,null,Halsey,"[""electropop"",""etherpop"",""indie poptimism"",""pop""]"
2021,11,1,60,null,Don Toliver,"[""pop rap"",""rap"",""trap""]"
2021,11,1,61,null,Baby Keem,"[""hip hop"",""rap""]"
2021,11,1,62,null,Michael Jackson,"[""r&b"",""soul""]"
2021,11,1,63,null,Harry Styles,"[""pop""]"
2021,11,1,64,null,Rauw Alejandro,"[""puerto rican pop"",""reggaeton"",""trap latino"",""urbano latino""]"
2021,11,1,65,null,Lil Tecca,"[""melodic rap"",""pluggnb"",""rap""]"
2021,11,1,66,null,Imagine Dragons,"[""modern rock"",""pop"",""rock""]"
2021,11,1,67,null,Marshmello,"[""brostep"",""edm"",""pop"",""progressive electro house""]"
2021,11,1,68,null,Frank Ocean,"[""lgbtq+ hip hop"",""neo soul""]"
2021,11,1,69,null,A Boogie Wit da Hoodie,"[""melodic rap"",""rap"",""trap""]"
2021,11,1,70,null,NF,"[""hip hop"",""pop rap""]"
2021,11,1,71,null,The Beatles,"[""british invasion"",""classic rock"",""merseybeat"",""psychedelic rock"",""rock""]"
2021,11,1,72,null,Metro Boomin,"[""rap""]"
2021,11,1,73,null,Glass Animals,"[""gauze pop"",""indietronica"",""modern rock"",""pov: indie"",""shiver pop""]"
2021,11,1,74,null,Big Sean,"[""detroit hip hop"",""hip hop"",""pop rap"",""r&b"",""rap"",""trap""]"
2021,11,1,75,null,Kodak Black,"[""florida drill"",""florida rap"",""melodic rap"",""miami hip hop"",""rap"",""trap"",""trap latino""]"
2021,11,1,76,null,Maroon 5,"[""pop""]"
2021,11,1,77,null,Moneybagg Yo,"[""memphis hip hop"",""rap"",""southern hip hop"",""tennessee hip hop"",""trap""]"
2021,11,1,78,null,Rod Wave,"[""florida rap""]"
2021,11,1,79,null,blackbear,"[""pop""]"
2021,11,1,80,null,Meek Mill,"[""hip hop"",""philly rap"",""pop rap"",""rap"",""southern hip hop"",""trap""]"
2021,11,1,81,null,The Neighbourhood,"[""modern alternative rock"",""modern rock"",""pop"",""pov: indie""]"
2021,11,1,82,null,Eslabon Armado,"[""corrido"",""corridos tumbados"",""sad sierreno"",""sierreno""]"
2021,11,1,83,null,Ty Dolla $ign,"[""hip hop"",""pittsburgh rap"",""pop rap"",""rap"",""southern hip hop"",""trap""]"
2021,11,1,84,null,Elton John,"[""glam rock"",""mellow gold"",""piano rock"",""rock""]"
2021,11,1,85,null,Sleepy Hallow,"[""brooklyn drill"",""nyc rap""]"
2021,11,1,86,null,Migos,"[""atl hip hop"",""hip hop"",""pop rap"",""rap"",""trap""]"
2021,11,1,87,null,One Direction,"[""boy band"",""pop"",""post-teen pop"",""talent show""]"
2021,11,1,88,null,WILLOW,"[""afrofuturism"",""pop"",""post-teen pop"",""pov: indie""]"
2021,11,1,89,null,Lady Gaga,"[""corridos tumbados"",""sad sierreno""]"
2021,11,1,90,null,Cardi B,"[""pop"",""rap""]"
2021,11,1,91,null,Ozuna,"[""puerto rican pop"",""reggaeton"",""trap latino"",""urbano latino""]"
2021,11,1,92,null,Beyoncé,"[""pop"",""r&b""]"
2021,11,1,93,null,JAY-Z,"[""east coast hip hop"",""gangster rap"",""hip hop"",""pop rap"",""rap""]"
2021,11,1,94,null,Joji,"[""viral pop""]"
2021,11,1,95,null,Katy Perry,"[""pop""]"
2021,11,1,96,null,Roddy Ricch,"[""melodic rap"",""rap"",""trap""]"
2021,11,1,97,null,Twenty One Pilots,"[""modern rock"",""pop"",""pov: indie"",""rock""]"
2021,11,1,98,null,Lin-Manuel Miranda,"[""broadway"",""show tunes""]"
2021,11,1,99,null,Giveon,"[""r&b""]"
2021,11,1,100,null,Farruko,"[""reggaeton"",""trap latino"",""urbano latino""]"
2021,11,1,101,null,Panic! At The Disco,"[""modern rock"",""pop""]"
2021,11,1,102,null,Anuel AA,"[""reggaeton"",""reggaeton flow"",""trap boricua"",""trap latino"",""urbano latino""]"
2021,11,1,103,null,Jason Aldean,"[""contemporary country"",""country"",""country road"",""modern country rock""]"
2021,11,1,104,null,Miley Cyrus,"[""pop""]"
2021,11,1,105,null,Grupo Firme,"[""musica mexicana"",""norteno"",""sierreno""]"
2021,11,1,106,null,Queen,"[""k-pop girl group""]"
2021,11,1,107,null,Kevin Gates,"[""baton rouge rap"",""rap"",""southern hip hop"",""trap""]"
2021,11,1,108,null,Mitski,"[""brooklyn indie"",""pov: indie""]"
2021,11,1,109,null,Kane Brown,"[""black americana"",""contemporary country"",""country"",""country road""]"
2021,11,1,110,null,Wiz Khalifa,"[""hip hop"",""pittsburgh rap"",""pop rap"",""rap"",""southern hip hop"",""trap""]"
2021,11,1,111,null,Ski Mask The Slump God,"[""hip hop"",""miami hip hop"",""pop rap"",""rap"",""trap""]"
2021,11,1,112,null,Linkin Park,"[""alternative metal"",""nu metal"",""post-grunge"",""rap metal"",""rock""]"
2021,11,1,113,null,Fall Out Boy,"[""emo"",""modern rock"",""pop"",""rock""]"
2021,11,1,114,null,Melanie Martinez,"[""alt z"",""electropop"",""pop""]"
2021,11,1,115,null,Chris Stapleton,"[""contemporary country"",""outlaw country""]"
2021,11,1,116,null,KAROL G,"[""reggaeton"",""reggaeton colombiano"",""trap latino"",""urbano latino""]"
2021,11,1,117,null,Sam Smith,"[""pop"",""uk pop""]"
2021,11,1,118,null,Hozier,"[""irish singer-songwriter"",""modern rock"",""pov: indie""]"
2021,11,1,119,null,Florida Georgia Line,"[""contemporary country"",""country"",""country pop"",""country road"",""modern country rock""]"
2021,11,1,120,null,Nirvana,"[""grunge"",""permanent wave"",""rock""]"
2021,11,1,121,null,Jhayco,"[""reggaeton"",""trap latino"",""urbano latino""]"
2021,11,1,122,null,Brent Faiyaz,"[""r&b"",""rap""]"
2021,11,1,123,null,Shawn Mendes,"[""canadian pop"",""pop"",""viral pop""]"
2021,11,1,124,null,Fleetwood Mac,"[""album rock"",""classic rock"",""rock"",""soft rock"",""yacht rock""]"
2021,11,1,125,null,Russ,[]
2021,11,1,126,null,Conan Gray,"[""bedroom pop"",""pop"",""pov: indie""]"
2021,11,1,127,null,Arctic Monkeys,"[""garage rock"",""modern rock"",""permanent wave"",""rock"",""sheffield indie""]"
2021,11,1,128,null,Logic,"[""conscious hip hop"",""hip hop"",""pop rap"",""rap""]"
2021,11,1,129,null,YNW Melly,"[""melodic rap"",""rap""]"
2021,11,1,130,null,Myke Towers,"[""reggaeton"",""trap latino"",""urbano latino""]"
2021,11,1,131,null,Daddy Yankee,"[""latin hip hop"",""reggaeton"",""trap latino"",""urbano latino""]"
2021,11,1,132,null,David Guetta,"[""big room"",""dance pop"",""edm"",""pop"",""pop dance""]"
2021,11,1,133,null,G Herbo,"[""chicago drill"",""chicago rap"",""drill"",""trap""]"
2021,11,1,134,null,Childish Gambino,"[""atl hip hop"",""hip hop"",""rap""]"
2021,11,1,135,null,AC/DC,"[""australian rock"",""hard rock"",""rock""]"
2021,11,1,136,null,Joyner Lucas,"[""boston hip hop"",""hip hop"",""pop rap"",""rap""]"
2021,11,1,137,null,John Mayer,"[""neo mellow"",""singer-songwriter""]"
2021,11,1,138,null,iann dior,"[""melodic rap""]"
2021,11,1,139,null,Metallica,"[""hard rock"",""metal"",""old school thrash"",""rock"",""thrash metal""]"
2021,11,1,140,null,Tame Impala,"[""australian psych"",""modern rock"",""neo-psychedelic"",""rock""]"
2021,11,1,141,null,Cody Johnson,"[""classic texas country"",""contemporary country""]"
2021,11,1,142,null,Key Glock,"[""memphis hip hop"",""rap"",""southern hip hop"",""tennessee hip hop"",""trap""]"
2021,11,1,143,null,Kali Uchis,"[""colombian pop""]"
2021,11,1,144,null,King Von,"[""chicago rap""]"
2021,11,1,145,null,Red Hot Chili Peppers,"[""alternative rock"",""funk metal"",""funk rock"",""permanent wave"",""rock""]"
2021,11,1,146,null,Tyler Childers,"[""kentucky indie"",""kentucky roots"",""outlaw country""]"
2021,11,1,147,null,My Chemical Romance,"[""emo"",""modern rock"",""pop punk"",""pov: indie"",""rock""]"
2021,11,1,148,null,Green Day,"[""modern rock"",""permanent wave"",""punk"",""rock""]"
2021,11,1,149,null,Gorillaz,"[""alternative hip hop"",""modern rock"",""rock""]"
2021,11,1,150,null,Gucci Mane,"[""atl hip hop"",""dirty south rap"",""hip hop"",""pop rap"",""rap"",""southern hip hop"",""trap""]"
2021,11,1,151,null,Luke Bryan,"[""contemporary country"",""country"",""country road"",""modern country rock""]"
2021,11,1,152,null,Camila Cabello,"[""dance pop"",""pop""]"
2021,11,1,153,null,Summer Walker,"[""r&b"",""rap""]"
2021,11,1,154,null,Frank Sinatra,"[""adult standards"",""easy listening"",""lounge""]"
2021,11,1,155,null,Tory Lanez,"[""canadian hip hop"",""canadian trap"",""melodic rap"",""pop rap"",""r&b"",""rap"",""trap""]"
2021,11,1,156,null,Jhené Aiko,"[""r&b""]"
2021,11,1,157,null,Pitbull,"[""dance pop"",""miami hip hop"",""pop""]"
2021,11,1,158,null,Selena Gomez,"[""pop"",""post-teen pop""]"
2021,11,1,159,null,Tyga,"[""hip hop"",""pop rap"",""rap"",""trap""]"
2021,11,1,160,null,Mariah Carey,"[""dance pop"",""pop"",""urban contemporary""]"
2021,11,1,161,null,G-Eazy,"[""indie pop rap"",""oakland hip hop"",""pop rap"",""rap""]"
2021,11,1,162,null,Clairo,"[""bedroom pop"",""indie pop"",""pov: indie""]"
2021,11,1,163,null,Paramore,"[""candy pop"",""modern rock"",""pixie"",""pop"",""pop emo"",""pop punk"",""rock""]"
2021,11,1,164,null,Britney Spears,"[""dance pop"",""pop""]"
2021,11,1,165,null,Bryson Tiller,"[""kentucky hip hop"",""r&b"",""rap""]"
2021,11,1,166,null,Mac DeMarco,"[""edmonton indie"",""lo-fi indie"",""pov: indie""]"
2021,11,1,167,null,AJR,"[""pov: indie""]"
2021,11,1,168,null,Maluma,"[""latin pop"",""reggaeton"",""reggaeton colombiano"",""trap latino"",""urbano latino""]"
2021,11,1,169,null,6LACK,"[""atl hip hop"",""melodic rap"",""r&b"",""rap"",""trap""]"
2021,11,1,170,null,Thomas Rhett,"[""contemporary country"",""country"",""country road"",""modern country rock""]"
2021,11,1,171,null,Bo Burnham,"[""comic"",""pov: indie""]"
2021,11,1,172,null,USHER,"[""atl hip hop"",""contemporary r&b"",""dance pop"",""pop"",""r&b"",""rap"",""south carolina hip hop"",""urban contemporary""]"
2021,11,1,173,null,Lorde,"[""art pop"",""metropopolis"",""nz pop"",""pop""]"
2021,11,1,174,null,Calvin Harris,"[""dance pop"",""edm"",""electro house"",""house"",""pop"",""pop dance"",""progressive house"",""uk dance""]"
2021,11,1,175,null,DJ Khaled,"[""hip hop"",""miami hip hop"",""pop rap"",""rap""]"
2021,11,1,176,null,2Pac,"[""g funk"",""gangster rap"",""hip hop"",""rap"",""west coast rap""]"
2021,11,1,177,null,Kacey Musgraves,"[""classic texas country"",""contemporary country"",""country dawn""]"
2021,11,1,178,null,The Rolling Stones,"[""album rock"",""british invasion"",""classic rock"",""rock""]"
2021,11,1,179,null,Dan + Shay,"[""contemporary country"",""country"",""country road""]"
2021,11,1,180,null,Diplo,"[""dance pop"",""edm"",""electro house"",""moombahton"",""pop dance""]"
2021,11,1,181,null,Daniel Caesar,"[""canadian contemporary r&b""]"
2021,11,1,182,null,Demi Lovato,"[""pop"",""post-teen pop""]"
2021,11,1,183,null,Kehlani,"[""pop"",""r&b"",""rap""]"
2021,11,1,184,null,NLE Choppa,"[""memphis hip hop"",""rap""]"
2021,11,1,185,null,$NOT,"[""aesthetic rap"",""cloud rap"",""florida rap"",""underground hip hop""]"
2021,11,1,186,null,Junior H,"[""corrido"",""corridos tumbados"",""musica mexicana"",""sad sierreno"",""sierreno""]"
2021,11,1,187,null,Tainy,"[""pop reggaeton"",""reggaeton"",""trap latino"",""urbano latino""]"
2021,11,1,188,null,H.E.R.,"[""r&b"",""rap""]"
2021,11,1,189,null,Rex Orange County,"[""bedroom pop""]"
2021,11,1,190,null,Slipknot,"[""alternative metal"",""nu metal"",""rap metal"",""rock""]"
2021,11,1,191,null,Cavetown,"[""bedroom pop"",""indie pop"",""pov: indie""]"
2021,11,1,192,null,The Lumineers,"[""folk-pop"",""modern rock"",""stomp and holler""]"
2021,11,1,193,null,George Strait,"[""contemporary country"",""country"",""country road""]"
2021,11,1,194,null,Led Zeppelin,"[""album rock"",""classic rock"",""hard rock"",""rock""]"
2021,11,1,195,null,Lil Yachty,"[""atl hip hop"",""melodic rap"",""rap"",""trap""]"
2021,11,1,196,null,Steve Lacy,"[""afrofuturism""]"
2021,11,1,197,null,The Chainsmokers,"[""pop""]"
2021,11,1,198,null,Sech,"[""panamanian pop"",""reggaeton"",""trap latino"",""urbano latino""]"
2021,11,1,199,null,Swae Lee,"[""dfw rap"",""melodic rap"",""pop"",""rap""]"
2021,11,1,200,null,Phoebe Bridgers,"[""indie pop"",""la indie"",""pov: indie""]"
2021,12,1,1,null,Taylor Swift,"[""pop""]"
2021,12,1,2,null,Drake,"[""canadian hip hop"",""canadian pop"",""hip hop"",""pop rap"",""rap""]"
2021,12,1,3,null,Juice WRLD,"[""chicago rap"",""melodic rap"",""rap""]"
2021,12,1,4,null,Kanye West,"[""chicago rap"",""hip hop"",""rap""]"
2021,12,1,5,null,Adele,"[""british soul"",""pop"",""pop soul"",""uk pop""]"
2021,12,1,6,null,The Weeknd,"[""canadian contemporary r&b"",""canadian pop"",""pop""]"
2021,12,1,7,null,Doja Cat,"[""dance pop"",""pop""]"
2021,12,1,8,null,Polo G,"[""chicago rap"",""rap""]"
2021,12,1,9,null,Bad Bunny,"[""reggaeton"",""trap latino"",""urbano latino""]"
2021,12,1,10,null,Ariana Grande,"[""pop""]"
2021,12,1,11,null,Justin Bieber,"[""canadian pop"",""pop""]"
2021,12,1,12,null,Lil Baby,"[""atl hip hop"",""atl trap"",""rap"",""trap""]"
2021,12,1,13,null,Lil Uzi Vert,"[""hip hop"",""melodic rap"",""philly rap"",""rage rap"",""rap""]"
2021,12,1,14,null,J. Cole,"[""conscious hip hop"",""hip hop"",""north carolina hip hop"",""rap""]"
2021,12,1,15,null,Morgan Wallen,"[""contemporary country""]"
2021,12,1,16,null,YoungBoy Never Broke Again,"[""baton rouge rap"",""rap""]"
2021,12,1,17,null,Travis Scott,"[""hip hop"",""rap"",""slap house""]"
2021,12,1,18,null,Post Malone,"[""dfw rap"",""melodic rap"",""pop"",""rap""]"
2021,12,1,19,null,Bruno Mars,"[""dance pop"",""pop""]"
2021,12,1,20,null,$uicideboy$,"[""cloud rap"",""dark trap"",""new orleans rap"",""underground hip hop""]"
2021,12,1,21,null,Future,"[""atl hip hop"",""hip hop"",""rap"",""southern hip hop"",""trap""]"
2021,12,1,22,null,Playboi Carti,"[""atl hip hop"",""plugg"",""pluggnb"",""rage rap"",""rap""]"
2021,12,1,23,null,Billie Eilish,"[""indie hip hop""]"
2021,12,1,24,null,BTS,"[""k-pop"",""k-pop boy group"",""pop""]"
2021,12,1,25,null,XXXTENTACION,"[""emo rap"",""miami hip hop""]"
2021,12,1,26,null,21 Savage,"[""atl hip hop"",""hip hop"",""rap""]"
2021,12,1,27,null,Eminem,"[""detroit hip hop"",""hip hop"",""rap""]"
2021,12,1,28,null,Kendrick Lamar,"[""conscious hip hop"",""hip hop"",""rap"",""west coast rap""]"
2021,12,1,29,null,Ed Sheeran,"[""pop"",""singer-songwriter pop"",""uk pop""]"
2021,12,1,30,null,Lil Durk,"[""chicago drill"",""chicago rap"",""drill"",""hip hop"",""rap"",""trap""]"
2021,12,1,31,null,"Tyler, The Creator","[""hip hop"",""rap""]"
2021,12,1,32,null,Mac Miller,"[""hip hop"",""pittsburgh rap"",""pop rap"",""rap""]"
2021,12,1,33,null,Trippie Redd,"[""melodic rap"",""rap"",""trap""]"
2021,12,1,34,null,Olivia Rodrigo,"[""pop""]"
2021,12,1,35,null,The Beatles,"[""british invasion"",""classic rock"",""merseybeat"",""psychedelic rock"",""rock""]"
2021,12,1,36,null,Young Thug,"[""atl hip hop"",""atl trap"",""gangster rap"",""melodic rap"",""rap"",""trap""]"
2021,12,1,37,null,Bing Crosby,"[""adult standards"",""easy listening"",""lounge""]"
2021,12,1,38,null,Michael Bublé,"[""adult standards"",""canadian pop"",""jazz pop"",""lounge""]"
2021,12,1,39,null,Lil Nas X,"[""lgbtq+ hip hop""]"
2021,12,1,40,null,Pentatonix,"[""a cappella"",""viral pop""]"
2021,12,1,41,null,DaBaby,"[""hip hop"",""north carolina hip hop"",""pop rap"",""rap"",""trap""]"
2021,12,1,42,null,The Kid LAROI,"[""australian hip hop""]"
2021,12,1,43,null,Pop Smoke,"[""brooklyn drill"",""rap""]"
2021,12,1,44,null,Gunna,"[""atl hip hop"",""melodic rap"",""rap"",""trap""]"
2021,12,1,45,null,Luke Combs,"[""contemporary country"",""country""]"
2021,12,1,46,null,Jack Harlow,"[""deep underground hip hop"",""kentucky hip hop"",""pop rap"",""rap""]"
2021,12,1,47,null,Lil Wayne,"[""hip hop"",""new orleans rap"",""pop rap"",""rap"",""trap""]"
2021,12,1,48,null,Frank Sinatra,"[""adult standards"",""easy listening"",""lounge""]"
2021,12,1,49,null,Anderson .Paak,"[""escape room"",""hip hop"",""indie soul"",""neo soul""]"
2021,12,1,50,null,SZA,"[""pop"",""r&b"",""rap""]"
2021,12,1,51,null,Anuel AA,"[""reggaeton"",""reggaeton flow"",""trap boricua"",""trap latino"",""urbano latino""]"
2021,12,1,52,null,Young Dolph,"[""memphis hip hop"",""rap"",""southern hip hop"",""tennessee hip hop"",""trap""]"
2021,12,1,53,null,Khalid,"[""pop"",""pop r&b""]"
2021,12,1,54,null,Rod Wave,"[""florida rap""]"
2021,12,1,55,null,Megan Thee Stallion,"[""houston rap"",""pop"",""r&b"",""rap"",""trap queen""]"
2021,12,1,56,null,Summer Walker,"[""r&b"",""rap""]"
2021,12,1,57,null,J Balvin,"[""reggaeton"",""reggaeton colombiano"",""trap latino"",""urbano latino""]"
2021,12,1,58,null,Lil Peep,"[""cloud rap"",""emo rap"",""lgbtq+ hip hop""]"
2021,12,1,59,null,Mariah Carey,"[""dance pop"",""pop"",""urban contemporary""]"
2021,12,1,60,null,Dua Lipa,"[""dance pop"",""pop"",""uk pop""]"
2021,12,1,61,null,Kid Cudi,"[""hip hop"",""ohio hip hop"",""pop rap"",""rap""]"
2021,12,1,62,null,Imagine Dragons,"[""modern rock"",""pop"",""rock""]"
2021,12,1,63,null,Baby Keem,"[""hip hop"",""rap""]"
2021,12,1,64,null,Kodak Black,"[""florida drill"",""florida rap"",""melodic rap"",""miami hip hop"",""rap"",""trap"",""trap latino""]"
2021,12,1,65,null,Rihanna,"[""barbadian pop"",""pop"",""urban contemporary""]"
2021,12,1,66,null,Machine Gun Kelly,"[""ohio hip hop"",""pop rap""]"
2021,12,1,67,null,Silk Sonic,"[""dance pop"",""pop""]"
2021,12,1,68,null,Harry Styles,"[""pop""]"
2021,12,1,69,null,Chris Brown,"[""r&b"",""rap""]"
2021,12,1,70,null,Lil Tjay,"[""brooklyn drill"",""melodic rap"",""nyc rap"",""rap""]"
2021,12,1,71,null,Nicki Minaj,"[""hip pop"",""pop"",""queens hip hop"",""rap""]"
2021,12,1,72,null,Coldplay,"[""permanent wave"",""pop""]"
2021,12,1,73,null,Halsey,"[""electropop"",""etherpop"",""indie poptimism"",""pop""]"
2021,12,1,74,null,Frank Ocean,"[""lgbtq+ hip hop"",""neo soul""]"
2021,12,1,75,null,NF,"[""hip hop"",""pop rap""]"
2021,12,1,76,null,Lin-Manuel Miranda,"[""broadway"",""show tunes""]"
2021,12,1,77,null,Nat King Cole,"[""adult standards"",""lounge"",""soul"",""swing"",""vocal jazz""]"
2021,12,1,78,null,A Boogie Wit da Hoodie,"[""melodic rap"",""rap"",""trap""]"
2021,12,1,79,null,Glass Animals,"[""gauze pop"",""indietronica"",""modern rock"",""pov: indie"",""shiver pop""]"
2021,12,1,80,null,The Neighbourhood,"[""modern alternative rock"",""modern rock"",""pop"",""pov: indie""]"
2021,12,1,81,null,Rauw Alejandro,"[""puerto rican pop"",""reggaeton"",""trap latino"",""urbano latino""]"
2021,12,1,82,null,Lil Tecca,"[""melodic rap"",""pluggnb"",""rap""]"
2021,12,1,83,null,Metro Boomin,"[""rap""]"
2021,12,1,84,null,Key Glock,"[""memphis hip hop"",""rap"",""southern hip hop"",""tennessee hip hop"",""trap""]"
2021,12,1,85,null,blackbear,"[""pop""]"
2021,12,1,86,null,Marshmello,"[""brostep"",""edm"",""pop"",""progressive electro house""]"
2021,12,1,87,null,Chris Stapleton,"[""contemporary country"",""outlaw country""]"
2021,12,1,88,null,Lana Del Rey,"[""art pop"",""pop""]"
2021,12,1,89,null,A$AP Rocky,"[""east coast hip hop"",""hip hop"",""rap"",""trap""]"
2021,12,1,90,null,Elton John,"[""glam rock"",""mellow gold"",""piano rock"",""rock""]"
2021,12,1,91,null,Don Toliver,"[""pop rap"",""rap"",""trap""]"
2021,12,1,92,null,Maroon 5,"[""pop""]"
2021,12,1,93,null,Moneybagg Yo,"[""memphis hip hop"",""rap"",""southern hip hop"",""tennessee hip hop"",""trap""]"
2021,12,1,94,null,Joji,"[""viral pop""]"
2021,12,1,95,null,One Direction,"[""boy band"",""pop"",""post-teen pop"",""talent show""]"
2021,12,1,96,null,Kali Uchis,"[""colombian pop""]"
2021,12,1,97,null,Cardi B,"[""pop"",""rap""]"
2021,12,1,98,null,Twenty One Pilots,"[""modern rock"",""pop"",""pov: indie"",""rock""]"
2021,12,1,99,null,Eslabon Armado,"[""corrido"",""corridos tumbados"",""sad sierreno"",""sierreno""]"
2021,12,1,100,null,Ozuna,"[""puerto rican pop"",""reggaeton"",""trap latino"",""urbano latino""]"
2021,12,1,101,null,Jason Aldean,"[""contemporary country"",""country"",""country road"",""modern country rock""]"
2021,12,1,102,null,Mitski,"[""brooklyn indie"",""pov: indie""]"
2021,12,1,103,null,Kelly Clarkson,"[""dance pop"",""pop"",""talent show""]"
2021,12,1,104,null,Meek Mill,"[""hip hop"",""philly rap"",""pop rap"",""rap"",""southern hip hop"",""trap""]"
2021,12,1,105,null,Roddy Ricch,"[""melodic rap"",""rap"",""trap""]"
2021,12,1,106,null,Sleepy Hallow,"[""brooklyn drill"",""nyc rap""]"
2021,12,1,107,null,Ty Dolla $ign,"[""hip hop"",""pittsburgh rap"",""pop rap"",""rap"",""southern hip hop"",""trap""]"
2021,12,1,108,null,JAY-Z,"[""east coast hip hop"",""gangster rap"",""hip hop"",""pop rap"",""rap""]"
2021,12,1,109,null,Lady Gaga,"[""corridos tumbados"",""sad sierreno""]"
2021,12,1,110,null,Bryson Tiller,"[""kentucky hip hop"",""r&b"",""rap""]"
2021,12,1,111,null,Andy Williams,"[""adult standards"",""easy listening""]"
2021,12,1,112,null,Giveon,"[""r&b""]"
2021,12,1,113,null,Brent Faiyaz,"[""r&b"",""rap""]"
2021,12,1,114,null,Kevin Gates,"[""baton rouge rap"",""rap"",""southern hip hop"",""trap""]"
2021,12,1,115,null,WILLOW,"[""afrofuturism"",""pop"",""post-teen pop"",""pov: indie""]"
2021,12,1,116,null,Grupo Firme,"[""musica mexicana"",""norteno"",""sierreno""]"
2021,12,1,117,null,Katy Perry,"[""pop""]"
2021,12,1,118,null,Beyoncé,"[""pop"",""r&b""]"
2021,12,1,119,null,NLE Choppa,"[""memphis hip hop"",""rap""]"
2021,12,1,120,null,Migos,"[""atl hip hop"",""hip hop"",""pop rap"",""rap"",""trap""]"
2021,12,1,121,null,Melanie Martinez,"[""alt z"",""electropop"",""pop""]"
2021,12,1,122,null,Queen,"[""k-pop girl group""]"
2021,12,1,123,null,Dean Martin,"[""adult standards"",""easy listening"",""lounge"",""vocal jazz""]"
2021,12,1,124,null,Arctic Monkeys,"[""garage rock"",""modern rock"",""permanent wave"",""rock"",""sheffield indie""]"
2021,12,1,125,null,Panic! At The Disco,"[""modern rock"",""pop""]"
2021,12,1,126,null,Elvis Presley,"[""rock-and-roll"",""rockabilly""]"
2021,12,1,127,null,Miley Cyrus,"[""pop""]"
2021,12,1,128,null,Farruko,"[""reggaeton"",""trap latino"",""urbano latino""]"
2021,12,1,129,null,Shawn Mendes,"[""canadian pop"",""pop"",""viral pop""]"
2021,12,1,130,null,Big Sean,"[""detroit hip hop"",""hip hop"",""pop rap"",""r&b"",""rap"",""trap""]"
2021,12,1,131,null,Vince Guaraldi Trio,"[""jazz trio""]"
2021,12,1,132,null,Linkin Park,"[""alternative metal"",""nu metal"",""post-grunge"",""rap metal"",""rock""]"
2021,12,1,133,null,Sam Smith,"[""pop"",""uk pop""]"
2021,12,1,134,null,Arcane,"[""dutch pop""]"
2021,12,1,135,null,Jhayco,"[""reggaeton"",""trap latino"",""urbano latino""]"
2021,12,1,136,null,Russ,[]
2021,12,1,137,null,Ski Mask The Slump God,"[""hip hop"",""miami hip hop"",""pop rap"",""rap"",""trap""]"
2021,12,1,138,null,iann dior,"[""melodic rap""]"
2021,12,1,139,null,Sia,"[""australian dance"",""australian pop"",""pop""]"
2021,12,1,140,null,Kane Brown,"[""black americana"",""contemporary country"",""country"",""country road""]"
2021,12,1,141,null,KAROL G,"[""reggaeton"",""reggaeton colombiano"",""trap latino"",""urbano latino""]"
2021,12,1,142,null,Fall Out Boy,"[""emo"",""modern rock"",""pop"",""rock""]"
2021,12,1,143,null,Nirvana,"[""grunge"",""permanent wave"",""rock""]"
2021,12,1,144,null,Wiz Khalifa,"[""hip hop"",""pittsburgh rap"",""pop rap"",""rap"",""southern hip hop"",""trap""]"
2021,12,1,145,null,Logic,"[""conscious hip hop"",""hip hop"",""pop rap"",""rap""]"
2021,12,1,146,null,G Herbo,"[""chicago drill"",""chicago rap"",""drill"",""trap""]"
2021,12,1,147,null,Myke Towers,"[""reggaeton"",""trap latino"",""urbano latino""]"
2021,12,1,148,null,King Von,"[""chicago rap""]"
2021,12,1,149,null,Tyler Childers,"[""kentucky indie"",""kentucky roots"",""outlaw country""]"
2021,12,1,150,null,Florida Georgia Line,"[""contemporary country"",""country"",""country pop"",""country road"",""modern country rock""]"
2021,12,1,151,null,Childish Gambino,"[""atl hip hop"",""hip hop"",""rap""]"
2021,12,1,152,null,Hozier,"[""irish singer-songwriter"",""modern rock"",""pov: indie""]"
2021,12,1,153,null,League of Legends,"[""speedrun"",""video game music""]"
2021,12,1,154,null,Fleetwood Mac,"[""album rock"",""classic rock"",""rock"",""soft rock"",""yacht rock""]"
2021,12,1,155,null,YNW Melly,"[""melodic rap"",""rap""]"
2021,12,1,156,null,Tory Lanez,"[""canadian hip hop"",""canadian trap"",""melodic rap"",""pop rap"",""r&b"",""rap"",""trap""]"
2021,12,1,157,null,Perry Como,"[""adult standards"",""easy listening"",""lounge""]"
2021,12,1,158,null,Mac DeMarco,"[""edmonton indie"",""lo-fi indie"",""pov: indie""]"
2021,12,1,159,null,Cody Johnson,"[""classic texas country"",""contemporary country""]"
2021,12,1,160,null,Daddy Yankee,"[""latin hip hop"",""reggaeton"",""trap latino"",""urbano latino""]"
2021,12,1,161,null,$NOT,"[""aesthetic rap"",""cloud rap"",""florida rap"",""underground hip hop""]"
2021,12,1,162,null,Metallica,"[""hard rock"",""metal"",""old school thrash"",""rock"",""thrash metal""]"
2021,12,1,163,null,Tame Impala,"[""australian psych"",""modern rock"",""neo-psychedelic"",""rock""]"
2021,12,1,164,null,Red Hot Chili Peppers,"[""alternative rock"",""funk metal"",""funk rock"",""permanent wave"",""rock""]"
2021,12,1,165,null,The Lumineers,"[""folk-pop"",""modern rock"",""stomp and holler""]"
2021,12,1,166,null,DJ Khaled,"[""hip hop"",""miami hip hop"",""pop rap"",""rap""]"
2021,12,1,167,null,Gorillaz,"[""alternative hip hop"",""modern rock"",""rock""]"
2021,12,1,168,null,Lil Yachty,"[""atl hip hop"",""melodic rap"",""rap"",""trap""]"
2021,12,1,169,null,Kacey Musgraves,"[""classic texas country"",""contemporary country"",""country dawn""]"
2021,12,1,170,null,Green Day,"[""modern rock"",""permanent wave"",""punk"",""rock""]"
2021,12,1,171,null,Jhené Aiko,"[""r&b""]"
2021,12,1,172,null,Michael Jackson,"[""r&b"",""soul""]"
2021,12,1,173,null,Thomas Rhett,"[""contemporary country"",""country"",""country road"",""modern country rock""]"
2021,12,1,174,null,Dan + Shay,"[""contemporary country"",""country"",""country road""]"
2021,12,1,175,null,Gucci Mane,"[""atl hip hop"",""dirty south rap"",""hip hop"",""pop rap"",""rap"",""southern hip hop"",""trap""]"
2021,12,1,176,null,6LACK,"[""atl hip hop"",""melodic rap"",""r&b"",""rap"",""trap""]"
2021,12,1,177,null,GAYLE,"[""modern alternative pop""]"
2021,12,1,178,null,Daniel Caesar,"[""canadian contemporary r&b""]"
2021,12,1,179,null,David Guetta,"[""big room"",""dance pop"",""edm"",""pop"",""pop dance""]"
2021,12,1,180,null,My Chemical Romance,"[""emo"",""modern rock"",""pop punk"",""pov: indie"",""rock""]"
2021,12,1,181,null,AJR,"[""pov: indie""]"
2021,12,1,182,null,Clairo,"[""bedroom pop"",""indie pop"",""pov: indie""]"
2021,12,1,183,null,John Legend,"[""neo soul"",""pop"",""pop soul"",""urban contemporary""]"
2021,12,1,184,null,TWICE,"[""k-pop"",""k-pop girl group"",""pop""]"
2021,12,1,185,null,Paramore,"[""candy pop"",""modern rock"",""pixie"",""pop"",""pop emo"",""pop punk"",""rock""]"
2021,12,1,186,null,2Pac,"[""g funk"",""gangster rap"",""hip hop"",""rap"",""west coast rap""]"
2021,12,1,187,null,Conan Gray,"[""bedroom pop"",""pop"",""pov: indie""]"
2021,12,1,188,null,Tate McRae,"[""alt z"",""pop""]"
2021,12,1,189,null,Luke Bryan,"[""contemporary country"",""country"",""country road"",""modern country rock""]"
2021,12,1,190,null,Tyga,"[""hip hop"",""pop rap"",""rap"",""trap""]"
2021,12,1,191,null,Maluma,"[""latin pop"",""reggaeton"",""reggaeton colombiano"",""trap latino"",""urbano latino""]"
2021,12,1,192,null,Cavetown,"[""bedroom pop"",""indie pop"",""pov: indie""]"
2021,12,1,193,null,Bo Burnham,"[""comic"",""pov: indie""]"
2021,12,1,194,null,Steve Lacy,"[""afrofuturism""]"
2021,12,1,195,null,Carrie Underwood,"[""classic oklahoma country"",""contemporary country"",""country"",""country dawn"",""country road"",""dance pop"",""pop""]"
2021,12,1,196,null,Phoebe Bridgers,"[""indie pop"",""la indie"",""pov: indie""]"
2021,12,1,197,null,Diplo,"[""dance pop"",""edm"",""electro house"",""moombahton"",""pop dance""]"
2021,12,1,198,null,AC/DC,"[""australian rock"",""hard rock"",""rock""]"
2021,12,1,199,null,Burl Ives,"[""adult standards"",""american folk revival"",""lounge""]"
2021,12,1,200,null,Kehlani,"[""pop"",""r&b"",""rap""]"
2022,1,1,1,null,Taylor Swift,"[""pop""]"
2022,1,1,2,null,Drake,"[""canadian hip hop"",""canadian pop"",""hip hop"",""pop rap"",""rap""]"
2022,1,1,3,null,Juice WRLD,"[""chicago rap"",""melodic rap"",""rap""]"
2022,1,1,4,null,Kanye West,"[""chicago rap"",""hip hop"",""rap""]"
2022,1,1,5,null,The Weeknd,"[""canadian contemporary r&b"",""canadian pop"",""pop""]"
2022,1,1,6,null,Lin-Manuel Miranda,"[""broadway"",""show tunes""]"
2022,1,1,7,null,Polo G,"[""chicago rap"",""rap""]"
2022,1,1,8,null,Doja Cat,"[""dance pop"",""pop""]"
2022,1,1,9,null,Bad Bunny,"[""reggaeton"",""trap latino"",""urbano latino""]"
2022,1,1,10,null,Morgan Wallen,"[""contemporary country""]"
2022,1,1,11,null,Lil Baby,"[""atl hip hop"",""atl trap"",""rap"",""trap""]"
2022,1,1,12,null,YoungBoy Never Broke Again,"[""baton rouge rap"",""rap""]"
2022,1,1,13,null,Justin Bieber,"[""canadian pop"",""pop""]"
2022,1,1,14,null,J. Cole,"[""conscious hip hop"",""hip hop"",""north carolina hip hop"",""rap""]"
2022,1,1,15,null,Lil Uzi Vert,"[""hip hop"",""melodic rap"",""philly rap"",""rage rap"",""rap""]"
2022,1,1,16,null,Post Malone,"[""dfw rap"",""melodic rap"",""pop"",""rap""]"
2022,1,1,17,null,Ariana Grande,"[""pop""]"
2022,1,1,18,null,Playboi Carti,"[""atl hip hop"",""plugg"",""pluggnb"",""rage rap"",""rap""]"
2022,1,1,19,null,Eminem,"[""detroit hip hop"",""hip hop"",""rap""]"
2022,1,1,20,null,XXXTENTACION,"[""emo rap"",""miami hip hop""]"
2022,1,1,21,null,Travis Scott,"[""hip hop"",""rap"",""slap house""]"
2022,1,1,22,null,Lil Durk,"[""chicago drill"",""chicago rap"",""drill"",""hip hop"",""rap"",""trap""]"
2022,1,1,23,null,Billie Eilish,"[""indie hip hop""]"
2022,1,1,24,null,Future,"[""atl hip hop"",""hip hop"",""rap"",""southern hip hop"",""trap""]"
2022,1,1,25,null,"Tyler, The Creator","[""hip hop"",""rap""]"
2022,1,1,26,null,$uicideboy$,"[""cloud rap"",""dark trap"",""new orleans rap"",""underground hip hop""]"
2022,1,1,27,null,Trippie Redd,"[""melodic rap"",""rap"",""trap""]"
2022,1,1,28,null,Kendrick Lamar,"[""conscious hip hop"",""hip hop"",""rap"",""west coast rap""]"
2022,1,1,29,null,Adele,"[""british soul"",""pop"",""pop soul"",""uk pop""]"
2022,1,1,30,null,Mac Miller,"[""hip hop"",""pittsburgh rap"",""pop rap"",""rap""]"
2022,1,1,31,null,BTS,"[""k-pop"",""k-pop boy group"",""pop""]"
2022,1,1,32,null,21 Savage,"[""atl hip hop"",""hip hop"",""rap""]"
2022,1,1,33,null,Ed Sheeran,"[""pop"",""singer-songwriter pop"",""uk pop""]"
2022,1,1,34,null,Bruno Mars,"[""dance pop"",""pop""]"
2022,1,1,35,null,Olivia Rodrigo,"[""pop""]"
2022,1,1,36,null,SZA,"[""pop"",""r&b"",""rap""]"
2022,1,1,37,null,Kodak Black,"[""florida drill"",""florida rap"",""melodic rap"",""miami hip hop"",""rap"",""trap"",""trap latino""]"
2022,1,1,38,null,Gunna,"[""atl hip hop"",""melodic rap"",""rap"",""trap""]"
2022,1,1,39,null,Young Thug,"[""atl hip hop"",""atl trap"",""gangster rap"",""melodic rap"",""rap"",""trap""]"
2022,1,1,40,null,DaBaby,"[""hip hop"",""north carolina hip hop"",""pop rap"",""rap"",""trap""]"
2022,1,1,41,null,The Kid LAROI,"[""australian hip hop""]"
2022,1,1,42,null,Khalid,"[""pop"",""pop r&b""]"
2022,1,1,43,null,Pop Smoke,"[""brooklyn drill"",""rap""]"
2022,1,1,44,null,The Beatles,"[""british invasion"",""classic rock"",""merseybeat"",""psychedelic rock"",""rock""]"
2022,1,1,45,null,Lil Wayne,"[""hip hop"",""new orleans rap"",""pop rap"",""rap"",""trap""]"
2022,1,1,46,null,Kid Cudi,"[""hip hop"",""ohio hip hop"",""pop rap"",""rap""]"
2022,1,1,47,null,Lil Nas X,"[""lgbtq+ hip hop""]"
2022,1,1,48,null,Dua Lipa,"[""dance pop"",""pop"",""uk pop""]"
2022,1,1,49,null,Roddy Ricch,"[""melodic rap"",""rap"",""trap""]"
2022,1,1,50,null,Lil Peep,"[""cloud rap"",""emo rap"",""lgbtq+ hip hop""]"
2022,1,1,51,null,Jack Harlow,"[""deep underground hip hop"",""kentucky hip hop"",""pop rap"",""rap""]"
2022,1,1,52,null,Imagine Dragons,"[""modern rock"",""pop"",""rock""]"
2022,1,1,53,null,A Boogie Wit da Hoodie,"[""melodic rap"",""rap"",""trap""]"
2022,1,1,54,null,Rod Wave,"[""florida rap""]"
2022,1,1,55,null,Rihanna,"[""barbadian pop"",""pop"",""urban contemporary""]"
2022,1,1,56,null,Luke Combs,"[""contemporary country"",""country""]"
2022,1,1,57,null,Stephanie Beatriz,"[""hollywood"",""movie tunes""]"
2022,1,1,58,null,J Balvin,"[""reggaeton"",""reggaeton colombiano"",""trap latino"",""urbano latino""]"
2022,1,1,59,null,The Neighbourhood,"[""modern alternative rock"",""modern rock"",""pop"",""pov: indie""]"
2022,1,1,60,null,Megan Thee Stallion,"[""houston rap"",""pop"",""r&b"",""rap"",""trap queen""]"
2022,1,1,61,null,Nicki Minaj,"[""hip pop"",""pop"",""queens hip hop"",""rap""]"
2022,1,1,62,null,Halsey,"[""electropop"",""etherpop"",""indie poptimism"",""pop""]"
2022,1,1,63,null,Frank Ocean,"[""lgbtq+ hip hop"",""neo soul""]"
2022,1,1,64,null,Lil Tjay,"[""brooklyn drill"",""melodic rap"",""nyc rap"",""rap""]"
2022,1,1,65,null,Coldplay,"[""permanent wave"",""pop""]"
2022,1,1,66,null,Chris Brown,"[""r&b"",""rap""]"
2022,1,1,67,null,NF,"[""hip hop"",""pop rap""]"
2022,1,1,68,null,Machine Gun Kelly,"[""ohio hip hop"",""pop rap""]"
2022,1,1,69,null,Baby Keem,"[""hip hop"",""rap""]"
2022,1,1,70,null,Glass Animals,"[""gauze pop"",""indietronica"",""modern rock"",""pov: indie"",""shiver pop""]"
2022,1,1,71,null,Summer Walker,"[""r&b"",""rap""]"
2022,1,1,72,null,Rauw Alejandro,"[""puerto rican pop"",""reggaeton"",""trap latino"",""urbano latino""]"
2022,1,1,73,null,Young Dolph,"[""memphis hip hop"",""rap"",""southern hip hop"",""tennessee hip hop"",""trap""]"
2022,1,1,74,null,Marshmello,"[""brostep"",""edm"",""pop"",""progressive electro house""]"
2022,1,1,75,null,Metro Boomin,"[""rap""]"
2022,1,1,76,null,Lana Del Rey,"[""art pop"",""pop""]"
2022,1,1,77,null,Katy Perry,"[""pop""]"
2022,1,1,78,null,Harry Styles,"[""pop""]"
2022,1,1,79,null,Maroon 5,"[""pop""]"
2022,1,1,80,null,Mitski,"[""brooklyn indie"",""pov: indie""]"
2022,1,1,81,null,Anderson .Paak,"[""escape room"",""hip hop"",""indie soul"",""neo soul""]"
2022,1,1,82,null,Moneybagg Yo,"[""memphis hip hop"",""rap"",""southern hip hop"",""tennessee hip hop"",""trap""]"
2022,1,1,83,null,Elton John,"[""glam rock"",""mellow gold"",""piano rock"",""rock""]"
2022,1,1,84,null,Anuel AA,"[""reggaeton"",""reggaeton flow"",""trap boricua"",""trap latino"",""urbano latino""]"
2022,1,1,85,null,blackbear,"[""pop""]"
2022,1,1,86,null,Cardi B,"[""pop"",""rap""]"
2022,1,1,87,null,A$AP Rocky,"[""east coast hip hop"",""hip hop"",""rap"",""trap""]"
2022,1,1,88,null,One Direction,"[""boy band"",""pop"",""post-teen pop"",""talent show""]"
2022,1,1,89,null,Encanto - Cast,"[""movie tunes""]"
2022,1,1,90,null,Lil Tecca,"[""melodic rap"",""pluggnb"",""rap""]"
2022,1,1,91,null,Joji,"[""viral pop""]"
2022,1,1,92,null,Chris Stapleton,"[""contemporary country"",""outlaw country""]"
2022,1,1,93,null,JAY-Z,"[""east coast hip hop"",""gangster rap"",""hip hop"",""pop rap"",""rap""]"
2022,1,1,94,null,Beyoncé,"[""pop"",""r&b""]"
2022,1,1,95,null,Brent Faiyaz,"[""r&b"",""rap""]"
2022,1,1,96,null,Melanie Martinez,"[""alt z"",""electropop"",""pop""]"
2022,1,1,97,null,Ski Mask The Slump God,"[""hip hop"",""miami hip hop"",""pop rap"",""rap"",""trap""]"
2022,1,1,98,null,Sleepy Hallow,"[""brooklyn drill"",""nyc rap""]"
2022,1,1,99,null,Lady Gaga,"[""corridos tumbados"",""sad sierreno""]"
2022,1,1,100,null,Don Toliver,"[""pop rap"",""rap"",""trap""]"
2022,1,1,101,null,Shawn Mendes,"[""canadian pop"",""pop"",""viral pop""]"
2022,1,1,102,null,Tory Lanez,"[""canadian hip hop"",""canadian trap"",""melodic rap"",""pop rap"",""r&b"",""rap"",""trap""]"
2022,1,1,103,null,NLE Choppa,"[""memphis hip hop"",""rap""]"
2022,1,1,104,null,Giveon,"[""r&b""]"
2022,1,1,105,null,Migos,"[""atl hip hop"",""hip hop"",""pop rap"",""rap"",""trap""]"
2022,1,1,106,null,Ty Dolla $ign,"[""hip hop"",""pittsburgh rap"",""pop rap"",""rap"",""southern hip hop"",""trap""]"
2022,1,1,107,null,Jason Aldean,"[""contemporary country"",""country"",""country road"",""modern country rock""]"
2022,1,1,108,null,Twenty One Pilots,"[""modern rock"",""pop"",""pov: indie"",""rock""]"
2022,1,1,109,null,Arctic Monkeys,"[""garage rock"",""modern rock"",""permanent wave"",""rock"",""sheffield indie""]"
2022,1,1,110,null,Kali Uchis,"[""colombian pop""]"
2022,1,1,111,null,Wiz Khalifa,"[""hip hop"",""pittsburgh rap"",""pop rap"",""rap"",""southern hip hop"",""trap""]"
2022,1,1,112,null,Miley Cyrus,"[""pop""]"
2022,1,1,113,null,Kevin Gates,"[""baton rouge rap"",""rap"",""southern hip hop"",""trap""]"
2022,1,1,114,null,Diane Guerrero,"[""movie tunes""]"
2022,1,1,115,null,Steve Lacy,"[""afrofuturism""]"
2022,1,1,116,null,Panic! At The Disco,"[""modern rock"",""pop""]"
2022,1,1,117,null,Big Sean,"[""detroit hip hop"",""hip hop"",""pop rap"",""r&b"",""rap"",""trap""]"
2022,1,1,118,null,Ozuna,"[""puerto rican pop"",""reggaeton"",""trap latino"",""urbano latino""]"
2022,1,1,119,null,Queen,"[""k-pop girl group""]"
2022,1,1,120,null,Key Glock,"[""memphis hip hop"",""rap"",""southern hip hop"",""tennessee hip hop"",""trap""]"
2022,1,1,121,null,Grupo Firme,"[""musica mexicana"",""norteno"",""sierreno""]"
2022,1,1,122,null,Eslabon Armado,"[""corrido"",""corridos tumbados"",""sad sierreno"",""sierreno""]"
2022,1,1,123,null,Farruko,"[""reggaeton"",""trap latino"",""urbano latino""]"
2022,1,1,124,null,Tyler Childers,"[""kentucky indie"",""kentucky roots"",""outlaw country""]"
2022,1,1,125,null,Linkin Park,"[""alternative metal"",""nu metal"",""post-grunge"",""rap metal"",""rock""]"
2022,1,1,126,null,Meek Mill,"[""hip hop"",""philly rap"",""pop rap"",""rap"",""southern hip hop"",""trap""]"
2022,1,1,127,null,Kane Brown,"[""black americana"",""contemporary country"",""country"",""country road""]"
2022,1,1,128,null,Childish Gambino,"[""atl hip hop"",""hip hop"",""rap""]"
2022,1,1,129,null,Fleetwood Mac,"[""album rock"",""classic rock"",""rock"",""soft rock"",""yacht rock""]"
2022,1,1,130,null,Fall Out Boy,"[""emo"",""modern rock"",""pop"",""rock""]"
2022,1,1,131,null,Silk Sonic,"[""dance pop"",""pop""]"
2022,1,1,132,null,Russ,[]
2022,1,1,133,null,Mac DeMarco,"[""edmonton indie"",""lo-fi indie"",""pov: indie""]"
2022,1,1,134,null,Adassa,"[""christian a cappella"",""college a cappella"",""lds"",""lds youth""]"
2022,1,1,135,null,Florida Georgia Line,"[""contemporary country"",""country"",""country pop"",""country road"",""modern country rock""]"
2022,1,1,136,null,Nirvana,"[""grunge"",""permanent wave"",""rock""]"
2022,1,1,137,null,WILLOW,"[""afrofuturism"",""pop"",""post-teen pop"",""pov: indie""]"
2022,1,1,138,null,Maluma,"[""latin pop"",""reggaeton"",""reggaeton colombiano"",""trap latino"",""urbano latino""]"
2022,1,1,139,null,King Von,"[""chicago rap""]"
2022,1,1,140,null,Jhayco,"[""reggaeton"",""trap latino"",""urbano latino""]"
2022,1,1,141,null,League of Legends,"[""speedrun"",""video game music""]"
2022,1,1,142,null,Logic,"[""conscious hip hop"",""hip hop"",""pop rap"",""rap""]"
2022,1,1,143,null,6LACK,"[""atl hip hop"",""melodic rap"",""r&b"",""rap"",""trap""]"
2022,1,1,144,null,YNW Melly,"[""melodic rap"",""rap""]"
2022,1,1,145,null,Arcane,"[""dutch pop""]"
2022,1,1,146,null,Tame Impala,"[""australian psych"",""modern rock"",""neo-psychedelic"",""rock""]"
2022,1,1,147,null,Bryson Tiller,"[""kentucky hip hop"",""r&b"",""rap""]"
2022,1,1,148,null,Daddy Yankee,"[""latin hip hop"",""reggaeton"",""trap latino"",""urbano latino""]"
2022,1,1,149,null,Michael Jackson,"[""r&b"",""soul""]"
2022,1,1,150,null,David Guetta,"[""big room"",""dance pop"",""edm"",""pop"",""pop dance""]"
2022,1,1,151,null,G Herbo,"[""chicago drill"",""chicago rap"",""drill"",""trap""]"
2022,1,1,152,null,Hozier,"[""irish singer-songwriter"",""modern rock"",""pov: indie""]"
2022,1,1,153,null,Red Hot Chili Peppers,"[""alternative rock"",""funk metal"",""funk rock"",""permanent wave"",""rock""]"
2022,1,1,154,null,Myke Towers,"[""reggaeton"",""trap latino"",""urbano latino""]"
2022,1,1,155,null,KAROL G,"[""reggaeton"",""reggaeton colombiano"",""trap latino"",""urbano latino""]"
2022,1,1,156,null,Jhené Aiko,"[""r&b""]"
2022,1,1,157,null,OneRepublic,"[""piano rock"",""pop""]"
2022,1,1,158,null,Thomas Rhett,"[""contemporary country"",""country"",""country road"",""modern country rock""]"
2022,1,1,159,null,Gucci Mane,"[""atl hip hop"",""dirty south rap"",""hip hop"",""pop rap"",""rap"",""southern hip hop"",""trap""]"
2022,1,1,160,null,Luke Bryan,"[""contemporary country"",""country"",""country road"",""modern country rock""]"
2022,1,1,161,null,The Lumineers,"[""folk-pop"",""modern rock"",""stomp and holler""]"
2022,1,1,162,null,Cody Johnson,"[""classic texas country"",""contemporary country""]"
2022,1,1,163,null,Clairo,"[""bedroom pop"",""indie pop"",""pov: indie""]"
2022,1,1,164,null,Sam Smith,"[""pop"",""uk pop""]"
2022,1,1,165,null,Pitbull,"[""dance pop"",""miami hip hop"",""pop""]"
2022,1,1,166,null,Metallica,"[""hard rock"",""metal"",""old school thrash"",""rock"",""thrash metal""]"
2022,1,1,167,null,AJR,"[""pov: indie""]"
2022,1,1,168,null,Chief Keef,"[""chicago bop"",""chicago drill"",""chicago rap"",""drill"",""hip hop"",""rap"",""southern hip hop"",""trap""]"
2022,1,1,169,null,Green Day,"[""modern rock"",""permanent wave"",""punk"",""rock""]"
2022,1,1,170,null,DJ Khaled,"[""hip hop"",""miami hip hop"",""pop rap"",""rap""]"
2022,1,1,171,null,Cavetown,"[""bedroom pop"",""indie pop"",""pov: indie""]"
2022,1,1,172,null,Gorillaz,"[""alternative hip hop"",""modern rock"",""rock""]"
2022,1,1,173,null,Carolina Gaitán - La Gaita,"[""movie tunes""]"
2022,1,1,174,null,Mauro Castillo,"[""movie tunes""]"
2022,1,1,175,null,Chase Atlantic,"[""alternative r&b""]"
2022,1,1,176,null,Paramore,"[""candy pop"",""modern rock"",""pixie"",""pop"",""pop emo"",""pop punk"",""rock""]"
2022,1,1,177,null,Daniel Caesar,"[""canadian contemporary r&b""]"
2022,1,1,178,null,AC/DC,"[""australian rock"",""hard rock"",""rock""]"
2022,1,1,179,null,2Pac,"[""g funk"",""gangster rap"",""hip hop"",""rap"",""west coast rap""]"
2022,1,1,180,null,JID,"[""hip hop"",""pop rap"",""rap"",""underground hip hop""]"
2022,1,1,181,null,Diplo,"[""dance pop"",""edm"",""electro house"",""moombahton"",""pop dance""]"
2022,1,1,182,null,USHER,"[""atl hip hop"",""contemporary r&b"",""dance pop"",""pop"",""r&b"",""rap"",""south carolina hip hop"",""urban contemporary""]"
2022,1,1,183,null,Lil Yachty,"[""atl hip hop"",""melodic rap"",""rap"",""trap""]"
2022,1,1,184,null,Calvin Harris,"[""dance pop"",""edm"",""electro house"",""house"",""pop"",""pop dance"",""progressive house"",""uk dance""]"
2022,1,1,185,null,Conan Gray,"[""bedroom pop"",""pop"",""pov: indie""]"
2022,1,1,186,null,My Chemical Romance,"[""emo"",""modern rock"",""pop punk"",""pov: indie"",""rock""]"
2022,1,1,187,null,John Mayer,"[""neo mellow"",""singer-songwriter""]"
2022,1,1,188,null,Swae Lee,"[""dfw rap"",""melodic rap"",""pop"",""rap""]"
2022,1,1,189,null,GAYLE,"[""modern alternative pop""]"
2022,1,1,190,null,Rex Orange County,"[""bedroom pop""]"
2022,1,1,191,null,Led Zeppelin,"[""album rock"",""classic rock"",""hard rock"",""rock""]"
2022,1,1,192,null,TWICE,"[""k-pop"",""k-pop girl group"",""pop""]"
2022,1,1,193,null,Tyga,"[""hip hop"",""pop rap"",""rap"",""trap""]"
2022,1,1,194,null,$NOT,"[""aesthetic rap"",""cloud rap"",""florida rap"",""underground hip hop""]"
2022,1,1,195,null,Tate McRae,"[""alt z"",""pop""]"
2022,1,1,196,null,Demi Lovato,"[""pop"",""post-teen pop""]"
2022,1,1,197,null,George Strait,"[""contemporary country"",""country"",""country road""]"
2022,1,1,198,null,Lorde,"[""art pop"",""metropopolis"",""nz pop"",""pop""]"
2022,1,1,199,null,Kehlani,"[""pop"",""r&b"",""rap""]"
2022,1,1,200,null,Tiësto,"[""big room"",""brostep"",""dutch edm"",""edm"",""house"",""pop dance"",""slap house"",""trance""]"
2022,2,1,1,null,Drake,"[""canadian hip hop"",""canadian pop"",""hip hop"",""pop rap"",""rap""]"
2022,2,1,2,null,Taylor Swift,"[""pop""]"
2022,2,1,3,null,Juice WRLD,"[""chicago rap"",""melodic rap"",""rap""]"
2022,2,1,4,null,The Weeknd,"[""canadian contemporary r&b"",""canadian pop"",""pop""]"
2022,2,1,5,null,Lin-Manuel Miranda,"[""broadway"",""show tunes""]"
2022,2,1,6,null,Kanye West,"[""chicago rap"",""hip hop"",""rap""]"
2022,2,1,7,null,Bad Bunny,"[""reggaeton"",""trap latino"",""urbano latino""]"
2022,2,1,8,null,YoungBoy Never Broke Again,"[""baton rouge rap"",""rap""]"
2022,2,1,9,null,Gunna,"[""atl hip hop"",""melodic rap"",""rap"",""trap""]"
2022,2,1,10,null,Polo G,"[""chicago rap"",""rap""]"
2022,2,1,11,null,Doja Cat,"[""dance pop"",""pop""]"
2022,2,1,12,null,Lil Baby,"[""atl hip hop"",""atl trap"",""rap"",""trap""]"
2022,2,1,13,null,J. Cole,"[""conscious hip hop"",""hip hop"",""north carolina hip hop"",""rap""]"
2022,2,1,14,null,Future,"[""atl hip hop"",""hip hop"",""rap"",""southern hip hop"",""trap""]"
2022,2,1,15,null,XXXTENTACION,"[""emo rap"",""miami hip hop""]"
2022,2,1,16,null,Morgan Wallen,"[""contemporary country""]"
2022,2,1,17,null,Eminem,"[""detroit hip hop"",""hip hop"",""rap""]"
2022,2,1,18,null,Lil Uzi Vert,"[""hip hop"",""melodic rap"",""philly rap"",""rage rap"",""rap""]"
2022,2,1,19,null,"Tyler, The Creator","[""hip hop"",""rap""]"
2022,2,1,20,null,Justin Bieber,"[""canadian pop"",""pop""]"
2022,2,1,21,null,Kendrick Lamar,"[""conscious hip hop"",""hip hop"",""rap"",""west coast rap""]"
2022,2,1,22,null,21 Savage,"[""atl hip hop"",""hip hop"",""rap""]"
2022,2,1,23,null,$uicideboy$,"[""cloud rap"",""dark trap"",""new orleans rap"",""underground hip hop""]"
2022,2,1,24,null,Mac Miller,"[""hip hop"",""pittsburgh rap"",""pop rap"",""rap""]"
2022,2,1,25,null,Post Malone,"[""dfw rap"",""melodic rap"",""pop"",""rap""]"
2022,2,1,26,null,Travis Scott,"[""hip hop"",""rap"",""slap house""]"
2022,2,1,27,null,Playboi Carti,"[""atl hip hop"",""plugg"",""pluggnb"",""rage rap"",""rap""]"
2022,2,1,28,null,Ariana Grande,"[""pop""]"
2022,2,1,29,null,Lil Durk,"[""chicago drill"",""chicago rap"",""drill"",""hip hop"",""rap"",""trap""]"
2022,2,1,30,null,Billie Eilish,"[""indie hip hop""]"
2022,2,1,31,null,Trippie Redd,"[""melodic rap"",""rap"",""trap""]"
2022,2,1,32,null,BTS,"[""k-pop"",""k-pop boy group"",""pop""]"
2022,2,1,33,null,Stephanie Beatriz,"[""hollywood"",""movie tunes""]"
2022,2,1,34,null,Kodak Black,"[""florida drill"",""florida rap"",""melodic rap"",""miami hip hop"",""rap"",""trap"",""trap latino""]"
2022,2,1,35,null,Ed Sheeran,"[""pop"",""singer-songwriter pop"",""uk pop""]"
2022,2,1,36,null,Bruno Mars,"[""dance pop"",""pop""]"
2022,2,1,37,null,Young Thug,"[""atl hip hop"",""atl trap"",""gangster rap"",""melodic rap"",""rap"",""trap""]"
2022,2,1,38,null,SZA,"[""pop"",""r&b"",""rap""]"
2022,2,1,39,null,Lil Wayne,"[""hip hop"",""new orleans rap"",""pop rap"",""rap"",""trap""]"
2022,2,1,40,null,Frank Ocean,"[""lgbtq+ hip hop"",""neo soul""]"
2022,2,1,41,null,Olivia Rodrigo,"[""pop""]"
2022,2,1,42,null,Adele,"[""british soul"",""pop"",""pop soul"",""uk pop""]"
2022,2,1,43,null,DaBaby,"[""hip hop"",""north carolina hip hop"",""pop rap"",""rap"",""trap""]"
2022,2,1,44,null,Khalid,"[""pop"",""pop r&b""]"
2022,2,1,45,null,The Neighbourhood,"[""modern alternative rock"",""modern rock"",""pop"",""pov: indie""]"
2022,2,1,46,null,Rihanna,"[""barbadian pop"",""pop"",""urban contemporary""]"
2022,2,1,47,null,Pop Smoke,"[""brooklyn drill"",""rap""]"
2022,2,1,48,null,Kid Cudi,"[""hip hop"",""ohio hip hop"",""pop rap"",""rap""]"
2022,2,1,49,null,Rod Wave,"[""florida rap""]"
2022,2,1,50,null,NLE Choppa,"[""memphis hip hop"",""rap""]"
2022,2,1,51,null,J Balvin,"[""reggaeton"",""reggaeton colombiano"",""trap latino"",""urbano latino""]"
2022,2,1,52,null,Lil Peep,"[""cloud rap"",""emo rap"",""lgbtq+ hip hop""]"
2022,2,1,53,null,The Beatles,"[""british invasion"",""classic rock"",""merseybeat"",""psychedelic rock"",""rock""]"
2022,2,1,54,null,Imagine Dragons,"[""modern rock"",""pop"",""rock""]"
2022,2,1,55,null,The Kid LAROI,"[""australian hip hop""]"
2022,2,1,56,null,A Boogie Wit da Hoodie,"[""melodic rap"",""rap"",""trap""]"
2022,2,1,57,null,Jack Harlow,"[""deep underground hip hop"",""kentucky hip hop"",""pop rap"",""rap""]"
2022,2,1,58,null,Lil Nas X,"[""lgbtq+ hip hop""]"
2022,2,1,59,null,Dua Lipa,"[""dance pop"",""pop"",""uk pop""]"
2022,2,1,60,null,Encanto - Cast,"[""movie tunes""]"
2022,2,1,61,null,Nicki Minaj,"[""hip pop"",""pop"",""queens hip hop"",""rap""]"
2022,2,1,62,null,Megan Thee Stallion,"[""houston rap"",""pop"",""r&b"",""rap"",""trap queen""]"
2022,2,1,63,null,Luke Combs,"[""contemporary country"",""country""]"
2022,2,1,64,null,Lana Del Rey,"[""art pop"",""pop""]"
2022,2,1,65,null,Chris Brown,"[""r&b"",""rap""]"
2022,2,1,66,null,Halsey,"[""electropop"",""etherpop"",""indie poptimism"",""pop""]"
2022,2,1,67,null,Roddy Ricch,"[""melodic rap"",""rap"",""trap""]"
2022,2,1,68,null,A$AP Rocky,"[""east coast hip hop"",""hip hop"",""rap"",""trap""]"
2022,2,1,69,null,Machine Gun Kelly,"[""ohio hip hop"",""pop rap""]"
2022,2,1,70,null,Baby Keem,"[""hip hop"",""rap""]"
2022,2,1,71,null,Coldplay,"[""permanent wave"",""pop""]"
2022,2,1,72,null,NF,"[""hip hop"",""pop rap""]"
2022,2,1,73,null,Lil Tjay,"[""brooklyn drill"",""melodic rap"",""nyc rap"",""rap""]"
2022,2,1,74,null,Rauw Alejandro,"[""puerto rican pop"",""reggaeton"",""trap latino"",""urbano latino""]"
2022,2,1,75,null,Metro Boomin,"[""rap""]"
2022,2,1,76,null,Glass Animals,"[""gauze pop"",""indietronica"",""modern rock"",""pov: indie"",""shiver pop""]"
2022,2,1,77,null,Diane Guerrero,"[""movie tunes""]"
2022,2,1,78,null,Maroon 5,"[""pop""]"
2022,2,1,79,null,Lil Tecca,"[""melodic rap"",""pluggnb"",""rap""]"
2022,2,1,80,null,Anuel AA,"[""reggaeton"",""reggaeton flow"",""trap boricua"",""trap latino"",""urbano latino""]"
2022,2,1,81,null,Harry Styles,"[""pop""]"
2022,2,1,82,null,Mitski,"[""brooklyn indie"",""pov: indie""]"
2022,2,1,83,null,One Direction,"[""boy band"",""pop"",""post-teen pop"",""talent show""]"
2022,2,1,84,null,Moneybagg Yo,"[""memphis hip hop"",""rap"",""southern hip hop"",""tennessee hip hop"",""trap""]"
2022,2,1,85,null,Labrinth,"[""indie poptimism"",""pop""]"
2022,2,1,86,null,Marshmello,"[""brostep"",""edm"",""pop"",""progressive electro house""]"
2022,2,1,87,null,Yeat,"[""canadian hip hop"",""canadian pop"",""hip hop"",""pop rap"",""rap""]"
2022,2,1,88,null,Young Dolph,"[""memphis hip hop"",""rap"",""southern hip hop"",""tennessee hip hop"",""trap""]"
2022,2,1,89,null,Summer Walker,"[""r&b"",""rap""]"
2022,2,1,90,null,Adassa,"[""christian a cappella"",""college a cappella"",""lds"",""lds youth""]"
2022,2,1,91,null,blackbear,"[""pop""]"
2022,2,1,92,null,Elton John,"[""glam rock"",""mellow gold"",""piano rock"",""rock""]"
2022,2,1,93,null,JAY-Z,"[""east coast hip hop"",""gangster rap"",""hip hop"",""pop rap"",""rap""]"
2022,2,1,94,null,Katy Perry,"[""pop""]"
2022,2,1,95,null,Beyoncé,"[""pop"",""r&b""]"
2022,2,1,96,null,Arctic Monkeys,"[""garage rock"",""modern rock"",""permanent wave"",""rock"",""sheffield indie""]"
2022,2,1,97,null,iann dior,"[""melodic rap""]"
2022,2,1,98,null,Joji,"[""viral pop""]"
2022,2,1,99,null,Brent Faiyaz,"[""r&b"",""rap""]"
2022,2,1,100,null,Cardi B,"[""pop"",""rap""]"
2022,2,1,101,null,Melanie Martinez,"[""alt z"",""electropop"",""pop""]"
2022,2,1,102,null,Childish Gambino,"[""atl hip hop"",""hip hop"",""rap""]"
2022,2,1,103,null,Lady Gaga,"[""corridos tumbados"",""sad sierreno""]"
2022,2,1,104,null,Ski Mask The Slump God,"[""hip hop"",""miami hip hop"",""pop rap"",""rap"",""trap""]"
2022,2,1,105,null,Ozuna,"[""puerto rican pop"",""reggaeton"",""trap latino"",""urbano latino""]"
2022,2,1,106,null,Wiz Khalifa,"[""hip hop"",""pittsburgh rap"",""pop rap"",""rap"",""southern hip hop"",""trap""]"
2022,2,1,107,null,Ty Dolla $ign,"[""hip hop"",""pittsburgh rap"",""pop rap"",""rap"",""southern hip hop"",""trap""]"
2022,2,1,108,null,Don Toliver,"[""pop rap"",""rap"",""trap""]"
2022,2,1,109,null,Chris Stapleton,"[""contemporary country"",""outlaw country""]"
2022,2,1,110,null,Key Glock,"[""memphis hip hop"",""rap"",""southern hip hop"",""tennessee hip hop"",""trap""]"
2022,2,1,111,null,Mac DeMarco,"[""edmonton indie"",""lo-fi indie"",""pov: indie""]"
2022,2,1,112,null,Shawn Mendes,"[""canadian pop"",""pop"",""viral pop""]"
2022,2,1,113,null,Kali Uchis,"[""colombian pop""]"
2022,2,1,114,null,Rex Orange County,"[""bedroom pop""]"
2022,2,1,115,null,Jason Aldean,"[""contemporary country"",""country"",""country road"",""modern country rock""]"
2022,2,1,116,null,Steve Lacy,"[""afrofuturism""]"
2022,2,1,117,null,Carolina Gaitán - La Gaita,"[""movie tunes""]"
2022,2,1,118,null,Migos,"[""atl hip hop"",""hip hop"",""pop rap"",""rap"",""trap""]"
2022,2,1,119,null,Mauro Castillo,"[""movie tunes""]"
2022,2,1,120,null,Eslabon Armado,"[""corrido"",""corridos tumbados"",""sad sierreno"",""sierreno""]"
2022,2,1,121,null,Twenty One Pilots,"[""modern rock"",""pop"",""pov: indie"",""rock""]"
2022,2,1,122,null,Maluma,"[""latin pop"",""reggaeton"",""reggaeton colombiano"",""trap latino"",""urbano latino""]"
2022,2,1,123,null,Panic! At The Disco,"[""modern rock"",""pop""]"
2022,2,1,124,null,Big Sean,"[""detroit hip hop"",""hip hop"",""pop rap"",""r&b"",""rap"",""trap""]"
2022,2,1,125,null,Gucci Mane,"[""atl hip hop"",""dirty south rap"",""hip hop"",""pop rap"",""rap"",""southern hip hop"",""trap""]"
2022,2,1,126,null,Giveon,"[""r&b""]"
2022,2,1,127,null,The Chainsmokers,"[""pop""]"
2022,2,1,128,null,Linkin Park,"[""alternative metal"",""nu metal"",""post-grunge"",""rap metal"",""rock""]"
2022,2,1,129,null,Kevin Gates,"[""baton rouge rap"",""rap"",""southern hip hop"",""trap""]"
2022,2,1,130,null,Sleepy Hallow,"[""brooklyn drill"",""nyc rap""]"
2022,2,1,131,null,Tory Lanez,"[""canadian hip hop"",""canadian trap"",""melodic rap"",""pop rap"",""r&b"",""rap"",""trap""]"
2022,2,1,132,null,Anderson .Paak,"[""escape room"",""hip hop"",""indie soul"",""neo soul""]"
2022,2,1,133,null,Fall Out Boy,"[""emo"",""modern rock"",""pop"",""rock""]"
2022,2,1,134,null,Queen,"[""k-pop girl group""]"
2022,2,1,135,null,KAROL G,"[""reggaeton"",""reggaeton colombiano"",""trap latino"",""urbano latino""]"
2022,2,1,136,null,Miley Cyrus,"[""pop""]"
2022,2,1,137,null,Tame Impala,"[""australian psych"",""modern rock"",""neo-psychedelic"",""rock""]"
2022,2,1,138,null,Kane Brown,"[""black americana"",""contemporary country"",""country"",""country road""]"
2022,2,1,139,null,The Lumineers,"[""folk-pop"",""modern rock"",""stomp and holler""]"
2022,2,1,140,null,Grupo Firme,"[""musica mexicana"",""norteno"",""sierreno""]"
2022,2,1,141,null,JID,"[""hip hop"",""pop rap"",""rap"",""underground hip hop""]"
2022,2,1,142,null,Tyler Childers,"[""kentucky indie"",""kentucky roots"",""outlaw country""]"
2022,2,1,143,null,Nirvana,"[""grunge"",""permanent wave"",""rock""]"
2022,2,1,144,null,Fleetwood Mac,"[""album rock"",""classic rock"",""rock"",""soft rock"",""yacht rock""]"
2022,2,1,145,null,Russ,[]
2022,2,1,146,null,Farruko,"[""reggaeton"",""trap latino"",""urbano latino""]"
2022,2,1,147,null,Meek Mill,"[""hip hop"",""philly rap"",""pop rap"",""rap"",""southern hip hop"",""trap""]"
2022,2,1,148,null,2Pac,"[""g funk"",""gangster rap"",""hip hop"",""rap"",""west coast rap""]"
2022,2,1,149,null,Michael Jackson,"[""r&b"",""soul""]"
2022,2,1,150,null,Jhayco,"[""reggaeton"",""trap latino"",""urbano latino""]"
2022,2,1,151,null,Cody Johnson,"[""classic texas country"",""contemporary country""]"
2022,2,1,152,null,Daddy Yankee,"[""latin hip hop"",""reggaeton"",""trap latino"",""urbano latino""]"
2022,2,1,153,null,King Von,"[""chicago rap""]"
2022,2,1,154,null,Logic,"[""conscious hip hop"",""hip hop"",""pop rap"",""rap""]"
2022,2,1,155,null,YNW Melly,"[""melodic rap"",""rap""]"
2022,2,1,156,null,Mother Mother,"[""pov: indie"",""vancouver indie""]"
2022,2,1,157,null,Sebastian Yatra,"[""colombian pop"",""latin pop"",""reggaeton"",""reggaeton colombiano"",""trap latino"",""urbano latino""]"
2022,2,1,158,null,Bryson Tiller,"[""kentucky hip hop"",""r&b"",""rap""]"
2022,2,1,159,null,G Herbo,"[""chicago drill"",""chicago rap"",""drill"",""trap""]"
2022,2,1,160,null,Red Hot Chili Peppers,"[""alternative rock"",""funk metal"",""funk rock"",""permanent wave"",""rock""]"
2022,2,1,161,null,Florida Georgia Line,"[""contemporary country"",""country"",""country pop"",""country road"",""modern country rock""]"
2022,2,1,162,null,Conan Gray,"[""bedroom pop"",""pop"",""pov: indie""]"
2022,2,1,163,null,WILLOW,"[""afrofuturism"",""pop"",""post-teen pop"",""pov: indie""]"
2022,2,1,164,null,6LACK,"[""atl hip hop"",""melodic rap"",""r&b"",""rap"",""trap""]"
2022,2,1,165,null,Myke Towers,"[""reggaeton"",""trap latino"",""urbano latino""]"
2022,2,1,166,null,Paramore,"[""candy pop"",""modern rock"",""pixie"",""pop"",""pop emo"",""pop punk"",""rock""]"
2022,2,1,167,null,Hozier,"[""irish singer-songwriter"",""modern rock"",""pov: indie""]"
2022,2,1,168,null,Metallica,"[""hard rock"",""metal"",""old school thrash"",""rock"",""thrash metal""]"
2022,2,1,169,null,League of Legends,"[""speedrun"",""video game music""]"
2022,2,1,170,null,Green Day,"[""modern rock"",""permanent wave"",""punk"",""rock""]"
2022,2,1,171,null,David Guetta,"[""big room"",""dance pop"",""edm"",""pop"",""pop dance""]"
2022,2,1,172,null,Jhené Aiko,"[""r&b""]"
2022,2,1,173,null,Chase Atlantic,"[""alternative r&b""]"
2022,2,1,174,null,DJ Khaled,"[""hip hop"",""miami hip hop"",""pop rap"",""rap""]"
2022,2,1,175,null,Thomas Rhett,"[""contemporary country"",""country"",""country road"",""modern country rock""]"
2022,2,1,176,null,Gorillaz,"[""alternative hip hop"",""modern rock"",""rock""]"
2022,2,1,177,null,Cavetown,"[""bedroom pop"",""indie pop"",""pov: indie""]"
2022,2,1,178,null,My Chemical Romance,"[""emo"",""modern rock"",""pop punk"",""pov: indie"",""rock""]"
2022,2,1,179,null,Clairo,"[""bedroom pop"",""indie pop"",""pov: indie""]"
2022,2,1,180,null,Sam Smith,"[""pop"",""uk pop""]"
2022,2,1,181,null,Diplo,"[""dance pop"",""edm"",""electro house"",""moombahton"",""pop dance""]"
2022,2,1,182,null,AC/DC,"[""australian rock"",""hard rock"",""rock""]"
2022,2,1,183,null,Arcane,"[""dutch pop""]"
2022,2,1,184,null,Kehlani,"[""pop"",""r&b"",""rap""]"
2022,2,1,185,null,Luke Bryan,"[""contemporary country"",""country"",""country road"",""modern country rock""]"
2022,2,1,186,null,USHER,"[""atl hip hop"",""contemporary r&b"",""dance pop"",""pop"",""r&b"",""rap"",""south carolina hip hop"",""urban contemporary""]"
2022,2,1,187,null,OneRepublic,"[""piano rock"",""pop""]"
2022,2,1,188,null,Calvin Harris,"[""dance pop"",""edm"",""electro house"",""house"",""pop"",""pop dance"",""progressive house"",""uk dance""]"
2022,2,1,189,null,AJR,"[""pov: indie""]"
2022,2,1,190,null,Pitbull,"[""dance pop"",""miami hip hop"",""pop""]"
2022,2,1,191,null,Britney Spears,"[""dance pop"",""pop""]"
2022,2,1,192,null,Daniel Caesar,"[""canadian contemporary r&b""]"
2022,2,1,193,null,PARTYNEXTDOOR,"[""r&b"",""rap"",""urban contemporary""]"
2022,2,1,194,null,girl in red,"[""bedroom pop"",""indie pop"",""norwegian indie"",""pov: indie""]"
2022,2,1,195,null,The Notorious B.I.G.,"[""east coast hip hop"",""gangster rap"",""hardcore hip hop"",""hip hop"",""rap""]"
2022,2,1,196,null,Charlie Puth,"[""pop"",""viral pop""]"
2022,2,1,197,null,John Mayer,"[""neo mellow"",""singer-songwriter""]"
2022,2,1,198,null,Rick Ross,"[""dirty south rap"",""gangster rap"",""hip hop"",""rap"",""southern hip hop"",""trap""]"
2022,2,1,199,null,Chief Keef,"[""chicago bop"",""chicago drill"",""chicago rap"",""drill"",""hip hop"",""rap"",""southern hip hop"",""trap""]"
2022,2,1,200,null,Zach Bryan,"[""classic oklahoma country"",""modern country pop""]"
2022,3,1,1,null,Kanye West,"[""chicago rap"",""hip hop"",""rap""]"
2022,3,1,2,null,Drake,"[""canadian hip hop"",""canadian pop"",""hip hop"",""pop rap"",""rap""]"
2022,3,1,3,null,Taylor Swift,"[""pop""]"
2022,3,1,4,null,Juice WRLD,"[""chicago rap"",""melodic rap"",""rap""]"
2022,3,1,5,null,Bad Bunny,"[""reggaeton"",""trap latino"",""urbano latino""]"
2022,3,1,6,null,The Weeknd,"[""canadian contemporary r&b"",""canadian pop"",""pop""]"
2022,3,1,7,null,Lin-Manuel Miranda,"[""broadway"",""show tunes""]"
2022,3,1,8,null,Lil Baby,"[""atl hip hop"",""atl trap"",""rap"",""trap""]"
2022,3,1,9,null,YoungBoy Never Broke Again,"[""baton rouge rap"",""rap""]"
2022,3,1,10,null,Eminem,"[""detroit hip hop"",""hip hop"",""rap""]"
2022,3,1,11,null,Doja Cat,"[""dance pop"",""pop""]"
2022,3,1,12,null,J. Cole,"[""conscious hip hop"",""hip hop"",""north carolina hip hop"",""rap""]"
2022,3,1,13,null,Future,"[""atl hip hop"",""hip hop"",""rap"",""southern hip hop"",""trap""]"
2022,3,1,14,null,Gunna,"[""atl hip hop"",""melodic rap"",""rap"",""trap""]"
2022,3,1,15,null,Polo G,"[""chicago rap"",""rap""]"
2022,3,1,16,null,Kodak Black,"[""florida drill"",""florida rap"",""melodic rap"",""miami hip hop"",""rap"",""trap"",""trap latino""]"
2022,3,1,17,null,Morgan Wallen,"[""contemporary country""]"
2022,3,1,18,null,Kendrick Lamar,"[""conscious hip hop"",""hip hop"",""rap"",""west coast rap""]"
2022,3,1,19,null,"Tyler, The Creator","[""hip hop"",""rap""]"
2022,3,1,20,null,Lil Uzi Vert,"[""hip hop"",""melodic rap"",""philly rap"",""rage rap"",""rap""]"
2022,3,1,21,null,Justin Bieber,"[""canadian pop"",""pop""]"
2022,3,1,22,null,XXXTENTACION,"[""emo rap"",""miami hip hop""]"
2022,3,1,23,null,21 Savage,"[""atl hip hop"",""hip hop"",""rap""]"
2022,3,1,24,null,Mac Miller,"[""hip hop"",""pittsburgh rap"",""pop rap"",""rap""]"
2022,3,1,25,null,Lil Durk,"[""chicago drill"",""chicago rap"",""drill"",""hip hop"",""rap"",""trap""]"
2022,3,1,26,null,Post Malone,"[""dfw rap"",""melodic rap"",""pop"",""rap""]"
2022,3,1,27,null,Travis Scott,"[""hip hop"",""rap"",""slap house""]"
2022,3,1,28,null,Billie Eilish,"[""indie hip hop""]"
2022,3,1,29,null,$uicideboy$,"[""cloud rap"",""dark trap"",""new orleans rap"",""underground hip hop""]"
2022,3,1,30,null,Ariana Grande,"[""pop""]"
2022,3,1,31,null,Trippie Redd,"[""melodic rap"",""rap"",""trap""]"
2022,3,1,32,null,Playboi Carti,"[""atl hip hop"",""plugg"",""pluggnb"",""rage rap"",""rap""]"
2022,3,1,33,null,BTS,"[""k-pop"",""k-pop boy group"",""pop""]"
2022,3,1,34,null,Yeat,"[""canadian hip hop"",""canadian pop"",""hip hop"",""pop rap"",""rap""]"
2022,3,1,35,null,Bruno Mars,"[""dance pop"",""pop""]"
2022,3,1,36,null,Jack Harlow,"[""deep underground hip hop"",""kentucky hip hop"",""pop rap"",""rap""]"
2022,3,1,37,null,Ed Sheeran,"[""pop"",""singer-songwriter pop"",""uk pop""]"
2022,3,1,38,null,Lil Wayne,"[""hip hop"",""new orleans rap"",""pop rap"",""rap"",""trap""]"
2022,3,1,39,null,Olivia Rodrigo,"[""pop""]"
2022,3,1,40,null,Nicki Minaj,"[""hip pop"",""pop"",""queens hip hop"",""rap""]"
2022,3,1,41,null,Frank Ocean,"[""lgbtq+ hip hop"",""neo soul""]"
2022,3,1,42,null,Labrinth,"[""indie poptimism"",""pop""]"
2022,3,1,43,null,Khalid,"[""pop"",""pop r&b""]"
2022,3,1,44,null,Rihanna,"[""barbadian pop"",""pop"",""urban contemporary""]"
2022,3,1,45,null,Young Thug,"[""atl hip hop"",""atl trap"",""gangster rap"",""melodic rap"",""rap"",""trap""]"
2022,3,1,46,null,DaBaby,"[""hip hop"",""north carolina hip hop"",""pop rap"",""rap"",""trap""]"
2022,3,1,47,null,Kid Cudi,"[""hip hop"",""ohio hip hop"",""pop rap"",""rap""]"
2022,3,1,48,null,SZA,"[""pop"",""r&b"",""rap""]"
2022,3,1,49,null,Pop Smoke,"[""brooklyn drill"",""rap""]"
2022,3,1,50,null,J Balvin,"[""reggaeton"",""reggaeton colombiano"",""trap latino"",""urbano latino""]"
2022,3,1,51,null,Dua Lipa,"[""dance pop"",""pop"",""uk pop""]"
2022,3,1,52,null,Imagine Dragons,"[""modern rock"",""pop"",""rock""]"
2022,3,1,53,null,The Neighbourhood,"[""modern alternative rock"",""modern rock"",""pop"",""pov: indie""]"
2022,3,1,54,null,Rauw Alejandro,"[""puerto rican pop"",""reggaeton"",""trap latino"",""urbano latino""]"
2022,3,1,55,null,A Boogie Wit da Hoodie,"[""melodic rap"",""rap"",""trap""]"
2022,3,1,56,null,Lil Peep,"[""cloud rap"",""emo rap"",""lgbtq+ hip hop""]"
2022,3,1,57,null,Luke Combs,"[""contemporary country"",""country""]"
2022,3,1,58,null,Adele,"[""british soul"",""pop"",""pop soul"",""uk pop""]"
2022,3,1,59,null,Rod Wave,"[""florida rap""]"
2022,3,1,60,null,The Kid LAROI,"[""australian hip hop""]"
2022,3,1,61,null,Stephanie Beatriz,"[""hollywood"",""movie tunes""]"
2022,3,1,62,null,The Beatles,"[""british invasion"",""classic rock"",""merseybeat"",""psychedelic rock"",""rock""]"
2022,3,1,63,null,Lil Nas X,"[""lgbtq+ hip hop""]"
2022,3,1,64,null,Machine Gun Kelly,"[""ohio hip hop"",""pop rap""]"
2022,3,1,65,null,Megan Thee Stallion,"[""houston rap"",""pop"",""r&b"",""rap"",""trap queen""]"
2022,3,1,66,null,Chris Brown,"[""r&b"",""rap""]"
2022,3,1,67,null,Mitski,"[""brooklyn indie"",""pov: indie""]"
2022,3,1,68,null,Coldplay,"[""permanent wave"",""pop""]"
2022,3,1,69,null,Halsey,"[""electropop"",""etherpop"",""indie poptimism"",""pop""]"
2022,3,1,70,null,A$AP Rocky,"[""east coast hip hop"",""hip hop"",""rap"",""trap""]"
2022,3,1,71,null,Metro Boomin,"[""rap""]"
2022,3,1,72,null,KAROL G,"[""reggaeton"",""reggaeton colombiano"",""trap latino"",""urbano latino""]"
2022,3,1,73,null,JAY-Z,"[""east coast hip hop"",""gangster rap"",""hip hop"",""pop rap"",""rap""]"
2022,3,1,74,null,Lana Del Rey,"[""art pop"",""pop""]"
2022,3,1,75,null,NF,"[""hip hop"",""pop rap""]"
2022,3,1,76,null,Baby Keem,"[""hip hop"",""rap""]"
2022,3,1,77,null,Lil Tjay,"[""brooklyn drill"",""melodic rap"",""nyc rap"",""rap""]"
2022,3,1,78,null,Moneybagg Yo,"[""memphis hip hop"",""rap"",""southern hip hop"",""tennessee hip hop"",""trap""]"
2022,3,1,79,null,Glass Animals,"[""gauze pop"",""indietronica"",""modern rock"",""pov: indie"",""shiver pop""]"
2022,3,1,80,null,Maroon 5,"[""pop""]"
2022,3,1,81,null,One Direction,"[""boy band"",""pop"",""post-teen pop"",""talent show""]"
2022,3,1,82,null,Roddy Ricch,"[""melodic rap"",""rap"",""trap""]"
2022,3,1,83,null,Russ,[]
2022,3,1,84,null,Marshmello,"[""brostep"",""edm"",""pop"",""progressive electro house""]"
2022,3,1,85,null,Beyoncé,"[""pop"",""r&b""]"
2022,3,1,86,null,Harry Styles,"[""pop""]"
2022,3,1,87,null,Katy Perry,"[""pop""]"
2022,3,1,88,null,Tame Impala,"[""australian psych"",""modern rock"",""neo-psychedelic"",""rock""]"
2022,3,1,89,null,King Von,"[""chicago rap""]"
2022,3,1,90,null,Elton John,"[""glam rock"",""mellow gold"",""piano rock"",""rock""]"
2022,3,1,91,null,NLE Choppa,"[""memphis hip hop"",""rap""]"
2022,3,1,92,null,Ozuna,"[""puerto rican pop"",""reggaeton"",""trap latino"",""urbano latino""]"
2022,3,1,93,null,Lil Tecca,"[""melodic rap"",""pluggnb"",""rap""]"
2022,3,1,94,null,Arctic Monkeys,"[""garage rock"",""modern rock"",""permanent wave"",""rock"",""sheffield indie""]"
2022,3,1,95,null,Ty Dolla $ign,"[""hip hop"",""pittsburgh rap"",""pop rap"",""rap"",""southern hip hop"",""trap""]"
2022,3,1,96,null,blackbear,"[""pop""]"
2022,3,1,97,null,Encanto - Cast,"[""movie tunes""]"
2022,3,1,98,null,Wiz Khalifa,"[""hip hop"",""pittsburgh rap"",""pop rap"",""rap"",""southern hip hop"",""trap""]"
2022,3,1,99,null,2Pac,"[""g funk"",""gangster rap"",""hip hop"",""rap"",""west coast rap""]"
2022,3,1,100,null,Big Sean,"[""detroit hip hop"",""hip hop"",""pop rap"",""r&b"",""rap"",""trap""]"
2022,3,1,101,null,Lady Gaga,"[""corridos tumbados"",""sad sierreno""]"
2022,3,1,102,null,Jason Aldean,"[""contemporary country"",""country"",""country road"",""modern country rock""]"
2022,3,1,103,null,Childish Gambino,"[""atl hip hop"",""hip hop"",""rap""]"
2022,3,1,104,null,Young Dolph,"[""memphis hip hop"",""rap"",""southern hip hop"",""tennessee hip hop"",""trap""]"
2022,3,1,105,null,Dr. Dre,"[""g funk"",""gangster rap"",""hip hop"",""rap"",""west coast rap""]"
2022,3,1,106,null,Cardi B,"[""pop"",""rap""]"
2022,3,1,107,null,Tyga,"[""hip hop"",""pop rap"",""rap"",""trap""]"
2022,3,1,108,null,Anuel AA,"[""reggaeton"",""reggaeton flow"",""trap boricua"",""trap latino"",""urbano latino""]"
2022,3,1,109,null,Summer Walker,"[""r&b"",""rap""]"
2022,3,1,110,null,Joji,"[""viral pop""]"
2022,3,1,111,null,Avril Lavigne,"[""canadian pop"",""candy pop"",""dance pop"",""pop""]"
2022,3,1,112,null,Brent Faiyaz,"[""r&b"",""rap""]"
2022,3,1,113,null,Migos,"[""atl hip hop"",""hip hop"",""pop rap"",""rap"",""trap""]"
2022,3,1,114,null,Chris Stapleton,"[""contemporary country"",""outlaw country""]"
2022,3,1,115,null,Mac DeMarco,"[""edmonton indie"",""lo-fi indie"",""pov: indie""]"
2022,3,1,116,null,Ski Mask The Slump God,"[""hip hop"",""miami hip hop"",""pop rap"",""rap"",""trap""]"
2022,3,1,117,null,Panic! At The Disco,"[""modern rock"",""pop""]"
2022,3,1,118,null,Linkin Park,"[""alternative metal"",""nu metal"",""post-grunge"",""rap metal"",""rock""]"
2022,3,1,119,null,Kali Uchis,"[""colombian pop""]"
2022,3,1,120,null,Zach Bryan,"[""classic oklahoma country"",""modern country pop""]"
2022,3,1,121,null,Anderson .Paak,"[""escape room"",""hip hop"",""indie soul"",""neo soul""]"
2022,3,1,122,null,Twenty One Pilots,"[""modern rock"",""pop"",""pov: indie"",""rock""]"
2022,3,1,123,null,Queen,"[""k-pop girl group""]"
2022,3,1,124,null,Kevin Gates,"[""baton rouge rap"",""rap"",""southern hip hop"",""trap""]"
2022,3,1,125,null,Red Hot Chili Peppers,"[""alternative rock"",""funk metal"",""funk rock"",""permanent wave"",""rock""]"
2022,3,1,126,null,Steve Lacy,"[""afrofuturism""]"
2022,3,1,127,null,Cody Johnson,"[""classic texas country"",""contemporary country""]"
2022,3,1,128,null,Don Toliver,"[""pop rap"",""rap"",""trap""]"
2022,3,1,129,null,Daddy Yankee,"[""latin hip hop"",""reggaeton"",""trap latino"",""urbano latino""]"
2022,3,1,130,null,Fall Out Boy,"[""emo"",""modern rock"",""pop"",""rock""]"
2022,3,1,131,null,Key Glock,"[""memphis hip hop"",""rap"",""southern hip hop"",""tennessee hip hop"",""trap""]"
2022,3,1,132,null,Eslabon Armado,"[""corrido"",""corridos tumbados"",""sad sierreno"",""sierreno""]"
2022,3,1,133,null,Miley Cyrus,"[""pop""]"
2022,3,1,134,null,Sleepy Hallow,"[""brooklyn drill"",""nyc rap""]"
2022,3,1,135,null,JID,"[""hip hop"",""pop rap"",""rap"",""underground hip hop""]"
2022,3,1,136,null,Shawn Mendes,"[""canadian pop"",""pop"",""viral pop""]"
2022,3,1,137,null,Gucci Mane,"[""atl hip hop"",""dirty south rap"",""hip hop"",""pop rap"",""rap"",""southern hip hop"",""trap""]"
2022,3,1,138,null,Maluma,"[""latin pop"",""reggaeton"",""reggaeton colombiano"",""trap latino"",""urbano latino""]"
2022,3,1,139,null,Melanie Martinez,"[""alt z"",""electropop"",""pop""]"
2022,3,1,140,null,Logic,"[""conscious hip hop"",""hip hop"",""pop rap"",""rap""]"
2022,3,1,141,null,Tate McRae,"[""alt z"",""pop""]"
2022,3,1,142,null,Fleetwood Mac,"[""album rock"",""classic rock"",""rock"",""soft rock"",""yacht rock""]"
2022,3,1,143,null,Tyler Childers,"[""kentucky indie"",""kentucky roots"",""outlaw country""]"
2022,3,1,144,null,Michael Jackson,"[""r&b"",""soul""]"
2022,3,1,145,null,Giveon,"[""r&b""]"
2022,3,1,146,null,Kane Brown,"[""black americana"",""contemporary country"",""country"",""country road""]"
2022,3,1,147,null,Farruko,"[""reggaeton"",""trap latino"",""urbano latino""]"
2022,3,1,148,null,Meek Mill,"[""hip hop"",""philly rap"",""pop rap"",""rap"",""southern hip hop"",""trap""]"
2022,3,1,149,null,$NOT,"[""aesthetic rap"",""cloud rap"",""florida rap"",""underground hip hop""]"
2022,3,1,150,null,Diane Guerrero,"[""movie tunes""]"
2022,3,1,151,null,Tory Lanez,"[""canadian hip hop"",""canadian trap"",""melodic rap"",""pop rap"",""r&b"",""rap"",""trap""]"
2022,3,1,152,null,iann dior,"[""melodic rap""]"
2022,3,1,153,null,Nirvana,"[""grunge"",""permanent wave"",""rock""]"
2022,3,1,154,null,TWICE,"[""k-pop"",""k-pop girl group"",""pop""]"
2022,3,1,155,null,OneRepublic,"[""piano rock"",""pop""]"
2022,3,1,156,null,Florida Georgia Line,"[""contemporary country"",""country"",""country pop"",""country road"",""modern country rock""]"
2022,3,1,157,null,Chief Keef,"[""chicago bop"",""chicago drill"",""chicago rap"",""drill"",""hip hop"",""rap"",""southern hip hop"",""trap""]"
2022,3,1,158,null,David Guetta,"[""big room"",""dance pop"",""edm"",""pop"",""pop dance""]"
2022,3,1,159,null,Rex Orange County,"[""bedroom pop""]"
2022,3,1,160,null,The Lumineers,"[""folk-pop"",""modern rock"",""stomp and holler""]"
2022,3,1,161,null,Grupo Firme,"[""musica mexicana"",""norteno"",""sierreno""]"
2022,3,1,162,null,Jhayco,"[""reggaeton"",""trap latino"",""urbano latino""]"
2022,3,1,163,null,Bryson Tiller,"[""kentucky hip hop"",""r&b"",""rap""]"
2022,3,1,164,null,WILLOW,"[""afrofuturism"",""pop"",""post-teen pop"",""pov: indie""]"
2022,3,1,165,null,Metallica,"[""hard rock"",""metal"",""old school thrash"",""rock"",""thrash metal""]"
2022,3,1,166,null,Kehlani,"[""pop"",""r&b"",""rap""]"
2022,3,1,167,null,Snoop Dogg,"[""g funk"",""gangster rap"",""hip hop"",""pop rap"",""rap"",""west coast rap""]"
2022,3,1,168,null,Diplo,"[""dance pop"",""edm"",""electro house"",""moombahton"",""pop dance""]"
2022,3,1,169,null,YNW Melly,"[""melodic rap"",""rap""]"
2022,3,1,170,null,Jhené Aiko,"[""r&b""]"
2022,3,1,171,null,DJ Khaled,"[""hip hop"",""miami hip hop"",""pop rap"",""rap""]"
2022,3,1,172,null,The Notorious B.I.G.,"[""east coast hip hop"",""gangster rap"",""hardcore hip hop"",""hip hop"",""rap""]"
2022,3,1,173,null,50 Cent,"[""east coast hip hop"",""gangster rap"",""hip hop"",""pop rap"",""queens hip hop"",""rap""]"
2022,3,1,174,null,Thomas Rhett,"[""contemporary country"",""country"",""country road"",""modern country rock""]"
2022,3,1,175,null,Hozier,"[""irish singer-songwriter"",""modern rock"",""pov: indie""]"
2022,3,1,176,null,Dominic Fike,"[""alternative pop rock"",""pov: indie""]"
2022,3,1,177,null,Luke Bryan,"[""contemporary country"",""country"",""country road"",""modern country rock""]"
2022,3,1,178,null,The Chainsmokers,"[""pop""]"
2022,3,1,179,null,Green Day,"[""modern rock"",""permanent wave"",""punk"",""rock""]"
2022,3,1,180,null,Adassa,"[""christian a cappella"",""college a cappella"",""lds"",""lds youth""]"
2022,3,1,181,null,John Mayer,"[""neo mellow"",""singer-songwriter""]"
2022,3,1,182,null,USHER,"[""atl hip hop"",""contemporary r&b"",""dance pop"",""pop"",""r&b"",""rap"",""south carolina hip hop"",""urban contemporary""]"
2022,3,1,183,null,Calvin Harris,"[""dance pop"",""edm"",""electro house"",""house"",""pop"",""pop dance"",""progressive house"",""uk dance""]"
2022,3,1,184,null,Junior H,"[""corrido"",""corridos tumbados"",""musica mexicana"",""sad sierreno"",""sierreno""]"
2022,3,1,185,null,Paramore,"[""candy pop"",""modern rock"",""pixie"",""pop"",""pop emo"",""pop punk"",""rock""]"
2022,3,1,186,null,6LACK,"[""atl hip hop"",""melodic rap"",""r&b"",""rap"",""trap""]"
2022,3,1,187,null,Myke Towers,"[""reggaeton"",""trap latino"",""urbano latino""]"
2022,3,1,188,null,Pitbull,"[""dance pop"",""miami hip hop"",""pop""]"
2022,3,1,189,null,AC/DC,"[""australian rock"",""hard rock"",""rock""]"
2022,3,1,190,null,Conan Gray,"[""bedroom pop"",""pop"",""pov: indie""]"
2022,3,1,191,null,Clairo,"[""bedroom pop"",""indie pop"",""pov: indie""]"
2022,3,1,192,null,Gorillaz,"[""alternative hip hop"",""modern rock"",""rock""]"
2022,3,1,193,null,G Herbo,"[""chicago drill"",""chicago rap"",""drill"",""trap""]"
2022,3,1,194,null,5 Seconds of Summer,"[""boy band"",""pop""]"
2022,3,1,195,null,Cavetown,"[""bedroom pop"",""indie pop"",""pov: indie""]"
2022,3,1,196,null,Britney Spears,"[""dance pop"",""pop""]"
2022,3,1,197,null,Christian Nodal,"[""mariachi"",""musica mexicana"",""ranchera""]"
2022,3,1,198,null,Kygo,"[""edm"",""pop"",""pop dance"",""tropical house""]"
2022,3,1,199,null,Sam Smith,"[""pop"",""uk pop""]"
2022,3,1,200,null,Alicia Keys,"[""neo soul"",""pop"",""r&b""]"
2022,4,1,1,null,Drake,"[""canadian hip hop"",""canadian pop"",""hip hop"",""pop rap"",""rap""]"
2022,4,1,2,null,Taylor Swift,"[""pop""]"
2022,4,1,3,null,Kanye West,"[""chicago rap"",""hip hop"",""rap""]"
2022,4,1,4,null,Juice WRLD,"[""chicago rap"",""melodic rap"",""rap""]"
2022,4,1,5,null,Bad Bunny,"[""reggaeton"",""trap latino"",""urbano latino""]"
2022,4,1,6,null,The Weeknd,"[""canadian contemporary r&b"",""canadian pop"",""pop""]"
2022,4,1,7,null,Harry Styles,"[""pop""]"
2022,4,1,8,null,YoungBoy Never Broke Again,"[""baton rouge rap"",""rap""]"
2022,4,1,9,null,J. Cole,"[""conscious hip hop"",""hip hop"",""north carolina hip hop"",""rap""]"
2022,4,1,10,null,"Tyler, The Creator","[""hip hop"",""rap""]"
2022,4,1,11,null,Lil Baby,"[""atl hip hop"",""atl trap"",""rap"",""trap""]"
2022,4,1,12,null,Doja Cat,"[""dance pop"",""pop""]"
2022,4,1,13,null,Morgan Wallen,"[""contemporary country""]"
2022,4,1,14,null,Gunna,"[""atl hip hop"",""melodic rap"",""rap"",""trap""]"
2022,4,1,15,null,Justin Bieber,"[""canadian pop"",""pop""]"
2022,4,1,16,null,Eminem,"[""detroit hip hop"",""hip hop"",""rap""]"
2022,4,1,17,null,Lil Uzi Vert,"[""hip hop"",""melodic rap"",""philly rap"",""rage rap"",""rap""]"
2022,4,1,18,null,Yeat,"[""canadian hip hop"",""canadian pop"",""hip hop"",""pop rap"",""rap""]"
2022,4,1,19,null,Future,"[""atl hip hop"",""hip hop"",""rap"",""southern hip hop"",""trap""]"
2022,4,1,20,null,Lil Durk,"[""chicago drill"",""chicago rap"",""drill"",""hip hop"",""rap"",""trap""]"
2022,4,1,21,null,Polo G,"[""chicago rap"",""rap""]"
2022,4,1,22,null,Kendrick Lamar,"[""conscious hip hop"",""hip hop"",""rap"",""west coast rap""]"
2022,4,1,23,null,XXXTENTACION,"[""emo rap"",""miami hip hop""]"
2022,4,1,24,null,Billie Eilish,"[""indie hip hop""]"
2022,4,1,25,null,Lin-Manuel Miranda,"[""broadway"",""show tunes""]"
2022,4,1,26,null,Machine Gun Kelly,"[""ohio hip hop"",""pop rap""]"
2022,4,1,27,null,21 Savage,"[""atl hip hop"",""hip hop"",""rap""]"
2022,4,1,28,null,Mac Miller,"[""hip hop"",""pittsburgh rap"",""pop rap"",""rap""]"
2022,4,1,29,null,Post Malone,"[""dfw rap"",""melodic rap"",""pop"",""rap""]"
2022,4,1,30,null,Travis Scott,"[""hip hop"",""rap"",""slap house""]"
2022,4,1,31,null,Ariana Grande,"[""pop""]"
2022,4,1,32,null,Bruno Mars,"[""dance pop"",""pop""]"
2022,4,1,33,null,Ed Sheeran,"[""pop"",""singer-songwriter pop"",""uk pop""]"
2022,4,1,34,null,$uicideboy$,"[""cloud rap"",""dark trap"",""new orleans rap"",""underground hip hop""]"
2022,4,1,35,null,Olivia Rodrigo,"[""pop""]"
2022,4,1,36,null,BTS,"[""k-pop"",""k-pop boy group"",""pop""]"
2022,4,1,37,null,Trippie Redd,"[""melodic rap"",""rap"",""trap""]"
2022,4,1,38,null,Lil Wayne,"[""hip hop"",""new orleans rap"",""pop rap"",""rap"",""trap""]"
2022,4,1,39,null,Playboi Carti,"[""atl hip hop"",""plugg"",""pluggnb"",""rage rap"",""rap""]"
2022,4,1,40,null,Jack Harlow,"[""deep underground hip hop"",""kentucky hip hop"",""pop rap"",""rap""]"
2022,4,1,41,null,Kodak Black,"[""florida drill"",""florida rap"",""melodic rap"",""miami hip hop"",""rap"",""trap"",""trap latino""]"
2022,4,1,42,null,Red Hot Chili Peppers,"[""alternative rock"",""funk metal"",""funk rock"",""permanent wave"",""rock""]"
2022,4,1,43,null,J Balvin,"[""reggaeton"",""reggaeton colombiano"",""trap latino"",""urbano latino""]"
2022,4,1,44,null,DaBaby,"[""hip hop"",""north carolina hip hop"",""pop rap"",""rap"",""trap""]"
2022,4,1,45,null,Khalid,"[""pop"",""pop r&b""]"
2022,4,1,46,null,Imagine Dragons,"[""modern rock"",""pop"",""rock""]"
2022,4,1,47,null,Rihanna,"[""barbadian pop"",""pop"",""urban contemporary""]"
2022,4,1,48,null,Dua Lipa,"[""dance pop"",""pop"",""uk pop""]"
2022,4,1,49,null,Nicki Minaj,"[""hip pop"",""pop"",""queens hip hop"",""rap""]"
2022,4,1,50,null,Young Thug,"[""atl hip hop"",""atl trap"",""gangster rap"",""melodic rap"",""rap"",""trap""]"
2022,4,1,51,null,SZA,"[""pop"",""r&b"",""rap""]"
2022,4,1,52,null,Frank Ocean,"[""lgbtq+ hip hop"",""neo soul""]"
2022,4,1,53,null,Daddy Yankee,"[""latin hip hop"",""reggaeton"",""trap latino"",""urbano latino""]"
2022,4,1,54,null,Pop Smoke,"[""brooklyn drill"",""rap""]"
2022,4,1,55,null,Lil Tjay,"[""brooklyn drill"",""melodic rap"",""nyc rap"",""rap""]"
2022,4,1,56,null,Luke Combs,"[""contemporary country"",""country""]"
2022,4,1,57,null,Dreamville,"[""hip hop"",""pop rap"",""rap""]"
2022,4,1,58,null,A Boogie Wit da Hoodie,"[""melodic rap"",""rap"",""trap""]"
2022,4,1,59,null,Kid Cudi,"[""hip hop"",""ohio hip hop"",""pop rap"",""rap""]"
2022,4,1,60,null,The Neighbourhood,"[""modern alternative rock"",""modern rock"",""pop"",""pov: indie""]"
2022,4,1,61,null,Lil Peep,"[""cloud rap"",""emo rap"",""lgbtq+ hip hop""]"
2022,4,1,62,null,Megan Thee Stallion,"[""houston rap"",""pop"",""r&b"",""rap"",""trap queen""]"
2022,4,1,63,null,The Kid LAROI,"[""australian hip hop""]"
2022,4,1,64,null,Chris Brown,"[""r&b"",""rap""]"
2022,4,1,65,null,A$AP Rocky,"[""east coast hip hop"",""hip hop"",""rap"",""trap""]"
2022,4,1,66,null,Glass Animals,"[""gauze pop"",""indietronica"",""modern rock"",""pov: indie"",""shiver pop""]"
2022,4,1,67,null,The Beatles,"[""british invasion"",""classic rock"",""merseybeat"",""psychedelic rock"",""rock""]"
2022,4,1,68,null,Thomas Rhett,"[""contemporary country"",""country"",""country road"",""modern country rock""]"
2022,4,1,69,null,blackbear,"[""pop""]"
2022,4,1,70,null,Adele,"[""british soul"",""pop"",""pop soul"",""uk pop""]"
2022,4,1,71,null,Rod Wave,"[""florida rap""]"
2022,4,1,72,null,Lil Nas X,"[""lgbtq+ hip hop""]"
2022,4,1,73,null,Coldplay,"[""permanent wave"",""pop""]"
2022,4,1,74,null,Rauw Alejandro,"[""puerto rican pop"",""reggaeton"",""trap latino"",""urbano latino""]"
2022,4,1,75,null,Lana Del Rey,"[""art pop"",""pop""]"
2022,4,1,76,null,Mitski,"[""brooklyn indie"",""pov: indie""]"
2022,4,1,77,null,Shawn Mendes,"[""canadian pop"",""pop"",""viral pop""]"
2022,4,1,78,null,Baby Keem,"[""hip hop"",""rap""]"
2022,4,1,79,null,Halsey,"[""electropop"",""etherpop"",""indie poptimism"",""pop""]"
2022,4,1,80,null,Nirvana,"[""grunge"",""permanent wave"",""rock""]"
2022,4,1,81,null,Maroon 5,"[""pop""]"
2022,4,1,82,null,Metro Boomin,"[""rap""]"
2022,4,1,83,null,Miley Cyrus,"[""pop""]"
2022,4,1,84,null,NF,"[""hip hop"",""pop rap""]"
2022,4,1,85,null,JAY-Z,"[""east coast hip hop"",""gangster rap"",""hip hop"",""pop rap"",""rap""]"
2022,4,1,86,null,King Von,"[""chicago rap""]"
2022,4,1,87,null,JID,"[""hip hop"",""pop rap"",""rap"",""underground hip hop""]"
2022,4,1,88,null,Katy Perry,"[""pop""]"
2022,4,1,89,null,Kevin Gates,"[""baton rouge rap"",""rap"",""southern hip hop"",""trap""]"
2022,4,1,90,null,Jason Aldean,"[""contemporary country"",""country"",""country road"",""modern country rock""]"
2022,4,1,91,null,One Direction,"[""boy band"",""pop"",""post-teen pop"",""talent show""]"
2022,4,1,92,null,KAROL G,"[""reggaeton"",""reggaeton colombiano"",""trap latino"",""urbano latino""]"
2022,4,1,93,null,Marshmello,"[""brostep"",""edm"",""pop"",""progressive electro house""]"
2022,4,1,94,null,Key Glock,"[""memphis hip hop"",""rap"",""southern hip hop"",""tennessee hip hop"",""trap""]"
2022,4,1,95,null,Beyoncé,"[""pop"",""r&b""]"
2022,4,1,96,null,Moneybagg Yo,"[""memphis hip hop"",""rap"",""southern hip hop"",""tennessee hip hop"",""trap""]"
2022,4,1,97,null,Chris Stapleton,"[""contemporary country"",""outlaw country""]"
2022,4,1,98,null,Summer Walker,"[""r&b"",""rap""]"
2022,4,1,99,null,Lady Gaga,"[""corridos tumbados"",""sad sierreno""]"
2022,4,1,100,null,Elton John,"[""glam rock"",""mellow gold"",""piano rock"",""rock""]"
2022,4,1,101,null,Arctic Monkeys,"[""garage rock"",""modern rock"",""permanent wave"",""rock"",""sheffield indie""]"
2022,4,1,102,null,Labrinth,"[""indie poptimism"",""pop""]"
2022,4,1,103,null,Ozuna,"[""puerto rican pop"",""reggaeton"",""trap latino"",""urbano latino""]"
2022,4,1,104,null,Cardi B,"[""pop"",""rap""]"
2022,4,1,105,null,Young Dolph,"[""memphis hip hop"",""rap"",""southern hip hop"",""tennessee hip hop"",""trap""]"
2022,4,1,106,null,Russ,[]
2022,4,1,107,null,Gucci Mane,"[""atl hip hop"",""dirty south rap"",""hip hop"",""pop rap"",""rap"",""southern hip hop"",""trap""]"
2022,4,1,108,null,Childish Gambino,"[""atl hip hop"",""hip hop"",""rap""]"
2022,4,1,109,null,Anuel AA,"[""reggaeton"",""reggaeton flow"",""trap boricua"",""trap latino"",""urbano latino""]"
2022,4,1,110,null,Roddy Ricch,"[""melodic rap"",""rap"",""trap""]"
2022,4,1,111,null,Tame Impala,"[""australian psych"",""modern rock"",""neo-psychedelic"",""rock""]"
2022,4,1,112,null,Wiz Khalifa,"[""hip hop"",""pittsburgh rap"",""pop rap"",""rap"",""southern hip hop"",""trap""]"
2022,4,1,113,null,Rex Orange County,"[""bedroom pop""]"
2022,4,1,114,null,Tate McRae,"[""alt z"",""pop""]"
2022,4,1,115,null,Brent Faiyaz,"[""r&b"",""rap""]"
2022,4,1,116,null,Joji,"[""viral pop""]"
2022,4,1,117,null,Anderson .Paak,"[""escape room"",""hip hop"",""indie soul"",""neo soul""]"
2022,4,1,118,null,Linkin Park,"[""alternative metal"",""nu metal"",""post-grunge"",""rap metal"",""rock""]"
2022,4,1,119,null,2Pac,"[""g funk"",""gangster rap"",""hip hop"",""rap"",""west coast rap""]"
2022,4,1,120,null,Ty Dolla $ign,"[""hip hop"",""pittsburgh rap"",""pop rap"",""rap"",""southern hip hop"",""trap""]"
2022,4,1,121,null,Big Sean,"[""detroit hip hop"",""hip hop"",""pop rap"",""r&b"",""rap"",""trap""]"
2022,4,1,122,null,Eslabon Armado,"[""corrido"",""corridos tumbados"",""sad sierreno"",""sierreno""]"
2022,4,1,123,null,Queen,"[""k-pop girl group""]"
2022,4,1,124,null,Twenty One Pilots,"[""modern rock"",""pop"",""pov: indie"",""rock""]"
2022,4,1,125,null,NLE Choppa,"[""memphis hip hop"",""rap""]"
2022,4,1,126,null,Stephanie Beatriz,"[""hollywood"",""movie tunes""]"
2022,4,1,127,null,Lil Tecca,"[""melodic rap"",""pluggnb"",""rap""]"
2022,4,1,128,null,Panic! At The Disco,"[""modern rock"",""pop""]"
2022,4,1,129,null,Kali Uchis,"[""colombian pop""]"
2022,4,1,130,null,Migos,"[""atl hip hop"",""hip hop"",""pop rap"",""rap"",""trap""]"
2022,4,1,131,null,Mac DeMarco,"[""edmonton indie"",""lo-fi indie"",""pov: indie""]"
2022,4,1,132,null,Foo Fighters,"[""alternative metal"",""alternative rock"",""modern rock"",""permanent wave"",""post-grunge"",""rock""]"
2022,4,1,133,null,WILLOW,"[""afrofuturism"",""pop"",""post-teen pop"",""pov: indie""]"
2022,4,1,134,null,Tory Lanez,"[""canadian hip hop"",""canadian trap"",""melodic rap"",""pop rap"",""r&b"",""rap"",""trap""]"
2022,4,1,135,null,Kehlani,"[""pop"",""r&b"",""rap""]"
2022,4,1,136,null,Fleetwood Mac,"[""album rock"",""classic rock"",""rock"",""soft rock"",""yacht rock""]"
2022,4,1,137,null,Steve Lacy,"[""afrofuturism""]"
2022,4,1,138,null,Zach Bryan,"[""classic oklahoma country"",""modern country pop""]"
2022,4,1,139,null,Melanie Martinez,"[""alt z"",""electropop"",""pop""]"
2022,4,1,140,null,Fall Out Boy,"[""emo"",""modern rock"",""pop"",""rock""]"
2022,4,1,141,null,Kane Brown,"[""black americana"",""contemporary country"",""country"",""country road""]"
2022,4,1,142,null,Cody Johnson,"[""classic texas country"",""contemporary country""]"
2022,4,1,143,null,Jhayco,"[""reggaeton"",""trap latino"",""urbano latino""]"
2022,4,1,144,null,Florida Georgia Line,"[""contemporary country"",""country"",""country pop"",""country road"",""modern country rock""]"
2022,4,1,145,null,DJ Khaled,"[""hip hop"",""miami hip hop"",""pop rap"",""rap""]"
2022,4,1,146,null,Ski Mask The Slump God,"[""hip hop"",""miami hip hop"",""pop rap"",""rap"",""trap""]"
2022,4,1,147,null,Tyler Childers,"[""kentucky indie"",""kentucky roots"",""outlaw country""]"
2022,4,1,148,null,5 Seconds of Summer,"[""boy band"",""pop""]"
2022,4,1,149,null,iann dior,"[""melodic rap""]"
2022,4,1,150,null,Denzel Curry,"[""dark trap"",""drill"",""hip hop"",""miami hip hop"",""pop rap"",""rap"",""trap"",""underground hip hop""]"
2022,4,1,151,null,Diplo,"[""dance pop"",""edm"",""electro house"",""moombahton"",""pop dance""]"
2022,4,1,152,null,Camila Cabello,"[""dance pop"",""pop""]"
2022,4,1,153,null,Giveon,"[""r&b""]"
2022,4,1,154,null,OneRepublic,"[""piano rock"",""pop""]"
2022,4,1,155,null,Sleepy Hallow,"[""brooklyn drill"",""nyc rap""]"
2022,4,1,156,null,Michael Jackson,"[""r&b"",""soul""]"
2022,4,1,157,null,Don Toliver,"[""pop rap"",""rap"",""trap""]"
2022,4,1,158,null,David Guetta,"[""big room"",""dance pop"",""edm"",""pop"",""pop dance""]"
2022,4,1,159,null,Farruko,"[""reggaeton"",""trap latino"",""urbano latino""]"
2022,4,1,160,null,Grupo Firme,"[""musica mexicana"",""norteno"",""sierreno""]"
2022,4,1,161,null,Metallica,"[""hard rock"",""metal"",""old school thrash"",""rock"",""thrash metal""]"
2022,4,1,162,null,Logic,"[""conscious hip hop"",""hip hop"",""pop rap"",""rap""]"
2022,4,1,163,null,Pharrell Williams,"[""dance pop"",""pop""]"
2022,4,1,164,null,Pitbull,"[""dance pop"",""miami hip hop"",""pop""]"
2022,4,1,165,null,Luke Bryan,"[""contemporary country"",""country"",""country road"",""modern country rock""]"
2022,4,1,166,null,Meek Mill,"[""hip hop"",""philly rap"",""pop rap"",""rap"",""southern hip hop"",""trap""]"
2022,4,1,167,null,Maluma,"[""latin pop"",""reggaeton"",""reggaeton colombiano"",""trap latino"",""urbano latino""]"
2022,4,1,168,null,Bryson Tiller,"[""kentucky hip hop"",""r&b"",""rap""]"
2022,4,1,169,null,Myke Towers,"[""reggaeton"",""trap latino"",""urbano latino""]"
2022,4,1,170,null,Calvin Harris,"[""dance pop"",""edm"",""electro house"",""house"",""pop"",""pop dance"",""progressive house"",""uk dance""]"
2022,4,1,171,null,The Chainsmokers,"[""pop""]"
2022,4,1,172,null,The Lumineers,"[""folk-pop"",""modern rock"",""stomp and holler""]"
2022,4,1,173,null,Maren Morris,"[""classic texas country"",""contemporary country""]"
2022,4,1,174,null,John Mayer,"[""neo mellow"",""singer-songwriter""]"
2022,4,1,175,null,Tyga,"[""hip hop"",""pop rap"",""rap"",""trap""]"
2022,4,1,176,null,Green Day,"[""modern rock"",""permanent wave"",""punk"",""rock""]"
2022,4,1,177,null,Conan Gray,"[""bedroom pop"",""pop"",""pov: indie""]"
2022,4,1,178,null,Hozier,"[""irish singer-songwriter"",""modern rock"",""pov: indie""]"
2022,4,1,179,null,Lorde,"[""art pop"",""metropopolis"",""nz pop"",""pop""]"
2022,4,1,180,null,YNW Melly,"[""melodic rap"",""rap""]"
2022,4,1,181,null,Jhené Aiko,"[""r&b""]"
2022,4,1,182,null,AC/DC,"[""australian rock"",""hard rock"",""rock""]"
2022,4,1,183,null,The Notorious B.I.G.,"[""east coast hip hop"",""gangster rap"",""hardcore hip hop"",""hip hop"",""rap""]"
2022,4,1,184,null,Demi Lovato,"[""pop"",""post-teen pop""]"
2022,4,1,185,null,USHER,"[""atl hip hop"",""contemporary r&b"",""dance pop"",""pop"",""r&b"",""rap"",""south carolina hip hop"",""urban contemporary""]"
2022,4,1,186,null,George Strait,"[""contemporary country"",""country"",""country road""]"
2022,4,1,187,null,Junior H,"[""corrido"",""corridos tumbados"",""musica mexicana"",""sad sierreno"",""sierreno""]"
2022,4,1,188,null,Mora,"[""alt z""]"
2022,4,1,189,null,42 Dugg,"[""detroit trap"",""southern hip hop"",""trap""]"
2022,4,1,190,null,50 Cent,"[""east coast hip hop"",""gangster rap"",""hip hop"",""pop rap"",""queens hip hop"",""rap""]"
2022,4,1,191,null,Sech,"[""panamanian pop"",""reggaeton"",""trap latino"",""urbano latino""]"
2022,4,1,192,null,Gorillaz,"[""alternative hip hop"",""modern rock"",""rock""]"
2022,4,1,193,null,Miranda Lambert,"[""contemporary country"",""country"",""country dawn"",""country road""]"
2022,4,1,194,null,Billy Joel,"[""album rock"",""classic rock"",""heartland rock"",""mellow gold"",""piano rock"",""rock"",""singer-songwriter"",""soft rock""]"
2022,4,1,195,null,Clairo,"[""bedroom pop"",""indie pop"",""pov: indie""]"
2022,4,1,196,null,2 Chainz,"[""atl hip hop"",""hip hop"",""pop rap"",""rap"",""southern hip hop"",""trap""]"
2022,4,1,197,null,Paramore,"[""candy pop"",""modern rock"",""pixie"",""pop"",""pop emo"",""pop punk"",""rock""]"
2022,4,1,198,null,Kenny Chesney,"[""contemporary country"",""country"",""country road""]"
2022,4,1,199,null,Cavetown,"[""bedroom pop"",""indie pop"",""pov: indie""]"
2022,4,1,200,null,Led Zeppelin,"[""album rock"",""classic rock"",""hard rock"",""rock""]"
2022,5,1,1,null,Future,"[""atl hip hop"",""hip hop"",""rap"",""southern hip hop"",""trap""]"
2022,5,1,2,null,Drake,"[""canadian hip hop"",""canadian pop"",""hip hop"",""pop rap"",""rap""]"
2022,5,1,3,null,Kanye West,"[""chicago rap"",""hip hop"",""rap""]"
2022,5,1,4,null,Taylor Swift,"[""pop""]"
2022,5,1,5,null,Juice WRLD,"[""chicago rap"",""melodic rap"",""rap""]"
2022,5,1,6,null,Bad Bunny,"[""reggaeton"",""trap latino"",""urbano latino""]"
2022,5,1,7,null,The Weeknd,"[""canadian contemporary r&b"",""canadian pop"",""pop""]"
2022,5,1,8,null,Lil Baby,"[""atl hip hop"",""atl trap"",""rap"",""trap""]"
2022,5,1,9,null,Morgan Wallen,"[""contemporary country""]"
2022,5,1,10,null,J. Cole,"[""conscious hip hop"",""hip hop"",""north carolina hip hop"",""rap""]"
2022,5,1,11,null,Justin Bieber,"[""canadian pop"",""pop""]"
2022,5,1,12,null,Doja Cat,"[""dance pop"",""pop""]"
2022,5,1,13,null,YoungBoy Never Broke Again,"[""baton rouge rap"",""rap""]"
2022,5,1,14,null,Gunna,"[""atl hip hop"",""melodic rap"",""rap"",""trap""]"
2022,5,1,15,null,"Tyler, The Creator","[""hip hop"",""rap""]"
2022,5,1,16,null,Jack Harlow,"[""deep underground hip hop"",""kentucky hip hop"",""pop rap"",""rap""]"
2022,5,1,17,null,Kendrick Lamar,"[""conscious hip hop"",""hip hop"",""rap"",""west coast rap""]"
2022,5,1,18,null,Eminem,"[""detroit hip hop"",""hip hop"",""rap""]"
2022,5,1,19,null,Harry Styles,"[""pop""]"
2022,5,1,20,null,Lil Uzi Vert,"[""hip hop"",""melodic rap"",""philly rap"",""rage rap"",""rap""]"
2022,5,1,21,null,Lil Durk,"[""chicago drill"",""chicago rap"",""drill"",""hip hop"",""rap"",""trap""]"
2022,5,1,22,null,Polo G,"[""chicago rap"",""rap""]"
2022,5,1,23,null,XXXTENTACION,"[""emo rap"",""miami hip hop""]"
2022,5,1,24,null,Post Malone,"[""dfw rap"",""melodic rap"",""pop"",""rap""]"
2022,5,1,25,null,21 Savage,"[""atl hip hop"",""hip hop"",""rap""]"
2022,5,1,26,null,Mac Miller,"[""hip hop"",""pittsburgh rap"",""pop rap"",""rap""]"
2022,5,1,27,null,Billie Eilish,"[""indie hip hop""]"
2022,5,1,28,null,Travis Scott,"[""hip hop"",""rap"",""slap house""]"
2022,5,1,29,null,$uicideboy$,"[""cloud rap"",""dark trap"",""new orleans rap"",""underground hip hop""]"
2022,5,1,30,null,Ariana Grande,"[""pop""]"
2022,5,1,31,null,Ed Sheeran,"[""pop"",""singer-songwriter pop"",""uk pop""]"
2022,5,1,32,null,BTS,"[""k-pop"",""k-pop boy group"",""pop""]"
2022,5,1,33,null,Yeat,"[""canadian hip hop"",""canadian pop"",""hip hop"",""pop rap"",""rap""]"
2022,5,1,34,null,Kodak Black,"[""florida drill"",""florida rap"",""melodic rap"",""miami hip hop"",""rap"",""trap"",""trap latino""]"
2022,5,1,35,null,Bruno Mars,"[""dance pop"",""pop""]"
2022,5,1,36,null,Lin-Manuel Miranda,"[""broadway"",""show tunes""]"
2022,5,1,37,null,Olivia Rodrigo,"[""pop""]"
2022,5,1,38,null,Trippie Redd,"[""melodic rap"",""rap"",""trap""]"
2022,5,1,39,null,Playboi Carti,"[""atl hip hop"",""plugg"",""pluggnb"",""rage rap"",""rap""]"
2022,5,1,40,null,Young Thug,"[""atl hip hop"",""atl trap"",""gangster rap"",""melodic rap"",""rap"",""trap""]"
2022,5,1,41,null,Lil Wayne,"[""hip hop"",""new orleans rap"",""pop rap"",""rap"",""trap""]"
2022,5,1,42,null,Khalid,"[""pop"",""pop r&b""]"
2022,5,1,43,null,Luke Combs,"[""contemporary country"",""country""]"
2022,5,1,44,null,Rihanna,"[""barbadian pop"",""pop"",""urban contemporary""]"
2022,5,1,45,null,KAROL G,"[""reggaeton"",""reggaeton colombiano"",""trap latino"",""urbano latino""]"
2022,5,1,46,null,DaBaby,"[""hip hop"",""north carolina hip hop"",""pop rap"",""rap"",""trap""]"
2022,5,1,47,null,J Balvin,"[""reggaeton"",""reggaeton colombiano"",""trap latino"",""urbano latino""]"
2022,5,1,48,null,Imagine Dragons,"[""modern rock"",""pop"",""rock""]"
2022,5,1,49,null,The Kid LAROI,"[""australian hip hop""]"
2022,5,1,50,null,Nicki Minaj,"[""hip pop"",""pop"",""queens hip hop"",""rap""]"
2022,5,1,51,null,Machine Gun Kelly,"[""ohio hip hop"",""pop rap""]"
2022,5,1,52,null,Dua Lipa,"[""dance pop"",""pop"",""uk pop""]"
2022,5,1,53,null,Frank Ocean,"[""lgbtq+ hip hop"",""neo soul""]"
2022,5,1,54,null,Megan Thee Stallion,"[""houston rap"",""pop"",""r&b"",""rap"",""trap queen""]"
2022,5,1,55,null,SZA,"[""pop"",""r&b"",""rap""]"
2022,5,1,56,null,A Boogie Wit da Hoodie,"[""melodic rap"",""rap"",""trap""]"
2022,5,1,57,null,Kid Cudi,"[""hip hop"",""ohio hip hop"",""pop rap"",""rap""]"
2022,5,1,58,null,Lil Tjay,"[""brooklyn drill"",""melodic rap"",""nyc rap"",""rap""]"
2022,5,1,59,null,Pop Smoke,"[""brooklyn drill"",""rap""]"
2022,5,1,60,null,The Neighbourhood,"[""modern alternative rock"",""modern rock"",""pop"",""pov: indie""]"
2022,5,1,61,null,Daddy Yankee,"[""latin hip hop"",""reggaeton"",""trap latino"",""urbano latino""]"
2022,5,1,62,null,Lil Peep,"[""cloud rap"",""emo rap"",""lgbtq+ hip hop""]"
2022,5,1,63,null,Lana Del Rey,"[""art pop"",""pop""]"
2022,5,1,64,null,The Beatles,"[""british invasion"",""classic rock"",""merseybeat"",""psychedelic rock"",""rock""]"
2022,5,1,65,null,Rod Wave,"[""florida rap""]"
2022,5,1,66,null,Rauw Alejandro,"[""puerto rican pop"",""reggaeton"",""trap latino"",""urbano latino""]"
2022,5,1,67,null,Coldplay,"[""permanent wave"",""pop""]"
2022,5,1,68,null,Mitski,"[""brooklyn indie"",""pov: indie""]"
2022,5,1,69,null,Kehlani,"[""pop"",""r&b"",""rap""]"
2022,5,1,70,null,Chris Brown,"[""r&b"",""rap""]"
2022,5,1,71,null,Don Toliver,"[""pop rap"",""rap"",""trap""]"
2022,5,1,72,null,Metro Boomin,"[""rap""]"
2022,5,1,73,null,JAY-Z,"[""east coast hip hop"",""gangster rap"",""hip hop"",""pop rap"",""rap""]"
2022,5,1,74,null,Maroon 5,"[""pop""]"
2022,5,1,75,null,Lil Nas X,"[""lgbtq+ hip hop""]"
2022,5,1,76,null,Adele,"[""british soul"",""pop"",""pop soul"",""uk pop""]"
2022,5,1,77,null,Halsey,"[""electropop"",""etherpop"",""indie poptimism"",""pop""]"
2022,5,1,78,null,A$AP Rocky,"[""east coast hip hop"",""hip hop"",""rap"",""trap""]"
2022,5,1,79,null,Zach Bryan,"[""classic oklahoma country"",""modern country pop""]"
2022,5,1,80,null,Baby Keem,"[""hip hop"",""rap""]"
2022,5,1,81,null,blackbear,"[""pop""]"
2022,5,1,82,null,Jason Aldean,"[""contemporary country"",""country"",""country road"",""modern country rock""]"
2022,5,1,83,null,Glass Animals,"[""gauze pop"",""indietronica"",""modern rock"",""pov: indie"",""shiver pop""]"
2022,5,1,84,null,King Von,"[""chicago rap""]"
2022,5,1,85,null,Nirvana,"[""grunge"",""permanent wave"",""rock""]"
2022,5,1,86,null,NF,"[""hip hop"",""pop rap""]"
2022,5,1,87,null,One Direction,"[""boy band"",""pop"",""post-teen pop"",""talent show""]"
2022,5,1,88,null,Russ,[]
2022,5,1,89,null,Marshmello,"[""brostep"",""edm"",""pop"",""progressive electro house""]"
2022,5,1,90,null,Lizzo,"[""escape room"",""minnesota hip hop"",""pop"",""trap queen""]"
2022,5,1,91,null,Miley Cyrus,"[""pop""]"
2022,5,1,92,null,Cardi B,"[""pop"",""rap""]"
2022,5,1,93,null,Katy Perry,"[""pop""]"
2022,5,1,94,null,Lady Gaga,"[""corridos tumbados"",""sad sierreno""]"
2022,5,1,95,null,Childish Gambino,"[""atl hip hop"",""hip hop"",""rap""]"
2022,5,1,96,null,Red Hot Chili Peppers,"[""alternative rock"",""funk metal"",""funk rock"",""permanent wave"",""rock""]"
2022,5,1,97,null,Kevin Gates,"[""baton rouge rap"",""rap"",""southern hip hop"",""trap""]"
2022,5,1,98,null,Shawn Mendes,"[""canadian pop"",""pop"",""viral pop""]"
2022,5,1,99,null,Beyoncé,"[""pop"",""r&b""]"
2022,5,1,100,null,Elton John,"[""glam rock"",""mellow gold"",""piano rock"",""rock""]"
2022,5,1,101,null,Arctic Monkeys,"[""garage rock"",""modern rock"",""permanent wave"",""rock"",""sheffield indie""]"
2022,5,1,102,null,Pusha T,"[""gangster rap"",""hip hop"",""pop rap"",""rap"",""southern hip hop"",""trap"",""virginia hip hop""]"
2022,5,1,103,null,Moneybagg Yo,"[""memphis hip hop"",""rap"",""southern hip hop"",""tennessee hip hop"",""trap""]"
2022,5,1,104,null,Tems,"[""afro r&b"",""alte"",""nigerian pop""]"
2022,5,1,105,null,Chris Stapleton,"[""contemporary country"",""outlaw country""]"
2022,5,1,106,null,Ozuna,"[""puerto rican pop"",""reggaeton"",""trap latino"",""urbano latino""]"
2022,5,1,107,null,Camila Cabello,"[""dance pop"",""pop""]"
2022,5,1,108,null,Miranda Lambert,"[""contemporary country"",""country"",""country dawn"",""country road""]"
2022,5,1,109,null,Panic! At The Disco,"[""modern rock"",""pop""]"
2022,5,1,110,null,WILLOW,"[""afrofuturism"",""pop"",""post-teen pop"",""pov: indie""]"
2022,5,1,111,null,Wiz Khalifa,"[""hip hop"",""pittsburgh rap"",""pop rap"",""rap"",""southern hip hop"",""trap""]"
2022,5,1,112,null,Melanie Martinez,"[""alt z"",""electropop"",""pop""]"
2022,5,1,113,null,Pooh Shiesty,[]
2022,5,1,114,null,Joji,"[""viral pop""]"
2022,5,1,115,null,Migos,"[""atl hip hop"",""hip hop"",""pop rap"",""rap"",""trap""]"
2022,5,1,116,null,Queen,"[""k-pop girl group""]"
2022,5,1,117,null,Tame Impala,"[""australian psych"",""modern rock"",""neo-psychedelic"",""rock""]"
2022,5,1,118,null,Big Sean,"[""detroit hip hop"",""hip hop"",""pop rap"",""r&b"",""rap"",""trap""]"
2022,5,1,119,null,Gucci Mane,"[""atl hip hop"",""dirty south rap"",""hip hop"",""pop rap"",""rap"",""southern hip hop"",""trap""]"
2022,5,1,120,null,Anuel AA,"[""reggaeton"",""reggaeton flow"",""trap boricua"",""trap latino"",""urbano latino""]"
2022,5,1,121,null,Eslabon Armado,"[""corrido"",""corridos tumbados"",""sad sierreno"",""sierreno""]"
2022,5,1,122,null,Roddy Ricch,"[""melodic rap"",""rap"",""trap""]"
2022,5,1,123,null,Giveon,"[""r&b""]"
2022,5,1,124,null,Young Dolph,"[""memphis hip hop"",""rap"",""southern hip hop"",""tennessee hip hop"",""trap""]"
2022,5,1,125,null,2Pac,"[""g funk"",""gangster rap"",""hip hop"",""rap"",""west coast rap""]"
2022,5,1,126,null,Brent Faiyaz,"[""r&b"",""rap""]"
2022,5,1,127,null,Ty Dolla $ign,"[""hip hop"",""pittsburgh rap"",""pop rap"",""rap"",""southern hip hop"",""trap""]"
2022,5,1,128,null,Key Glock,"[""memphis hip hop"",""rap"",""southern hip hop"",""tennessee hip hop"",""trap""]"
2022,5,1,129,null,Florida Georgia Line,"[""contemporary country"",""country"",""country pop"",""country road"",""modern country rock""]"
2022,5,1,130,null,Summer Walker,"[""r&b"",""rap""]"
2022,5,1,131,null,Linkin Park,"[""alternative metal"",""nu metal"",""post-grunge"",""rap metal"",""rock""]"
2022,5,1,132,null,Thomas Rhett,"[""contemporary country"",""country"",""country road"",""modern country rock""]"
2022,5,1,133,null,Fleetwood Mac,"[""album rock"",""classic rock"",""rock"",""soft rock"",""yacht rock""]"
2022,5,1,134,null,Fall Out Boy,"[""emo"",""modern rock"",""pop"",""rock""]"
2022,5,1,135,null,NLE Choppa,"[""memphis hip hop"",""rap""]"
2022,5,1,136,null,Cody Johnson,"[""classic texas country"",""contemporary country""]"
2022,5,1,137,null,Twenty One Pilots,"[""modern rock"",""pop"",""pov: indie"",""rock""]"
2022,5,1,138,null,Tory Lanez,"[""canadian hip hop"",""canadian trap"",""melodic rap"",""pop rap"",""r&b"",""rap"",""trap""]"
2022,5,1,139,null,Michael Jackson,"[""r&b"",""soul""]"
2022,5,1,140,null,Rex Orange County,"[""bedroom pop""]"
2022,5,1,141,null,Steve Lacy,"[""afrofuturism""]"
2022,5,1,142,null,Labrinth,"[""indie poptimism"",""pop""]"
2022,5,1,143,null,Mac DeMarco,"[""edmonton indie"",""lo-fi indie"",""pov: indie""]"
2022,5,1,144,null,Kali Uchis,"[""colombian pop""]"
2022,5,1,145,null,Pitbull,"[""dance pop"",""miami hip hop"",""pop""]"
2022,5,1,146,null,DJ Khaled,"[""hip hop"",""miami hip hop"",""pop rap"",""rap""]"
2022,5,1,147,null,Tyler Childers,"[""kentucky indie"",""kentucky roots"",""outlaw country""]"
2022,5,1,148,null,Grupo Firme,"[""musica mexicana"",""norteno"",""sierreno""]"
2022,5,1,149,null,Lil Tecca,"[""melodic rap"",""pluggnb"",""rap""]"
2022,5,1,150,null,Conan Gray,"[""bedroom pop"",""pop"",""pov: indie""]"
2022,5,1,151,null,David Guetta,"[""big room"",""dance pop"",""edm"",""pop"",""pop dance""]"
2022,5,1,152,null,Kane Brown,"[""black americana"",""contemporary country"",""country"",""country road""]"
2022,5,1,153,null,42 Dugg,"[""detroit trap"",""southern hip hop"",""trap""]"
2022,5,1,154,null,Logic,"[""conscious hip hop"",""hip hop"",""pop rap"",""rap""]"
2022,5,1,155,null,Ski Mask The Slump God,"[""hip hop"",""miami hip hop"",""pop rap"",""rap"",""trap""]"
2022,5,1,156,null,Sam Smith,"[""pop"",""uk pop""]"
2022,5,1,157,null,Metallica,"[""hard rock"",""metal"",""old school thrash"",""rock"",""thrash metal""]"
2022,5,1,158,null,Tate McRae,"[""alt z"",""pop""]"
2022,5,1,159,null,Calvin Harris,"[""dance pop"",""edm"",""electro house"",""house"",""pop"",""pop dance"",""progressive house"",""uk dance""]"
2022,5,1,160,null,Luke Bryan,"[""contemporary country"",""country"",""country road"",""modern country rock""]"
2022,5,1,161,null,JID,"[""hip hop"",""pop rap"",""rap"",""underground hip hop""]"
2022,5,1,162,null,Sleepy Hallow,"[""brooklyn drill"",""nyc rap""]"
2022,5,1,163,null,EST Gee,"[""kentucky hip hop"",""memphis hip hop"",""southern hip hop""]"
2022,5,1,164,null,Diplo,"[""dance pop"",""edm"",""electro house"",""moombahton"",""pop dance""]"
2022,5,1,165,null,AJR,"[""pov: indie""]"
2022,5,1,166,null,The Lumineers,"[""folk-pop"",""modern rock"",""stomp and holler""]"
2022,5,1,167,null,Anderson .Paak,"[""escape room"",""hip hop"",""indie soul"",""neo soul""]"
2022,5,1,168,null,Kenny Chesney,"[""contemporary country"",""country"",""country road""]"
2022,5,1,169,null,Jhayco,"[""reggaeton"",""trap latino"",""urbano latino""]"
2022,5,1,170,null,Pharrell Williams,"[""dance pop"",""pop""]"
2022,5,1,171,null,Luis R Conriquez,"[""corrido"",""corridos tumbados"",""norteno"",""sad sierreno"",""sierreno""]"
2022,5,1,172,null,Farruko,"[""reggaeton"",""trap latino"",""urbano latino""]"
2022,5,1,173,null,Junior H,"[""corrido"",""corridos tumbados"",""musica mexicana"",""sad sierreno"",""sierreno""]"
2022,5,1,174,null,USHER,"[""atl hip hop"",""contemporary r&b"",""dance pop"",""pop"",""r&b"",""rap"",""south carolina hip hop"",""urban contemporary""]"
2022,5,1,175,null,John Mayer,"[""neo mellow"",""singer-songwriter""]"
2022,5,1,176,null,George Strait,"[""contemporary country"",""country"",""country road""]"
2022,5,1,177,null,The Chainsmokers,"[""pop""]"
2022,5,1,178,null,Tyga,"[""hip hop"",""pop rap"",""rap"",""trap""]"
2022,5,1,179,null,OneRepublic,"[""piano rock"",""pop""]"
2022,5,1,180,null,Tiësto,"[""big room"",""brostep"",""dutch edm"",""edm"",""house"",""pop dance"",""slap house"",""trance""]"
2022,5,1,181,null,Jhené Aiko,"[""r&b""]"
2022,5,1,182,null,Meek Mill,"[""hip hop"",""philly rap"",""pop rap"",""rap"",""southern hip hop"",""trap""]"
2022,5,1,183,null,Paramore,"[""candy pop"",""modern rock"",""pixie"",""pop"",""pop emo"",""pop punk"",""rock""]"
2022,5,1,184,null,AC/DC,"[""australian rock"",""hard rock"",""rock""]"
2022,5,1,185,null,Becky G,"[""latin pop"",""latin viral pop"",""rap latina"",""reggaeton"",""trap latino"",""urbano latino""]"
2022,5,1,186,null,Bryson Tiller,"[""kentucky hip hop"",""r&b"",""rap""]"
2022,5,1,187,null,Maluma,"[""latin pop"",""reggaeton"",""reggaeton colombiano"",""trap latino"",""urbano latino""]"
2022,5,1,188,null,Green Day,"[""modern rock"",""permanent wave"",""punk"",""rock""]"
2022,5,1,189,null,Billy Joel,"[""album rock"",""classic rock"",""heartland rock"",""mellow gold"",""piano rock"",""rock"",""singer-songwriter"",""soft rock""]"
2022,5,1,190,null,Myke Towers,"[""reggaeton"",""trap latino"",""urbano latino""]"
2022,5,1,191,null,Gorillaz,"[""alternative hip hop"",""modern rock"",""rock""]"
2022,5,1,192,null,YNW Melly,"[""melodic rap"",""rap""]"
2022,5,1,193,null,The Notorious B.I.G.,"[""east coast hip hop"",""gangster rap"",""hardcore hip hop"",""hip hop"",""rap""]"
2022,5,1,194,null,Lorde,"[""art pop"",""metropopolis"",""nz pop"",""pop""]"
2022,5,1,195,null,Daniel Caesar,"[""canadian contemporary r&b""]"
2022,5,1,196,null,iann dior,"[""melodic rap""]"
2022,5,1,197,null,Zac Brown Band,"[""contemporary country"",""country"",""country road"",""modern country rock""]"
2022,5,1,198,null,Demi Lovato,"[""pop"",""post-teen pop""]"
2022,5,1,199,null,5 Seconds of Summer,"[""boy band"",""pop""]"
2022,5,1,200,null,Hozier,"[""irish singer-songwriter"",""modern rock"",""pov: indie""]"
2022,6,1,1,null,Bad Bunny,"[""reggaeton"",""trap latino"",""urbano latino""]"
2022,6,1,2,null,Harry Styles,"[""pop""]"
2022,6,1,3,null,Drake,"[""canadian hip hop"",""canadian pop"",""hip hop"",""pop rap"",""rap""]"
2022,6,1,4,null,Kendrick Lamar,"[""conscious hip hop"",""hip hop"",""rap"",""west coast rap""]"
2022,6,1,5,null,Kanye West,"[""chicago rap"",""hip hop"",""rap""]"
2022,6,1,6,null,Taylor Swift,"[""pop""]"
2022,6,1,7,null,Morgan Wallen,"[""contemporary country""]"
2022,6,1,8,null,Future,"[""atl hip hop"",""hip hop"",""rap"",""southern hip hop"",""trap""]"
2022,6,1,9,null,Juice WRLD,"[""chicago rap"",""melodic rap"",""rap""]"
2022,6,1,10,null,The Weeknd,"[""canadian contemporary r&b"",""canadian pop"",""pop""]"
2022,6,1,11,null,Lil Baby,"[""atl hip hop"",""atl trap"",""rap"",""trap""]"
2022,6,1,12,null,XXXTENTACION,"[""emo rap"",""miami hip hop""]"
2022,6,1,13,null,J. Cole,"[""conscious hip hop"",""hip hop"",""north carolina hip hop"",""rap""]"
2022,6,1,14,null,Jack Harlow,"[""deep underground hip hop"",""kentucky hip hop"",""pop rap"",""rap""]"
2022,6,1,15,null,YoungBoy Never Broke Again,"[""baton rouge rap"",""rap""]"
2022,6,1,16,null,Doja Cat,"[""dance pop"",""pop""]"
2022,6,1,17,null,Post Malone,"[""dfw rap"",""melodic rap"",""pop"",""rap""]"
2022,6,1,18,null,Eminem,"[""detroit hip hop"",""hip hop"",""rap""]"
2022,6,1,19,null,Zach Bryan,"[""classic oklahoma country"",""modern country pop""]"
2022,6,1,20,null,"Tyler, The Creator","[""hip hop"",""rap""]"
2022,6,1,21,null,Justin Bieber,"[""canadian pop"",""pop""]"
2022,6,1,22,null,Lil Uzi Vert,"[""hip hop"",""melodic rap"",""philly rap"",""rage rap"",""rap""]"
2022,6,1,23,null,Polo G,"[""chicago rap"",""rap""]"
2022,6,1,24,null,Gunna,"[""atl hip hop"",""melodic rap"",""rap"",""trap""]"
2022,6,1,25,null,Travis Scott,"[""hip hop"",""rap"",""slap house""]"
2022,6,1,26,null,21 Savage,"[""atl hip hop"",""hip hop"",""rap""]"
2022,6,1,27,null,Lil Durk,"[""chicago drill"",""chicago rap"",""drill"",""hip hop"",""rap"",""trap""]"
2022,6,1,28,null,Mac Miller,"[""hip hop"",""pittsburgh rap"",""pop rap"",""rap""]"
2022,6,1,29,null,Ed Sheeran,"[""pop"",""singer-songwriter pop"",""uk pop""]"
2022,6,1,30,null,Ariana Grande,"[""pop""]"
2022,6,1,31,null,Kodak Black,"[""florida drill"",""florida rap"",""melodic rap"",""miami hip hop"",""rap"",""trap"",""trap latino""]"
2022,6,1,32,null,Dua Lipa,"[""dance pop"",""pop"",""uk pop""]"
2022,6,1,33,null,$uicideboy$,"[""cloud rap"",""dark trap"",""new orleans rap"",""underground hip hop""]"
2022,6,1,34,null,Billie Eilish,"[""indie hip hop""]"
2022,6,1,35,null,Bruno Mars,"[""dance pop"",""pop""]"
2022,6,1,36,null,Luke Combs,"[""contemporary country"",""country""]"
2022,6,1,37,null,BTS,"[""k-pop"",""k-pop boy group"",""pop""]"
2022,6,1,38,null,Young Thug,"[""atl hip hop"",""atl trap"",""gangster rap"",""melodic rap"",""rap"",""trap""]"
2022,6,1,39,null,Lil Wayne,"[""hip hop"",""new orleans rap"",""pop rap"",""rap"",""trap""]"
2022,6,1,40,null,Trippie Redd,"[""melodic rap"",""rap"",""trap""]"
2022,6,1,41,null,Playboi Carti,"[""atl hip hop"",""plugg"",""pluggnb"",""rage rap"",""rap""]"
2022,6,1,42,null,Olivia Rodrigo,"[""pop""]"
2022,6,1,43,null,Rihanna,"[""barbadian pop"",""pop"",""urban contemporary""]"
2022,6,1,44,null,Yeat,"[""canadian hip hop"",""canadian pop"",""hip hop"",""pop rap"",""rap""]"
2022,6,1,45,null,Lin-Manuel Miranda,"[""broadway"",""show tunes""]"
2022,6,1,46,null,Khalid,"[""pop"",""pop r&b""]"
2022,6,1,47,null,DaBaby,"[""hip hop"",""north carolina hip hop"",""pop rap"",""rap"",""trap""]"
2022,6,1,48,null,Tate McRae,"[""alt z"",""pop""]"
2022,6,1,49,null,Rauw Alejandro,"[""puerto rican pop"",""reggaeton"",""trap latino"",""urbano latino""]"
2022,6,1,50,null,Machine Gun Kelly,"[""ohio hip hop"",""pop rap""]"
2022,6,1,51,null,Imagine Dragons,"[""modern rock"",""pop"",""rock""]"
2022,6,1,52,null,Nicki Minaj,"[""hip pop"",""pop"",""queens hip hop"",""rap""]"
2022,6,1,53,null,KAROL G,"[""reggaeton"",""reggaeton colombiano"",""trap latino"",""urbano latino""]"
2022,6,1,54,null,J Balvin,"[""reggaeton"",""reggaeton colombiano"",""trap latino"",""urbano latino""]"
2022,6,1,55,null,Frank Ocean,"[""lgbtq+ hip hop"",""neo soul""]"
2022,6,1,56,null,Megan Thee Stallion,"[""houston rap"",""pop"",""r&b"",""rap"",""trap queen""]"
2022,6,1,57,null,Pop Smoke,"[""brooklyn drill"",""rap""]"
2022,6,1,58,null,The Kid LAROI,"[""australian hip hop""]"
2022,6,1,59,null,A Boogie Wit da Hoodie,"[""melodic rap"",""rap"",""trap""]"
2022,6,1,60,null,The Beatles,"[""british invasion"",""classic rock"",""merseybeat"",""psychedelic rock"",""rock""]"
2022,6,1,61,null,Coldplay,"[""permanent wave"",""pop""]"
2022,6,1,62,null,SZA,"[""pop"",""r&b"",""rap""]"
2022,6,1,63,null,Kid Cudi,"[""hip hop"",""ohio hip hop"",""pop rap"",""rap""]"
2022,6,1,64,null,Calvin Harris,"[""dance pop"",""edm"",""electro house"",""house"",""pop"",""pop dance"",""progressive house"",""uk dance""]"
2022,6,1,65,null,Lana Del Rey,"[""art pop"",""pop""]"
2022,6,1,66,null,Lil Peep,"[""cloud rap"",""emo rap"",""lgbtq+ hip hop""]"
2022,6,1,67,null,Maroon 5,"[""pop""]"
2022,6,1,68,null,Lady Gaga,"[""corridos tumbados"",""sad sierreno""]"
2022,6,1,69,null,Roddy Ricch,"[""melodic rap"",""rap"",""trap""]"
2022,6,1,70,null,Baby Keem,"[""hip hop"",""rap""]"
2022,6,1,71,null,Rod Wave,"[""florida rap""]"
2022,6,1,72,null,Halsey,"[""electropop"",""etherpop"",""indie poptimism"",""pop""]"
2022,6,1,73,null,The Neighbourhood,"[""modern alternative rock"",""modern rock"",""pop"",""pov: indie""]"
2022,6,1,74,null,Eslabon Armado,"[""corrido"",""corridos tumbados"",""sad sierreno"",""sierreno""]"
2022,6,1,75,null,blackbear,"[""pop""]"
2022,6,1,76,null,Moneybagg Yo,"[""memphis hip hop"",""rap"",""southern hip hop"",""tennessee hip hop"",""trap""]"
2022,6,1,77,null,Chris Brown,"[""r&b"",""rap""]"
2022,6,1,78,null,Lil Tjay,"[""brooklyn drill"",""melodic rap"",""nyc rap"",""rap""]"
2022,6,1,79,null,Daddy Yankee,"[""latin hip hop"",""reggaeton"",""trap latino"",""urbano latino""]"
2022,6,1,80,null,Lizzo,"[""escape room"",""minnesota hip hop"",""pop"",""trap queen""]"
2022,6,1,81,null,Sleepy Hallow,"[""brooklyn drill"",""nyc rap""]"
2022,6,1,82,null,A$AP Rocky,"[""east coast hip hop"",""hip hop"",""rap"",""trap""]"
2022,6,1,83,null,Jason Aldean,"[""contemporary country"",""country"",""country road"",""modern country rock""]"
2022,6,1,84,null,JAY-Z,"[""east coast hip hop"",""gangster rap"",""hip hop"",""pop rap"",""rap""]"
2022,6,1,85,null,Metro Boomin,"[""rap""]"
2022,6,1,86,null,Mitski,"[""brooklyn indie"",""pov: indie""]"
2022,6,1,87,null,Katy Perry,"[""pop""]"
2022,6,1,88,null,Lil Nas X,"[""lgbtq+ hip hop""]"
2022,6,1,89,null,Florida Georgia Line,"[""contemporary country"",""country"",""country pop"",""country road"",""modern country rock""]"
2022,6,1,90,null,Glass Animals,"[""gauze pop"",""indietronica"",""modern rock"",""pov: indie"",""shiver pop""]"
2022,6,1,91,null,Lil Tecca,"[""melodic rap"",""pluggnb"",""rap""]"
2022,6,1,92,null,Adele,"[""british soul"",""pop"",""pop soul"",""uk pop""]"
2022,6,1,93,null,Chris Stapleton,"[""contemporary country"",""outlaw country""]"
2022,6,1,94,null,Marshmello,"[""brostep"",""edm"",""pop"",""progressive electro house""]"
2022,6,1,95,null,Childish Gambino,"[""atl hip hop"",""hip hop"",""rap""]"
2022,6,1,96,null,Panic! At The Disco,"[""modern rock"",""pop""]"
2022,6,1,97,null,NF,"[""hip hop"",""pop rap""]"
2022,6,1,98,null,One Direction,"[""boy band"",""pop"",""post-teen pop"",""talent show""]"
2022,6,1,99,null,Elton John,"[""glam rock"",""mellow gold"",""piano rock"",""rock""]"
2022,6,1,100,null,Kate Bush,"[""art pop"",""art rock"",""baroque pop"",""new wave pop"",""permanent wave"",""piano rock"",""singer-songwriter""]"
2022,6,1,101,null,Thomas Rhett,"[""contemporary country"",""country"",""country road"",""modern country rock""]"
2022,6,1,102,null,Beyoncé,"[""pop"",""r&b""]"
2022,6,1,103,null,Jhayco,"[""reggaeton"",""trap latino"",""urbano latino""]"
2022,6,1,104,null,Miley Cyrus,"[""pop""]"
2022,6,1,105,null,King Von,"[""chicago rap""]"
2022,6,1,106,null,Cardi B,"[""pop"",""rap""]"
2022,6,1,107,null,Fleetwood Mac,"[""album rock"",""classic rock"",""rock"",""soft rock"",""yacht rock""]"
2022,6,1,108,null,Chencho Corleone,"[""reggaeton"",""reggaeton flow"",""trap latino"",""urbano latino""]"
2022,6,1,109,null,Red Hot Chili Peppers,"[""alternative rock"",""funk metal"",""funk rock"",""permanent wave"",""rock""]"
2022,6,1,110,null,Queen,"[""k-pop girl group""]"
2022,6,1,111,null,Nirvana,"[""grunge"",""permanent wave"",""rock""]"
2022,6,1,112,null,Luke Bryan,"[""contemporary country"",""country"",""country road"",""modern country rock""]"
2022,6,1,113,null,Kenny Chesney,"[""contemporary country"",""country"",""country road""]"
2022,6,1,114,null,Kevin Gates,"[""baton rouge rap"",""rap"",""southern hip hop"",""trap""]"
2022,6,1,115,null,Arctic Monkeys,"[""garage rock"",""modern rock"",""permanent wave"",""rock"",""sheffield indie""]"
2022,6,1,116,null,Migos,"[""atl hip hop"",""hip hop"",""pop rap"",""rap"",""trap""]"
2022,6,1,117,null,Tame Impala,"[""australian psych"",""modern rock"",""neo-psychedelic"",""rock""]"
2022,6,1,118,null,Ozuna,"[""puerto rican pop"",""reggaeton"",""trap latino"",""urbano latino""]"
2022,6,1,119,null,Anuel AA,"[""reggaeton"",""reggaeton flow"",""trap boricua"",""trap latino"",""urbano latino""]"
2022,6,1,120,null,Kane Brown,"[""black americana"",""contemporary country"",""country"",""country road""]"
2022,6,1,121,null,Summer Walker,"[""r&b"",""rap""]"
2022,6,1,122,null,Shawn Mendes,"[""canadian pop"",""pop"",""viral pop""]"
2022,6,1,123,null,Cody Johnson,"[""classic texas country"",""contemporary country""]"
2022,6,1,124,null,Don Toliver,"[""pop rap"",""rap"",""trap""]"
2022,6,1,125,null,Russ,[]
2022,6,1,126,null,Linkin Park,"[""alternative metal"",""nu metal"",""post-grunge"",""rap metal"",""rock""]"
2022,6,1,127,null,Michael Jackson,"[""r&b"",""soul""]"
2022,6,1,128,null,Wiz Khalifa,"[""hip hop"",""pittsburgh rap"",""pop rap"",""rap"",""southern hip hop"",""trap""]"
2022,6,1,129,null,Tyler Childers,"[""kentucky indie"",""kentucky roots"",""outlaw country""]"
2022,6,1,130,null,NLE Choppa,"[""memphis hip hop"",""rap""]"
2022,6,1,131,null,Twenty One Pilots,"[""modern rock"",""pop"",""pov: indie"",""rock""]"
2022,6,1,132,null,Camila Cabello,"[""dance pop"",""pop""]"
2022,6,1,133,null,Rex Orange County,"[""bedroom pop""]"
2022,6,1,134,null,2Pac,"[""g funk"",""gangster rap"",""hip hop"",""rap"",""west coast rap""]"
2022,6,1,135,null,AJR,"[""pov: indie""]"
2022,6,1,136,null,Zac Brown Band,"[""contemporary country"",""country"",""country road"",""modern country rock""]"
2022,6,1,137,null,Pitbull,"[""dance pop"",""miami hip hop"",""pop""]"
2022,6,1,138,null,Fall Out Boy,"[""emo"",""modern rock"",""pop"",""rock""]"
2022,6,1,139,null,Melanie Martinez,"[""alt z"",""electropop"",""pop""]"
2022,6,1,140,null,Logic,"[""conscious hip hop"",""hip hop"",""pop rap"",""rap""]"
2022,6,1,141,null,Joji,"[""viral pop""]"
2022,6,1,142,null,Young Dolph,"[""memphis hip hop"",""rap"",""southern hip hop"",""tennessee hip hop"",""trap""]"
2022,6,1,143,null,Big Sean,"[""detroit hip hop"",""hip hop"",""pop rap"",""r&b"",""rap"",""trap""]"
2022,6,1,144,null,The Chainsmokers,"[""pop""]"
2022,6,1,145,null,The Lumineers,"[""folk-pop"",""modern rock"",""stomp and holler""]"
2022,6,1,146,null,Brent Faiyaz,"[""r&b"",""rap""]"
2022,6,1,147,null,Tems,"[""afro r&b"",""alte"",""nigerian pop""]"
2022,6,1,148,null,Tory Lanez,"[""canadian hip hop"",""canadian trap"",""melodic rap"",""pop rap"",""r&b"",""rap"",""trap""]"
2022,6,1,149,null,OneRepublic,"[""piano rock"",""pop""]"
2022,6,1,150,null,Gucci Mane,"[""atl hip hop"",""dirty south rap"",""hip hop"",""pop rap"",""rap"",""southern hip hop"",""trap""]"
2022,6,1,151,null,Ty Dolla $ign,"[""hip hop"",""pittsburgh rap"",""pop rap"",""rap"",""southern hip hop"",""trap""]"
2022,6,1,152,null,Grupo Firme,"[""musica mexicana"",""norteno"",""sierreno""]"
2022,6,1,153,null,Miranda Lambert,"[""contemporary country"",""country"",""country dawn"",""country road""]"
2022,6,1,154,null,David Guetta,"[""big room"",""dance pop"",""edm"",""pop"",""pop dance""]"
2022,6,1,155,null,Metallica,"[""hard rock"",""metal"",""old school thrash"",""rock"",""thrash metal""]"
2022,6,1,156,null,Key Glock,"[""memphis hip hop"",""rap"",""southern hip hop"",""tennessee hip hop"",""trap""]"
2022,6,1,157,null,AC/DC,"[""australian rock"",""hard rock"",""rock""]"
2022,6,1,158,null,Conan Gray,"[""bedroom pop"",""pop"",""pov: indie""]"
2022,6,1,159,null,Luis R Conriquez,"[""corrido"",""corridos tumbados"",""norteno"",""sad sierreno"",""sierreno""]"
2022,6,1,160,null,George Strait,"[""contemporary country"",""country"",""country road""]"
2022,6,1,161,null,WILLOW,"[""afrofuturism"",""pop"",""post-teen pop"",""pov: indie""]"
2022,6,1,162,null,Steve Lacy,"[""afrofuturism""]"
2022,6,1,163,null,Gorillaz,"[""alternative hip hop"",""modern rock"",""rock""]"
2022,6,1,164,null,DJ Khaled,"[""hip hop"",""miami hip hop"",""pop rap"",""rap""]"
2022,6,1,165,null,Mac DeMarco,"[""edmonton indie"",""lo-fi indie"",""pov: indie""]"
2022,6,1,166,null,Diplo,"[""dance pop"",""edm"",""electro house"",""moombahton"",""pop dance""]"
2022,6,1,167,null,Billy Joel,"[""album rock"",""classic rock"",""heartland rock"",""mellow gold"",""piano rock"",""rock"",""singer-songwriter"",""soft rock""]"
2022,6,1,168,null,Blxst,"[""pop rap"",""westcoast flow""]"
2022,6,1,169,null,Kali Uchis,"[""colombian pop""]"
2022,6,1,170,null,My Chemical Romance,"[""emo"",""modern rock"",""pop punk"",""pov: indie"",""rock""]"
2022,6,1,171,null,Giveon,"[""r&b""]"
2022,6,1,172,null,Ski Mask The Slump God,"[""hip hop"",""miami hip hop"",""pop rap"",""rap"",""trap""]"
2022,6,1,173,null,42 Dugg,"[""detroit trap"",""southern hip hop"",""trap""]"
2022,6,1,174,null,USHER,"[""atl hip hop"",""contemporary r&b"",""dance pop"",""pop"",""r&b"",""rap"",""south carolina hip hop"",""urban contemporary""]"
2022,6,1,175,null,BoyWithUke,"[""sad rap""]"
2022,6,1,176,null,Junior H,"[""corrido"",""corridos tumbados"",""musica mexicana"",""sad sierreno"",""sierreno""]"
2022,6,1,177,null,The Notorious B.I.G.,"[""east coast hip hop"",""gangster rap"",""hardcore hip hop"",""hip hop"",""rap""]"
2022,6,1,178,null,Kehlani,"[""pop"",""r&b"",""rap""]"
2022,6,1,179,null,Led Zeppelin,"[""album rock"",""classic rock"",""hard rock"",""rock""]"
2022,6,1,180,null,Farruko,"[""reggaeton"",""trap latino"",""urbano latino""]"
2022,6,1,181,null,Anderson .Paak,"[""escape room"",""hip hop"",""indie soul"",""neo soul""]"
2022,6,1,182,null,Eric Church,"[""contemporary country"",""country"",""country road"",""modern country rock""]"
2022,6,1,183,null,Tyga,"[""hip hop"",""pop rap"",""rap"",""trap""]"
2022,6,1,184,null,Green Day,"[""modern rock"",""permanent wave"",""punk"",""rock""]"
2022,6,1,185,null,Meek Mill,"[""hip hop"",""philly rap"",""pop rap"",""rap"",""southern hip hop"",""trap""]"
2022,6,1,186,null,Tiësto,"[""big room"",""brostep"",""dutch edm"",""edm"",""house"",""pop dance"",""slap house"",""trance""]"
2022,6,1,187,null,50 Cent,"[""east coast hip hop"",""gangster rap"",""hip hop"",""pop rap"",""queens hip hop"",""rap""]"
2022,6,1,188,null,JID,"[""hip hop"",""pop rap"",""rap"",""underground hip hop""]"
2022,6,1,189,null,Lee Brice,"[""contemporary country"",""country"",""country road"",""modern country rock""]"
2022,6,1,190,null,Pharrell Williams,"[""dance pop"",""pop""]"
2022,6,1,191,null,Bryson Tiller,"[""kentucky hip hop"",""r&b"",""rap""]"
2022,6,1,192,null,John Mayer,"[""neo mellow"",""singer-songwriter""]"
2022,6,1,193,null,Sam Smith,"[""pop"",""uk pop""]"
2022,6,1,194,null,Becky G,"[""latin pop"",""latin viral pop"",""rap latina"",""reggaeton"",""trap latino"",""urbano latino""]"
2022,6,1,195,null,Sam Hunt,"[""contemporary country"",""country"",""country pop"",""modern country rock""]"
2022,6,1,196,null,Tim McGraw,"[""pop""]"
2022,6,1,197,null,Eagles,"[""album rock"",""classic rock"",""heartland rock"",""mellow gold"",""rock"",""soft rock"",""yacht rock""]"
2022,6,1,198,null,Weezer,"[""alternative rock"",""modern power pop"",""modern rock"",""permanent wave"",""rock""]"
2022,6,1,199,null,YNW Melly,"[""melodic rap"",""rap""]"
2022,6,1,200,null,The Rolling Stones,"[""album rock"",""british invasion"",""classic rock"",""rock""]"
2022,7,1,1,null,Bad Bunny,"[""reggaeton"",""trap latino"",""urbano latino""]"
2022,7,1,2,null,Drake,"[""canadian hip hop"",""canadian pop"",""hip hop"",""pop rap"",""rap""]"
2022,7,1,3,null,Taylor Swift,"[""pop""]"
2022,7,1,4,null,Kanye West,"[""chicago rap"",""hip hop"",""rap""]"
2022,7,1,5,null,Morgan Wallen,"[""contemporary country""]"
2022,7,1,6,null,The Weeknd,"[""canadian contemporary r&b"",""canadian pop"",""pop""]"
2022,7,1,7,null,Harry Styles,"[""pop""]"
2022,7,1,8,null,Juice WRLD,"[""chicago rap"",""melodic rap"",""rap""]"
2022,7,1,9,null,Post Malone,"[""dfw rap"",""melodic rap"",""pop"",""rap""]"
2022,7,1,10,null,Kendrick Lamar,"[""conscious hip hop"",""hip hop"",""rap"",""west coast rap""]"
2022,7,1,11,null,Doja Cat,"[""dance pop"",""pop""]"
2022,7,1,12,null,Future,"[""atl hip hop"",""hip hop"",""rap"",""southern hip hop"",""trap""]"
2022,7,1,13,null,21 Savage,"[""atl hip hop"",""hip hop"",""rap""]"
2022,7,1,14,null,Lil Baby,"[""atl hip hop"",""atl trap"",""rap"",""trap""]"
2022,7,1,15,null,YoungBoy Never Broke Again,"[""baton rouge rap"",""rap""]"
2022,7,1,16,null,Lil Durk,"[""chicago drill"",""chicago rap"",""drill"",""hip hop"",""rap"",""trap""]"
2022,7,1,17,null,J. Cole,"[""conscious hip hop"",""hip hop"",""north carolina hip hop"",""rap""]"
2022,7,1,18,null,Luke Combs,"[""contemporary country"",""country""]"
2022,7,1,19,null,XXXTENTACION,"[""emo rap"",""miami hip hop""]"
2022,7,1,20,null,Eminem,"[""detroit hip hop"",""hip hop"",""rap""]"
2022,7,1,21,null,"Tyler, The Creator","[""hip hop"",""rap""]"
2022,7,1,22,null,$uicideboy$,"[""cloud rap"",""dark trap"",""new orleans rap"",""underground hip hop""]"
2022,7,1,23,null,BTS,"[""k-pop"",""k-pop boy group"",""pop""]"
2022,7,1,24,null,Polo G,"[""chicago rap"",""rap""]"
2022,7,1,25,null,Justin Bieber,"[""canadian pop"",""pop""]"
2022,7,1,26,null,Jack Harlow,"[""deep underground hip hop"",""kentucky hip hop"",""pop rap"",""rap""]"
2022,7,1,27,null,Lil Uzi Vert,"[""hip hop"",""melodic rap"",""philly rap"",""rage rap"",""rap""]"
2022,7,1,28,null,Joji,"[""viral pop""]"
2022,7,1,29,null,Gunna,"[""atl hip hop"",""melodic rap"",""rap"",""trap""]"
2022,7,1,30,null,Travis Scott,"[""hip hop"",""rap"",""slap house""]"
2022,7,1,31,null,Ariana Grande,"[""pop""]"
2022,7,1,32,null,Mac Miller,"[""hip hop"",""pittsburgh rap"",""pop rap"",""rap""]"
2022,7,1,33,null,Billie Eilish,"[""indie hip hop""]"
2022,7,1,34,null,Imagine Dragons,"[""modern rock"",""pop"",""rock""]"
2022,7,1,35,null,Chris Brown,"[""r&b"",""rap""]"
2022,7,1,36,null,Machine Gun Kelly,"[""ohio hip hop"",""pop rap""]"
2022,7,1,37,null,Ed Sheeran,"[""pop"",""singer-songwriter pop"",""uk pop""]"
2022,7,1,38,null,Zach Bryan,"[""classic oklahoma country"",""modern country pop""]"
2022,7,1,39,null,Bruno Mars,"[""dance pop"",""pop""]"
2022,7,1,40,null,Lil Wayne,"[""hip hop"",""new orleans rap"",""pop rap"",""rap"",""trap""]"
2022,7,1,41,null,Dua Lipa,"[""dance pop"",""pop"",""uk pop""]"
2022,7,1,42,null,Rihanna,"[""barbadian pop"",""pop"",""urban contemporary""]"
2022,7,1,43,null,Yeat,"[""canadian hip hop"",""canadian pop"",""hip hop"",""pop rap"",""rap""]"
2022,7,1,44,null,Kodak Black,"[""florida drill"",""florida rap"",""melodic rap"",""miami hip hop"",""rap"",""trap"",""trap latino""]"
2022,7,1,45,null,Playboi Carti,"[""atl hip hop"",""plugg"",""pluggnb"",""rage rap"",""rap""]"
2022,7,1,46,null,Khalid,"[""pop"",""pop r&b""]"
2022,7,1,47,null,Trippie Redd,"[""melodic rap"",""rap"",""trap""]"
2022,7,1,48,null,Olivia Rodrigo,"[""pop""]"
2022,7,1,49,null,Metallica,"[""hard rock"",""metal"",""old school thrash"",""rock"",""thrash metal""]"
2022,7,1,50,null,J Balvin,"[""reggaeton"",""reggaeton colombiano"",""trap latino"",""urbano latino""]"
2022,7,1,51,null,SZA,"[""pop"",""r&b"",""rap""]"
2022,7,1,52,null,Halsey,"[""electropop"",""etherpop"",""indie poptimism"",""pop""]"
2022,7,1,53,null,Young Thug,"[""atl hip hop"",""atl trap"",""gangster rap"",""melodic rap"",""rap"",""trap""]"
2022,7,1,54,null,Lin-Manuel Miranda,"[""broadway"",""show tunes""]"
2022,7,1,55,null,Beyoncé,"[""pop"",""r&b""]"
2022,7,1,56,null,Rauw Alejandro,"[""puerto rican pop"",""reggaeton"",""trap latino"",""urbano latino""]"
2022,7,1,57,null,DaBaby,"[""hip hop"",""north carolina hip hop"",""pop rap"",""rap"",""trap""]"
2022,7,1,58,null,Nicki Minaj,"[""hip pop"",""pop"",""queens hip hop"",""rap""]"
2022,7,1,59,null,Giveon,"[""r&b""]"
2022,7,1,60,null,Conan Gray,"[""bedroom pop"",""pop"",""pov: indie""]"
2022,7,1,61,null,Cardi B,"[""pop"",""rap""]"
2022,7,1,62,null,Lana Del Rey,"[""art pop"",""pop""]"
2022,7,1,63,null,Frank Ocean,"[""lgbtq+ hip hop"",""neo soul""]"
2022,7,1,64,null,The Beatles,"[""british invasion"",""classic rock"",""merseybeat"",""psychedelic rock"",""rock""]"
2022,7,1,65,null,KAROL G,"[""reggaeton"",""reggaeton colombiano"",""trap latino"",""urbano latino""]"
2022,7,1,66,null,Kid Cudi,"[""hip hop"",""ohio hip hop"",""pop rap"",""rap""]"
2022,7,1,67,null,Pop Smoke,"[""brooklyn drill"",""rap""]"
2022,7,1,68,null,Megan Thee Stallion,"[""houston rap"",""pop"",""r&b"",""rap"",""trap queen""]"
2022,7,1,69,null,The Kid LAROI,"[""australian hip hop""]"
2022,7,1,70,null,Lady Gaga,"[""corridos tumbados"",""sad sierreno""]"
2022,7,1,71,null,Lil Peep,"[""cloud rap"",""emo rap"",""lgbtq+ hip hop""]"
2022,7,1,72,null,Maroon 5,"[""pop""]"
2022,7,1,73,null,A Boogie Wit da Hoodie,"[""melodic rap"",""rap"",""trap""]"
2022,7,1,74,null,Coldplay,"[""permanent wave"",""pop""]"
2022,7,1,75,null,Kate Bush,"[""art pop"",""art rock"",""baroque pop"",""new wave pop"",""permanent wave"",""piano rock"",""singer-songwriter""]"
2022,7,1,76,null,Calvin Harris,"[""dance pop"",""edm"",""electro house"",""house"",""pop"",""pop dance"",""progressive house"",""uk dance""]"
2022,7,1,77,null,Roddy Ricch,"[""melodic rap"",""rap"",""trap""]"
2022,7,1,78,null,The Neighbourhood,"[""modern alternative rock"",""modern rock"",""pop"",""pov: indie""]"
2022,7,1,79,null,Steve Lacy,"[""afrofuturism""]"
2022,7,1,80,null,Daddy Yankee,"[""latin hip hop"",""reggaeton"",""trap latino"",""urbano latino""]"
2022,7,1,81,null,Katy Perry,"[""pop""]"
2022,7,1,82,null,Luke Bryan,"[""contemporary country"",""country"",""country road"",""modern country rock""]"
2022,7,1,83,null,Marshmello,"[""brostep"",""edm"",""pop"",""progressive electro house""]"
2022,7,1,84,null,Jason Aldean,"[""contemporary country"",""country"",""country road"",""modern country rock""]"
2022,7,1,85,null,Rod Wave,"[""florida rap""]"
2022,7,1,86,null,Metro Boomin,"[""rap""]"
2022,7,1,87,null,Chris Stapleton,"[""contemporary country"",""outlaw country""]"
2022,7,1,88,null,Florida Georgia Line,"[""contemporary country"",""country"",""country pop"",""country road"",""modern country rock""]"
2022,7,1,89,null,Lil Tjay,"[""brooklyn drill"",""melodic rap"",""nyc rap"",""rap""]"
2022,7,1,90,null,JAY-Z,"[""east coast hip hop"",""gangster rap"",""hip hop"",""pop rap"",""rap""]"
2022,7,1,91,null,OneRepublic,"[""piano rock"",""pop""]"
2022,7,1,92,null,Kenny Chesney,"[""contemporary country"",""country"",""country road""]"
2022,7,1,93,null,A$AP Rocky,"[""east coast hip hop"",""hip hop"",""rap"",""trap""]"
2022,7,1,94,null,Moneybagg Yo,"[""memphis hip hop"",""rap"",""southern hip hop"",""tennessee hip hop"",""trap""]"
2022,7,1,95,null,Chencho Corleone,"[""reggaeton"",""reggaeton flow"",""trap latino"",""urbano latino""]"
2022,7,1,96,null,Kevin Gates,"[""baton rouge rap"",""rap"",""southern hip hop"",""trap""]"
2022,7,1,97,null,Lizzo,"[""escape room"",""minnesota hip hop"",""pop"",""trap queen""]"
2022,7,1,98,null,Tame Impala,"[""australian psych"",""modern rock"",""neo-psychedelic"",""rock""]"
2022,7,1,99,null,Elton John,"[""glam rock"",""mellow gold"",""piano rock"",""rock""]"
2022,7,1,100,null,Lil Nas X,"[""lgbtq+ hip hop""]"
2022,7,1,101,null,blackbear,"[""pop""]"
2022,7,1,102,null,One Direction,"[""boy band"",""pop"",""post-teen pop"",""talent show""]"
2022,7,1,103,null,Baby Keem,"[""hip hop"",""rap""]"
2022,7,1,104,null,Childish Gambino,"[""atl hip hop"",""hip hop"",""rap""]"
2022,7,1,105,null,Mitski,"[""brooklyn indie"",""pov: indie""]"
2022,7,1,106,null,Fleetwood Mac,"[""album rock"",""classic rock"",""rock"",""soft rock"",""yacht rock""]"
2022,7,1,107,null,Queen,"[""k-pop girl group""]"
2022,7,1,108,null,Glass Animals,"[""gauze pop"",""indietronica"",""modern rock"",""pov: indie"",""shiver pop""]"
2022,7,1,109,null,Adele,"[""british soul"",""pop"",""pop soul"",""uk pop""]"
2022,7,1,110,null,Miley Cyrus,"[""pop""]"
2022,7,1,111,null,Zac Brown Band,"[""contemporary country"",""country"",""country road"",""modern country rock""]"
2022,7,1,112,null,Elvis Presley,"[""rock-and-roll"",""rockabilly""]"
2022,7,1,113,null,NF,"[""hip hop"",""pop rap""]"
2022,7,1,114,null,Eslabon Armado,"[""corrido"",""corridos tumbados"",""sad sierreno"",""sierreno""]"
2022,7,1,115,null,Sleepy Hallow,"[""brooklyn drill"",""nyc rap""]"
2022,7,1,116,null,Brent Faiyaz,"[""r&b"",""rap""]"
2022,7,1,117,null,Michael Jackson,"[""r&b"",""soul""]"
2022,7,1,118,null,Red Hot Chili Peppers,"[""alternative rock"",""funk metal"",""funk rock"",""permanent wave"",""rock""]"
2022,7,1,119,null,Pharrell Williams,"[""dance pop"",""pop""]"
2022,7,1,120,null,Kane Brown,"[""black americana"",""contemporary country"",""country"",""country road""]"
2022,7,1,121,null,Shawn Mendes,"[""canadian pop"",""pop"",""viral pop""]"
2022,7,1,122,null,Jhayco,"[""reggaeton"",""trap latino"",""urbano latino""]"
2022,7,1,123,null,Thomas Rhett,"[""contemporary country"",""country"",""country road"",""modern country rock""]"
2022,7,1,124,null,Panic! At The Disco,"[""modern rock"",""pop""]"
2022,7,1,125,null,Nirvana,"[""grunge"",""permanent wave"",""rock""]"
2022,7,1,126,null,USHER,"[""atl hip hop"",""contemporary r&b"",""dance pop"",""pop"",""r&b"",""rap"",""south carolina hip hop"",""urban contemporary""]"
2022,7,1,127,null,Arctic Monkeys,"[""garage rock"",""modern rock"",""permanent wave"",""rock"",""sheffield indie""]"
2022,7,1,128,null,Charlie Puth,"[""pop"",""viral pop""]"
2022,7,1,129,null,Ozuna,"[""puerto rican pop"",""reggaeton"",""trap latino"",""urbano latino""]"
2022,7,1,130,null,Gucci Mane,"[""atl hip hop"",""dirty south rap"",""hip hop"",""pop rap"",""rap"",""southern hip hop"",""trap""]"
2022,7,1,131,null,Cody Johnson,"[""classic texas country"",""contemporary country""]"
2022,7,1,132,null,Anuel AA,"[""reggaeton"",""reggaeton flow"",""trap boricua"",""trap latino"",""urbano latino""]"
2022,7,1,133,null,Linkin Park,"[""alternative metal"",""nu metal"",""post-grunge"",""rap metal"",""rock""]"
2022,7,1,134,null,Pitbull,"[""dance pop"",""miami hip hop"",""pop""]"
2022,7,1,135,null,Miranda Lambert,"[""contemporary country"",""country"",""country dawn"",""country road""]"
2022,7,1,136,null,King Von,"[""chicago rap""]"
2022,7,1,137,null,Tyler Childers,"[""kentucky indie"",""kentucky roots"",""outlaw country""]"
2022,7,1,138,null,Logic,"[""conscious hip hop"",""hip hop"",""pop rap"",""rap""]"
2022,7,1,139,null,Lil Tecca,"[""melodic rap"",""pluggnb"",""rap""]"
2022,7,1,140,null,Wiz Khalifa,"[""hip hop"",""pittsburgh rap"",""pop rap"",""rap"",""southern hip hop"",""trap""]"
2022,7,1,141,null,Migos,"[""atl hip hop"",""hip hop"",""pop rap"",""rap"",""trap""]"
2022,7,1,142,null,Fall Out Boy,"[""emo"",""modern rock"",""pop"",""rock""]"
2022,7,1,143,null,Journey,"[""album rock"",""classic rock"",""hard rock"",""heartland rock"",""mellow gold"",""rock"",""soft rock""]"
2022,7,1,144,null,AC/DC,"[""australian rock"",""hard rock"",""rock""]"
2022,7,1,145,null,2Pac,"[""g funk"",""gangster rap"",""hip hop"",""rap"",""west coast rap""]"
2022,7,1,146,null,Don Toliver,"[""pop rap"",""rap"",""trap""]"
2022,7,1,147,null,Twenty One Pilots,"[""modern rock"",""pop"",""pov: indie"",""rock""]"
2022,7,1,148,null,Rex Orange County,"[""bedroom pop""]"
2022,7,1,149,null,Summer Walker,"[""r&b"",""rap""]"
2022,7,1,150,null,Russ,[]
2022,7,1,151,null,Tate McRae,"[""alt z"",""pop""]"
2022,7,1,152,null,The Chainsmokers,"[""pop""]"
2022,7,1,153,null,Yung Gravy,"[""meme rap"",""minnesota hip hop""]"
2022,7,1,154,null,AJR,"[""pov: indie""]"
2022,7,1,155,null,David Guetta,"[""big room"",""dance pop"",""edm"",""pop"",""pop dance""]"
2022,7,1,156,null,George Strait,"[""contemporary country"",""country"",""country road""]"
2022,7,1,157,null,Billy Joel,"[""album rock"",""classic rock"",""heartland rock"",""mellow gold"",""piano rock"",""rock"",""singer-songwriter"",""soft rock""]"
2022,7,1,158,null,Tems,"[""afro r&b"",""alte"",""nigerian pop""]"
2022,7,1,159,null,Gorillaz,"[""alternative hip hop"",""modern rock"",""rock""]"
2022,7,1,160,null,Luis R Conriquez,"[""corrido"",""corridos tumbados"",""norteno"",""sad sierreno"",""sierreno""]"
2022,7,1,161,null,Diplo,"[""dance pop"",""edm"",""electro house"",""moombahton"",""pop dance""]"
2022,7,1,162,null,NLE Choppa,"[""memphis hip hop"",""rap""]"
2022,7,1,163,null,Young Dolph,"[""memphis hip hop"",""rap"",""southern hip hop"",""tennessee hip hop"",""trap""]"
2022,7,1,164,null,Tory Lanez,"[""canadian hip hop"",""canadian trap"",""melodic rap"",""pop rap"",""r&b"",""rap"",""trap""]"
2022,7,1,165,null,Shakira,"[""colombian pop"",""dance pop"",""latin pop"",""pop""]"
2022,7,1,166,null,Camila Cabello,"[""dance pop"",""pop""]"
2022,7,1,167,null,Grupo Firme,"[""musica mexicana"",""norteno"",""sierreno""]"
2022,7,1,168,null,Melanie Martinez,"[""alt z"",""electropop"",""pop""]"
2022,7,1,169,null,Jon Pardi,"[""contemporary country"",""country"",""country road"",""modern country rock""]"
2022,7,1,170,null,Mac DeMarco,"[""edmonton indie"",""lo-fi indie"",""pov: indie""]"
2022,7,1,171,null,Big Sean,"[""detroit hip hop"",""hip hop"",""pop rap"",""r&b"",""rap"",""trap""]"
2022,7,1,172,null,Creedence Clearwater Revival,"[""classic rock"",""country rock"",""rock"",""southern rock"",""swamp rock""]"
2022,7,1,173,null,Led Zeppelin,"[""album rock"",""classic rock"",""hard rock"",""rock""]"
2022,7,1,174,null,Eagles,"[""album rock"",""classic rock"",""heartland rock"",""mellow gold"",""rock"",""soft rock"",""yacht rock""]"
2022,7,1,175,null,Ty Dolla $ign,"[""hip hop"",""pittsburgh rap"",""pop rap"",""rap"",""southern hip hop"",""trap""]"
2022,7,1,176,null,Cigarettes After Sex,"[""ambient pop"",""dream pop"",""el paso indie"",""shoegaze""]"
2022,7,1,177,null,Kali Uchis,"[""colombian pop""]"
2022,7,1,178,null,The Lumineers,"[""folk-pop"",""modern rock"",""stomp and holler""]"
2022,7,1,179,null,42 Dugg,"[""detroit trap"",""southern hip hop"",""trap""]"
2022,7,1,180,null,Bryson Tiller,"[""kentucky hip hop"",""r&b"",""rap""]"
2022,7,1,181,null,5 Seconds of Summer,"[""boy band"",""pop""]"
2022,7,1,182,null,Tiësto,"[""big room"",""brostep"",""dutch edm"",""edm"",""house"",""pop dance"",""slap house"",""trance""]"
2022,7,1,183,null,Toby Keith,"[""classic oklahoma country"",""contemporary country"",""country"",""country road""]"
2022,7,1,184,null,ABBA,"[""europop"",""swedish pop""]"
2022,7,1,185,null,Eric Church,"[""contemporary country"",""country"",""country road"",""modern country rock""]"
2022,7,1,186,null,Green Day,"[""modern rock"",""permanent wave"",""punk"",""rock""]"
2022,7,1,187,null,DJ Khaled,"[""hip hop"",""miami hip hop"",""pop rap"",""rap""]"
2022,7,1,188,null,Deftones,"[""alternative metal"",""nu metal"",""rap metal"",""rock"",""sacramento indie""]"
2022,7,1,189,null,The Notorious B.I.G.,"[""east coast hip hop"",""gangster rap"",""hardcore hip hop"",""hip hop"",""rap""]"
2022,7,1,190,null,Tyga,"[""hip hop"",""pop rap"",""rap"",""trap""]"
2022,7,1,191,null,Shinedown,"[""alternative metal"",""nu metal"",""post-grunge""]"
2022,7,1,192,null,WILLOW,"[""afrofuturism"",""pop"",""post-teen pop"",""pov: indie""]"
2022,7,1,193,null,Key Glock,"[""memphis hip hop"",""rap"",""southern hip hop"",""tennessee hip hop"",""trap""]"
2022,7,1,194,null,JID,"[""hip hop"",""pop rap"",""rap"",""underground hip hop""]"
2022,7,1,195,null,Weezer,"[""alternative rock"",""modern power pop"",""modern rock"",""permanent wave"",""rock""]"
2022,7,1,196,null,Kygo,"[""edm"",""pop"",""pop dance"",""tropical house""]"
2022,7,1,197,null,Lee Brice,"[""contemporary country"",""country"",""country road"",""modern country rock""]"
2022,7,1,198,null,Bob Marley & The Wailers,"[""reggae"",""roots reggae""]"
2022,7,1,199,null,Ski Mask The Slump God,"[""hip hop"",""miami hip hop"",""pop rap"",""rap"",""trap""]"
2022,7,1,200,null,The Rolling Stones,"[""album rock"",""british invasion"",""classic rock"",""rock""]"
2022,8,1,1,null,Bad Bunny,"[""reggaeton"",""trap latino"",""urbano latino""]"
2022,8,1,2,null,Drake,"[""canadian hip hop"",""canadian pop"",""hip hop"",""pop rap"",""rap""]"
2022,8,1,3,null,Beyoncé,"[""pop"",""r&b""]"
2022,8,1,4,null,Taylor Swift,"[""pop""]"
2022,8,1,5,null,The Weeknd,"[""canadian contemporary r&b"",""canadian pop"",""pop""]"
2022,8,1,6,null,Kanye West,"[""chicago rap"",""hip hop"",""rap""]"
2022,8,1,7,null,$uicideboy$,"[""cloud rap"",""dark trap"",""new orleans rap"",""underground hip hop""]"
2022,8,1,8,null,Morgan Wallen,"[""contemporary country""]"
2022,8,1,9,null,Juice WRLD,"[""chicago rap"",""melodic rap"",""rap""]"
2022,8,1,10,null,Lil Baby,"[""atl hip hop"",""atl trap"",""rap"",""trap""]"
2022,8,1,11,null,Kendrick Lamar,"[""conscious hip hop"",""hip hop"",""rap"",""west coast rap""]"
2022,8,1,12,null,Post Malone,"[""dfw rap"",""melodic rap"",""pop"",""rap""]"
2022,8,1,13,null,Harry Styles,"[""pop""]"
2022,8,1,14,null,Future,"[""atl hip hop"",""hip hop"",""rap"",""southern hip hop"",""trap""]"
2022,8,1,15,null,21 Savage,"[""atl hip hop"",""hip hop"",""rap""]"
2022,8,1,16,null,Doja Cat,"[""dance pop"",""pop""]"
2022,8,1,17,null,Lil Uzi Vert,"[""hip hop"",""melodic rap"",""philly rap"",""rage rap"",""rap""]"
2022,8,1,18,null,YoungBoy Never Broke Again,"[""baton rouge rap"",""rap""]"
2022,8,1,19,null,J. Cole,"[""conscious hip hop"",""hip hop"",""north carolina hip hop"",""rap""]"
2022,8,1,20,null,Steve Lacy,"[""afrofuturism""]"
2022,8,1,21,null,Eminem,"[""detroit hip hop"",""hip hop"",""rap""]"
2022,8,1,22,null,Mac Miller,"[""hip hop"",""pittsburgh rap"",""pop rap"",""rap""]"
2022,8,1,23,null,Billie Eilish,"[""indie hip hop""]"
2022,8,1,24,null,XXXTENTACION,"[""emo rap"",""miami hip hop""]"
2022,8,1,25,null,"Tyler, The Creator","[""hip hop"",""rap""]"
2022,8,1,26,null,Luke Combs,"[""contemporary country"",""country""]"
2022,8,1,27,null,Lil Durk,"[""chicago drill"",""chicago rap"",""drill"",""hip hop"",""rap"",""trap""]"
2022,8,1,28,null,Polo G,"[""chicago rap"",""rap""]"
2022,8,1,29,null,Zach Bryan,"[""classic oklahoma country"",""modern country pop""]"
2022,8,1,30,null,Justin Bieber,"[""canadian pop"",""pop""]"
2022,8,1,31,null,Travis Scott,"[""hip hop"",""rap"",""slap house""]"
2022,8,1,32,null,Ariana Grande,"[""pop""]"
2022,8,1,33,null,Gunna,"[""atl hip hop"",""melodic rap"",""rap"",""trap""]"
2022,8,1,34,null,Ed Sheeran,"[""pop"",""singer-songwriter pop"",""uk pop""]"
2022,8,1,35,null,BTS,"[""k-pop"",""k-pop boy group"",""pop""]"
2022,8,1,36,null,Jack Harlow,"[""deep underground hip hop"",""kentucky hip hop"",""pop rap"",""rap""]"
2022,8,1,37,null,Rihanna,"[""barbadian pop"",""pop"",""urban contemporary""]"
2022,8,1,38,null,Bruno Mars,"[""dance pop"",""pop""]"
2022,8,1,39,null,Lil Wayne,"[""hip hop"",""new orleans rap"",""pop rap"",""rap"",""trap""]"
2022,8,1,40,null,Chris Brown,"[""r&b"",""rap""]"
2022,8,1,41,null,Khalid,"[""pop"",""pop r&b""]"
2022,8,1,42,null,Trippie Redd,"[""melodic rap"",""rap"",""trap""]"
2022,8,1,43,null,Playboi Carti,"[""atl hip hop"",""plugg"",""pluggnb"",""rage rap"",""rap""]"
2022,8,1,44,null,Kodak Black,"[""florida drill"",""florida rap"",""melodic rap"",""miami hip hop"",""rap"",""trap"",""trap latino""]"
2022,8,1,45,null,Olivia Rodrigo,"[""pop""]"
2022,8,1,46,null,Machine Gun Kelly,"[""ohio hip hop"",""pop rap""]"
2022,8,1,47,null,Lana Del Rey,"[""art pop"",""pop""]"
2022,8,1,48,null,Joji,"[""viral pop""]"
2022,8,1,49,null,Dua Lipa,"[""dance pop"",""pop"",""uk pop""]"
2022,8,1,50,null,Imagine Dragons,"[""modern rock"",""pop"",""rock""]"
2022,8,1,51,null,J Balvin,"[""reggaeton"",""reggaeton colombiano"",""trap latino"",""urbano latino""]"
2022,8,1,52,null,Kid Cudi,"[""hip hop"",""ohio hip hop"",""pop rap"",""rap""]"
2022,8,1,53,null,SZA,"[""pop"",""r&b"",""rap""]"
2022,8,1,54,null,Rauw Alejandro,"[""puerto rican pop"",""reggaeton"",""trap latino"",""urbano latino""]"
2022,8,1,55,null,Frank Ocean,"[""lgbtq+ hip hop"",""neo soul""]"
2022,8,1,56,null,Halsey,"[""electropop"",""etherpop"",""indie poptimism"",""pop""]"
2022,8,1,57,null,Metallica,"[""hard rock"",""metal"",""old school thrash"",""rock"",""thrash metal""]"
2022,8,1,58,null,Nicki Minaj,"[""hip pop"",""pop"",""queens hip hop"",""rap""]"
2022,8,1,59,null,Young Thug,"[""atl hip hop"",""atl trap"",""gangster rap"",""melodic rap"",""rap"",""trap""]"
2022,8,1,60,null,Brent Faiyaz,"[""r&b"",""rap""]"
2022,8,1,61,null,Lin-Manuel Miranda,"[""broadway"",""show tunes""]"
2022,8,1,62,null,DaBaby,"[""hip hop"",""north carolina hip hop"",""pop rap"",""rap"",""trap""]"
2022,8,1,63,null,Baby Keem,"[""hip hop"",""rap""]"
2022,8,1,64,null,The Kid LAROI,"[""australian hip hop""]"
2022,8,1,65,null,Lizzo,"[""escape room"",""minnesota hip hop"",""pop"",""trap queen""]"
2022,8,1,66,null,Pop Smoke,"[""brooklyn drill"",""rap""]"
2022,8,1,67,null,Lil Peep,"[""cloud rap"",""emo rap"",""lgbtq+ hip hop""]"
2022,8,1,68,null,Calvin Harris,"[""dance pop"",""edm"",""electro house"",""house"",""pop"",""pop dance"",""progressive house"",""uk dance""]"
2022,8,1,69,null,Megan Thee Stallion,"[""houston rap"",""pop"",""r&b"",""rap"",""trap queen""]"
2022,8,1,70,null,The Neighbourhood,"[""modern alternative rock"",""modern rock"",""pop"",""pov: indie""]"
2022,8,1,71,null,Rod Wave,"[""florida rap""]"
2022,8,1,72,null,The Beatles,"[""british invasion"",""classic rock"",""merseybeat"",""psychedelic rock"",""rock""]"
2022,8,1,73,null,Lady Gaga,"[""corridos tumbados"",""sad sierreno""]"
2022,8,1,74,null,Marshmello,"[""brostep"",""edm"",""pop"",""progressive electro house""]"
2022,8,1,75,null,Daddy Yankee,"[""latin hip hop"",""reggaeton"",""trap latino"",""urbano latino""]"
2022,8,1,76,null,KAROL G,"[""reggaeton"",""reggaeton colombiano"",""trap latino"",""urbano latino""]"
2022,8,1,77,null,Maroon 5,"[""pop""]"
2022,8,1,78,null,Yeat,"[""canadian hip hop"",""canadian pop"",""hip hop"",""pop rap"",""rap""]"
2022,8,1,79,null,Metro Boomin,"[""rap""]"
2022,8,1,80,null,A Boogie Wit da Hoodie,"[""melodic rap"",""rap"",""trap""]"
2022,8,1,81,null,Coldplay,"[""permanent wave"",""pop""]"
2022,8,1,82,null,OneRepublic,"[""piano rock"",""pop""]"
2022,8,1,83,null,JAY-Z,"[""east coast hip hop"",""gangster rap"",""hip hop"",""pop rap"",""rap""]"
2022,8,1,84,null,Red Hot Chili Peppers,"[""alternative rock"",""funk metal"",""funk rock"",""permanent wave"",""rock""]"
2022,8,1,85,null,One Direction,"[""boy band"",""pop"",""post-teen pop"",""talent show""]"
2022,8,1,86,null,Moneybagg Yo,"[""memphis hip hop"",""rap"",""southern hip hop"",""tennessee hip hop"",""trap""]"
2022,8,1,87,null,Conan Gray,"[""bedroom pop"",""pop"",""pov: indie""]"
2022,8,1,88,null,Roddy Ricch,"[""melodic rap"",""rap"",""trap""]"
2022,8,1,89,null,Giveon,"[""r&b""]"
2022,8,1,90,null,Katy Perry,"[""pop""]"
2022,8,1,91,null,Jason Aldean,"[""contemporary country"",""country"",""country road"",""modern country rock""]"
2022,8,1,92,null,Arctic Monkeys,"[""garage rock"",""modern rock"",""permanent wave"",""rock"",""sheffield indie""]"
2022,8,1,93,null,Chris Stapleton,"[""contemporary country"",""outlaw country""]"
2022,8,1,94,null,Elton John,"[""glam rock"",""mellow gold"",""piano rock"",""rock""]"
2022,8,1,95,null,Michael Jackson,"[""r&b"",""soul""]"
2022,8,1,96,null,A$AP Rocky,"[""east coast hip hop"",""hip hop"",""rap"",""trap""]"
2022,8,1,97,null,Chencho Corleone,"[""reggaeton"",""reggaeton flow"",""trap latino"",""urbano latino""]"
2022,8,1,98,null,Wiz Khalifa,"[""hip hop"",""pittsburgh rap"",""pop rap"",""rap"",""southern hip hop"",""trap""]"
2022,8,1,99,null,blackbear,"[""pop""]"
2022,8,1,100,null,Cardi B,"[""pop"",""rap""]"
2022,8,1,101,null,Mitski,"[""brooklyn indie"",""pov: indie""]"
2022,8,1,102,null,AJR,"[""pov: indie""]"
2022,8,1,103,null,Luke Bryan,"[""contemporary country"",""country"",""country road"",""modern country rock""]"
2022,8,1,104,null,NF,"[""hip hop"",""pop rap""]"
2022,8,1,105,null,Adele,"[""british soul"",""pop"",""pop soul"",""uk pop""]"
2022,8,1,106,null,Childish Gambino,"[""atl hip hop"",""hip hop"",""rap""]"
2022,8,1,107,null,Kevin Gates,"[""baton rouge rap"",""rap"",""southern hip hop"",""trap""]"
2022,8,1,108,null,Eslabon Armado,"[""corrido"",""corridos tumbados"",""sad sierreno"",""sierreno""]"
2022,8,1,109,null,Queen,"[""k-pop girl group""]"
2022,8,1,110,null,Lil Tjay,"[""brooklyn drill"",""melodic rap"",""nyc rap"",""rap""]"
2022,8,1,111,null,Florida Georgia Line,"[""contemporary country"",""country"",""country pop"",""country road"",""modern country rock""]"
2022,8,1,112,null,Glass Animals,"[""gauze pop"",""indietronica"",""modern rock"",""pov: indie"",""shiver pop""]"
2022,8,1,113,null,Tame Impala,"[""australian psych"",""modern rock"",""neo-psychedelic"",""rock""]"
2022,8,1,114,null,Fleetwood Mac,"[""album rock"",""classic rock"",""rock"",""soft rock"",""yacht rock""]"
2022,8,1,115,null,Panic! At The Disco,"[""modern rock"",""pop""]"
2022,8,1,116,null,Thomas Rhett,"[""contemporary country"",""country"",""country road"",""modern country rock""]"
2022,8,1,117,null,Linkin Park,"[""alternative metal"",""nu metal"",""post-grunge"",""rap metal"",""rock""]"
2022,8,1,118,null,Nirvana,"[""grunge"",""permanent wave"",""rock""]"
2022,8,1,119,null,Gucci Mane,"[""atl hip hop"",""dirty south rap"",""hip hop"",""pop rap"",""rap"",""southern hip hop"",""trap""]"
2022,8,1,120,null,Jhayco,"[""reggaeton"",""trap latino"",""urbano latino""]"
2022,8,1,121,null,Kane Brown,"[""black americana"",""contemporary country"",""country"",""country road""]"
2022,8,1,122,null,Cody Johnson,"[""classic texas country"",""contemporary country""]"
2022,8,1,123,null,Anuel AA,"[""reggaeton"",""reggaeton flow"",""trap boricua"",""trap latino"",""urbano latino""]"
2022,8,1,124,null,Young Dolph,"[""memphis hip hop"",""rap"",""southern hip hop"",""tennessee hip hop"",""trap""]"
2022,8,1,125,null,Russ,[]
2022,8,1,126,null,Sleepy Hallow,"[""brooklyn drill"",""nyc rap""]"
2022,8,1,127,null,Pharrell Williams,"[""dance pop"",""pop""]"
2022,8,1,128,null,Pitbull,"[""dance pop"",""miami hip hop"",""pop""]"
2022,8,1,129,null,Yung Gravy,"[""meme rap"",""minnesota hip hop""]"
2022,8,1,130,null,Rex Orange County,"[""bedroom pop""]"
2022,8,1,131,null,Ozuna,"[""puerto rican pop"",""reggaeton"",""trap latino"",""urbano latino""]"
2022,8,1,132,null,Miley Cyrus,"[""pop""]"
2022,8,1,133,null,Kenny Chesney,"[""contemporary country"",""country"",""country road""]"
2022,8,1,134,null,Summer Walker,"[""r&b"",""rap""]"
2022,8,1,135,null,Fall Out Boy,"[""emo"",""modern rock"",""pop"",""rock""]"
2022,8,1,136,null,NAV,"[""canadian hip hop"",""canadian trap"",""melodic rap"",""rap"",""trap""]"
2022,8,1,137,null,Shawn Mendes,"[""canadian pop"",""pop"",""viral pop""]"
2022,8,1,138,null,Dance Gavin Dance,"[""pixie"",""sacramento indie"",""screamo"",""swancore""]"
2022,8,1,139,null,Lil Nas X,"[""lgbtq+ hip hop""]"
2022,8,1,140,null,The Lumineers,"[""folk-pop"",""modern rock"",""stomp and holler""]"
2022,8,1,141,null,Nardo Wick,"[""florida drill"",""florida rap"",""southern hip hop""]"
2022,8,1,142,null,Tyler Childers,"[""kentucky indie"",""kentucky roots"",""outlaw country""]"
2022,8,1,143,null,King Von,"[""chicago rap""]"
2022,8,1,144,null,Zac Brown Band,"[""contemporary country"",""country"",""country road"",""modern country rock""]"
2022,8,1,145,null,Logic,"[""conscious hip hop"",""hip hop"",""pop rap"",""rap""]"
2022,8,1,146,null,Twenty One Pilots,"[""modern rock"",""pop"",""pov: indie"",""rock""]"
2022,8,1,147,null,Gorillaz,"[""alternative hip hop"",""modern rock"",""rock""]"
2022,8,1,148,null,Lil Tecca,"[""melodic rap"",""pluggnb"",""rap""]"
2022,8,1,149,null,NLE Choppa,"[""memphis hip hop"",""rap""]"
2022,8,1,150,null,Migos,"[""atl hip hop"",""hip hop"",""pop rap"",""rap"",""trap""]"
2022,8,1,151,null,Luis R Conriquez,"[""corrido"",""corridos tumbados"",""norteno"",""sad sierreno"",""sierreno""]"
2022,8,1,152,null,2Pac,"[""g funk"",""gangster rap"",""hip hop"",""rap"",""west coast rap""]"
2022,8,1,153,null,AC/DC,"[""australian rock"",""hard rock"",""rock""]"
2022,8,1,154,null,Grupo Firme,"[""musica mexicana"",""norteno"",""sierreno""]"
2022,8,1,155,null,Cigarettes After Sex,"[""ambient pop"",""dream pop"",""el paso indie"",""shoegaze""]"
2022,8,1,156,null,Maggie Rogers,"[""indie pop""]"
2022,8,1,157,null,Junior H,"[""corrido"",""corridos tumbados"",""musica mexicana"",""sad sierreno"",""sierreno""]"
2022,8,1,158,null,Melanie Martinez,"[""alt z"",""electropop"",""pop""]"
2022,8,1,159,null,Kate Bush,"[""art pop"",""art rock"",""baroque pop"",""new wave pop"",""permanent wave"",""piano rock"",""singer-songwriter""]"
2022,8,1,160,null,David Guetta,"[""big room"",""dance pop"",""edm"",""pop"",""pop dance""]"
2022,8,1,161,null,George Strait,"[""contemporary country"",""country"",""country road""]"
2022,8,1,162,null,Anderson .Paak,"[""escape room"",""hip hop"",""indie soul"",""neo soul""]"
2022,8,1,163,null,Deftones,"[""alternative metal"",""nu metal"",""rap metal"",""rock"",""sacramento indie""]"
2022,8,1,164,null,Miranda Lambert,"[""contemporary country"",""country"",""country dawn"",""country road""]"
2022,8,1,165,null,Big Sean,"[""detroit hip hop"",""hip hop"",""pop rap"",""r&b"",""rap"",""trap""]"
2022,8,1,166,null,USHER,"[""atl hip hop"",""contemporary r&b"",""dance pop"",""pop"",""r&b"",""rap"",""south carolina hip hop"",""urban contemporary""]"
2022,8,1,167,null,Tory Lanez,"[""canadian hip hop"",""canadian trap"",""melodic rap"",""pop rap"",""r&b"",""rap"",""trap""]"
2022,8,1,168,null,Mac DeMarco,"[""edmonton indie"",""lo-fi indie"",""pov: indie""]"
2022,8,1,169,null,Don Toliver,"[""pop rap"",""rap"",""trap""]"
2022,8,1,170,null,Billy Joel,"[""album rock"",""classic rock"",""heartland rock"",""mellow gold"",""piano rock"",""rock"",""singer-songwriter"",""soft rock""]"
2022,8,1,171,null,Elvis Presley,"[""rock-and-roll"",""rockabilly""]"
2022,8,1,172,null,The Chainsmokers,"[""pop""]"
2022,8,1,173,null,Green Day,"[""modern rock"",""permanent wave"",""punk"",""rock""]"
2022,8,1,174,null,Diplo,"[""dance pop"",""edm"",""electro house"",""moombahton"",""pop dance""]"
2022,8,1,175,null,Shakira,"[""colombian pop"",""dance pop"",""latin pop"",""pop""]"
2022,8,1,176,null,Camila Cabello,"[""dance pop"",""pop""]"
2022,8,1,177,null,Fuerza Regida,"[""corrido"",""corridos tumbados"",""sad sierreno"",""sierreno""]"
2022,8,1,178,null,Led Zeppelin,"[""album rock"",""classic rock"",""hard rock"",""rock""]"
2022,8,1,179,null,Tems,"[""afro r&b"",""alte"",""nigerian pop""]"
2022,8,1,180,null,Charlie Puth,"[""pop"",""viral pop""]"
2022,8,1,181,null,Jon Pardi,"[""contemporary country"",""country"",""country road"",""modern country rock""]"
2022,8,1,182,null,Slipknot,"[""alternative metal"",""nu metal"",""rap metal"",""rock""]"
2022,8,1,183,null,Joey Bada$$,"[""conscious hip hop"",""hip hop"",""rap""]"
2022,8,1,184,null,Tate McRae,"[""alt z"",""pop""]"
2022,8,1,185,null,42 Dugg,"[""detroit trap"",""southern hip hop"",""trap""]"
2022,8,1,186,null,Paramore,"[""candy pop"",""modern rock"",""pixie"",""pop"",""pop emo"",""pop punk"",""rock""]"
2022,8,1,187,null,Ty Dolla $ign,"[""hip hop"",""pittsburgh rap"",""pop rap"",""rap"",""southern hip hop"",""trap""]"
2022,8,1,188,null,Bryson Tiller,"[""kentucky hip hop"",""r&b"",""rap""]"
2022,8,1,189,null,5 Seconds of Summer,"[""boy band"",""pop""]"
2022,8,1,190,null,Justin Timberlake,"[""dance pop"",""pop""]"
2022,8,1,191,null,Kali Uchis,"[""colombian pop""]"
2022,8,1,192,null,Carin Leon,"[""corrido"",""musica mexicana"",""sad sierreno"",""sierreno""]"
2022,8,1,193,null,Sam Smith,"[""pop"",""uk pop""]"
2022,8,1,194,null,My Chemical Romance,"[""emo"",""modern rock"",""pop punk"",""pov: indie"",""rock""]"
2022,8,1,195,null,Ski Mask The Slump God,"[""hip hop"",""miami hip hop"",""pop rap"",""rap"",""trap""]"
2022,8,1,196,null,John Mayer,"[""neo mellow"",""singer-songwriter""]"
2022,8,1,197,null,The Notorious B.I.G.,"[""east coast hip hop"",""gangster rap"",""hardcore hip hop"",""hip hop"",""rap""]"
2022,8,1,198,null,50 Cent,"[""east coast hip hop"",""gangster rap"",""hip hop"",""pop rap"",""queens hip hop"",""rap""]"
2022,8,1,199,null,Offset,"[""atl hip hop"",""hip hop"",""pop rap"",""rap"",""trap""]"
2022,8,1,200,null,DJ Khaled,"[""hip hop"",""miami hip hop"",""pop rap"",""rap""]"
2022,9,1,1,null,Bad Bunny,"[""reggaeton"",""trap latino"",""urbano latino""]"
2022,9,1,2,null,Drake,"[""canadian hip hop"",""canadian pop"",""hip hop"",""pop rap"",""rap""]"
2022,9,1,3,null,Taylor Swift,"[""pop""]"
2022,9,1,4,null,Kanye West,"[""chicago rap"",""hip hop"",""rap""]"
2022,9,1,5,null,The Weeknd,"[""canadian contemporary r&b"",""canadian pop"",""pop""]"
2022,9,1,6,null,Lil Baby,"[""atl hip hop"",""atl trap"",""rap"",""trap""]"
2022,9,1,7,null,Juice WRLD,"[""chicago rap"",""melodic rap"",""rap""]"
2022,9,1,8,null,Future,"[""atl hip hop"",""hip hop"",""rap"",""southern hip hop"",""trap""]"
2022,9,1,9,null,DJ Khaled,"[""hip hop"",""miami hip hop"",""pop rap"",""rap""]"
2022,9,1,10,null,Morgan Wallen,"[""contemporary country""]"
2022,9,1,11,null,Kendrick Lamar,"[""conscious hip hop"",""hip hop"",""rap"",""west coast rap""]"
2022,9,1,12,null,$uicideboy$,"[""cloud rap"",""dark trap"",""new orleans rap"",""underground hip hop""]"
2022,9,1,13,null,Harry Styles,"[""pop""]"
2022,9,1,14,null,21 Savage,"[""atl hip hop"",""hip hop"",""rap""]"
2022,9,1,15,null,Post Malone,"[""dfw rap"",""melodic rap"",""pop"",""rap""]"
2022,9,1,16,null,YoungBoy Never Broke Again,"[""baton rouge rap"",""rap""]"
2022,9,1,17,null,J. Cole,"[""conscious hip hop"",""hip hop"",""north carolina hip hop"",""rap""]"
2022,9,1,18,null,Doja Cat,"[""dance pop"",""pop""]"
2022,9,1,19,null,Beyoncé,"[""pop"",""r&b""]"
2022,9,1,20,null,Eminem,"[""detroit hip hop"",""hip hop"",""rap""]"
2022,9,1,21,null,Steve Lacy,"[""afrofuturism""]"
2022,9,1,22,null,"Tyler, The Creator","[""hip hop"",""rap""]"
2022,9,1,23,null,XXXTENTACION,"[""emo rap"",""miami hip hop""]"
2022,9,1,24,null,Lil Durk,"[""chicago drill"",""chicago rap"",""drill"",""hip hop"",""rap"",""trap""]"
2022,9,1,25,null,Lil Uzi Vert,"[""hip hop"",""melodic rap"",""philly rap"",""rage rap"",""rap""]"
2022,9,1,26,null,Mac Miller,"[""hip hop"",""pittsburgh rap"",""pop rap"",""rap""]"
2022,9,1,27,null,Billie Eilish,"[""indie hip hop""]"
2022,9,1,28,null,Nicki Minaj,"[""hip pop"",""pop"",""queens hip hop"",""rap""]"
2022,9,1,29,null,Lil Wayne,"[""hip hop"",""new orleans rap"",""pop rap"",""rap"",""trap""]"
2022,9,1,30,null,JID,"[""hip hop"",""pop rap"",""rap"",""underground hip hop""]"
2022,9,1,31,null,Zach Bryan,"[""classic oklahoma country"",""modern country pop""]"
2022,9,1,32,null,Polo G,"[""chicago rap"",""rap""]"
2022,9,1,33,null,Justin Bieber,"[""canadian pop"",""pop""]"
2022,9,1,34,null,BTS,"[""k-pop"",""k-pop boy group"",""pop""]"
2022,9,1,35,null,Travis Scott,"[""hip hop"",""rap"",""slap house""]"
2022,9,1,36,null,Ariana Grande,"[""pop""]"
2022,9,1,37,null,Rod Wave,"[""florida rap""]"
2022,9,1,38,null,Gunna,"[""atl hip hop"",""melodic rap"",""rap"",""trap""]"
2022,9,1,39,null,Luke Combs,"[""contemporary country"",""country""]"
2022,9,1,40,null,Joji,"[""viral pop""]"
2022,9,1,41,null,SZA,"[""pop"",""r&b"",""rap""]"
2022,9,1,42,null,Ed Sheeran,"[""pop"",""singer-songwriter pop"",""uk pop""]"
2022,9,1,43,null,Kodak Black,"[""florida drill"",""florida rap"",""melodic rap"",""miami hip hop"",""rap"",""trap"",""trap latino""]"
2022,9,1,44,null,Playboi Carti,"[""atl hip hop"",""plugg"",""pluggnb"",""rage rap"",""rap""]"
2022,9,1,45,null,Trippie Redd,"[""melodic rap"",""rap"",""trap""]"
2022,9,1,46,null,Megan Thee Stallion,"[""houston rap"",""pop"",""r&b"",""rap"",""trap queen""]"
2022,9,1,47,null,Rihanna,"[""barbadian pop"",""pop"",""urban contemporary""]"
2022,9,1,48,null,Khalid,"[""pop"",""pop r&b""]"
2022,9,1,49,null,Lana Del Rey,"[""art pop"",""pop""]"
2022,9,1,50,null,Bruno Mars,"[""dance pop"",""pop""]"
2022,9,1,51,null,Frank Ocean,"[""lgbtq+ hip hop"",""neo soul""]"
2022,9,1,52,null,Chris Brown,"[""r&b"",""rap""]"
2022,9,1,53,null,Imagine Dragons,"[""modern rock"",""pop"",""rock""]"
2022,9,1,54,null,Jack Harlow,"[""deep underground hip hop"",""kentucky hip hop"",""pop rap"",""rap""]"
2022,9,1,55,null,J Balvin,"[""reggaeton"",""reggaeton colombiano"",""trap latino"",""urbano latino""]"
2022,9,1,56,null,KAROL G,"[""reggaeton"",""reggaeton colombiano"",""trap latino"",""urbano latino""]"
2022,9,1,57,null,Olivia Rodrigo,"[""pop""]"
2022,9,1,58,null,Brent Faiyaz,"[""r&b"",""rap""]"
2022,9,1,59,null,Kid Cudi,"[""hip hop"",""ohio hip hop"",""pop rap"",""rap""]"
2022,9,1,60,null,Machine Gun Kelly,"[""ohio hip hop"",""pop rap""]"
2022,9,1,61,null,JAY-Z,"[""east coast hip hop"",""gangster rap"",""hip hop"",""pop rap"",""rap""]"
2022,9,1,62,null,Rauw Alejandro,"[""puerto rican pop"",""reggaeton"",""trap latino"",""urbano latino""]"
2022,9,1,63,null,Dua Lipa,"[""dance pop"",""pop"",""uk pop""]"
2022,9,1,64,null,Lil Peep,"[""cloud rap"",""emo rap"",""lgbtq+ hip hop""]"
2022,9,1,65,null,DaBaby,"[""hip hop"",""north carolina hip hop"",""pop rap"",""rap"",""trap""]"
2022,9,1,66,null,Baby Keem,"[""hip hop"",""rap""]"
2022,9,1,67,null,Halsey,"[""electropop"",""etherpop"",""indie poptimism"",""pop""]"
2022,9,1,68,null,Lady Gaga,"[""corridos tumbados"",""sad sierreno""]"
2022,9,1,69,null,Elton John,"[""glam rock"",""mellow gold"",""piano rock"",""rock""]"
2022,9,1,70,null,The Neighbourhood,"[""modern alternative rock"",""modern rock"",""pop"",""pov: indie""]"
2022,9,1,71,null,Pop Smoke,"[""brooklyn drill"",""rap""]"
2022,9,1,72,null,Arctic Monkeys,"[""garage rock"",""modern rock"",""permanent wave"",""rock"",""sheffield indie""]"
2022,9,1,73,null,Coldplay,"[""permanent wave"",""pop""]"
2022,9,1,74,null,Metro Boomin,"[""rap""]"
2022,9,1,75,null,Young Thug,"[""atl hip hop"",""atl trap"",""gangster rap"",""melodic rap"",""rap"",""trap""]"
2022,9,1,76,null,Lil Tjay,"[""brooklyn drill"",""melodic rap"",""nyc rap"",""rap""]"
2022,9,1,77,null,Lin-Manuel Miranda,"[""broadway"",""show tunes""]"
2022,9,1,78,null,Moneybagg Yo,"[""memphis hip hop"",""rap"",""southern hip hop"",""tennessee hip hop"",""trap""]"
2022,9,1,79,null,The Beatles,"[""british invasion"",""classic rock"",""merseybeat"",""psychedelic rock"",""rock""]"
2022,9,1,80,null,Daddy Yankee,"[""latin hip hop"",""reggaeton"",""trap latino"",""urbano latino""]"
2022,9,1,81,null,blackbear,"[""pop""]"
2022,9,1,82,null,Roddy Ricch,"[""melodic rap"",""rap"",""trap""]"
2022,9,1,83,null,Marshmello,"[""brostep"",""edm"",""pop"",""progressive electro house""]"
2022,9,1,84,null,The Kid LAROI,"[""australian hip hop""]"
2022,9,1,85,null,Maroon 5,"[""pop""]"
2022,9,1,86,null,OneRepublic,"[""piano rock"",""pop""]"
2022,9,1,87,null,Metallica,"[""hard rock"",""metal"",""old school thrash"",""rock"",""thrash metal""]"
2022,9,1,88,null,A Boogie Wit da Hoodie,"[""melodic rap"",""rap"",""trap""]"
2022,9,1,89,null,Eslabon Armado,"[""corrido"",""corridos tumbados"",""sad sierreno"",""sierreno""]"
2022,9,1,90,null,Nardo Wick,"[""florida drill"",""florida rap"",""southern hip hop""]"
2022,9,1,91,null,Red Hot Chili Peppers,"[""alternative rock"",""funk metal"",""funk rock"",""permanent wave"",""rock""]"
2022,9,1,92,null,Calvin Harris,"[""dance pop"",""edm"",""electro house"",""house"",""pop"",""pop dance"",""progressive house"",""uk dance""]"
2022,9,1,93,null,Yeat,"[""canadian hip hop"",""canadian pop"",""hip hop"",""pop rap"",""rap""]"
2022,9,1,94,null,Childish Gambino,"[""atl hip hop"",""hip hop"",""rap""]"
2022,9,1,95,null,Lizzo,"[""escape room"",""minnesota hip hop"",""pop"",""trap queen""]"
2022,9,1,96,null,Giveon,"[""r&b""]"
2022,9,1,97,null,Chencho Corleone,"[""reggaeton"",""reggaeton flow"",""trap latino"",""urbano latino""]"
2022,9,1,98,null,Michael Jackson,"[""r&b"",""soul""]"
2022,9,1,99,null,Panic! At The Disco,"[""modern rock"",""pop""]"
2022,9,1,100,null,A$AP Rocky,"[""east coast hip hop"",""hip hop"",""rap"",""trap""]"
2022,9,1,101,null,Chris Stapleton,"[""contemporary country"",""outlaw country""]"
2022,9,1,102,null,Tame Impala,"[""australian psych"",""modern rock"",""neo-psychedelic"",""rock""]"
2022,9,1,103,null,Lil Tecca,"[""melodic rap"",""pluggnb"",""rap""]"
2022,9,1,104,null,David Guetta,"[""big room"",""dance pop"",""edm"",""pop"",""pop dance""]"
2022,9,1,105,null,One Direction,"[""boy band"",""pop"",""post-teen pop"",""talent show""]"
2022,9,1,106,null,Conan Gray,"[""bedroom pop"",""pop"",""pov: indie""]"
2022,9,1,107,null,Jason Aldean,"[""contemporary country"",""country"",""country road"",""modern country rock""]"
2022,9,1,108,null,Katy Perry,"[""pop""]"
2022,9,1,109,null,Britney Spears,"[""dance pop"",""pop""]"
2022,9,1,110,null,Adele,"[""british soul"",""pop"",""pop soul"",""uk pop""]"
2022,9,1,111,null,Anuel AA,"[""reggaeton"",""reggaeton flow"",""trap boricua"",""trap latino"",""urbano latino""]"
2022,9,1,112,null,Mitski,"[""brooklyn indie"",""pov: indie""]"
2022,9,1,113,null,NF,"[""hip hop"",""pop rap""]"
2022,9,1,114,null,Demi Lovato,"[""pop"",""post-teen pop""]"
2022,9,1,115,null,Linkin Park,"[""alternative metal"",""nu metal"",""post-grunge"",""rap metal"",""rock""]"
2022,9,1,116,null,Summer Walker,"[""r&b"",""rap""]"
2022,9,1,117,null,Nirvana,"[""grunge"",""permanent wave"",""rock""]"
2022,9,1,118,null,Rex Orange County,"[""bedroom pop""]"
2022,9,1,119,null,Kevin Gates,"[""baton rouge rap"",""rap"",""southern hip hop"",""trap""]"
2022,9,1,120,null,Jhayco,"[""reggaeton"",""trap latino"",""urbano latino""]"
2022,9,1,121,null,Luis R Conriquez,"[""corrido"",""corridos tumbados"",""norteno"",""sad sierreno"",""sierreno""]"
2022,9,1,122,null,TWICE,"[""k-pop"",""k-pop girl group"",""pop""]"
2022,9,1,123,null,Cardi B,"[""pop"",""rap""]"
2022,9,1,124,null,Luke Bryan,"[""contemporary country"",""country"",""country road"",""modern country rock""]"
2022,9,1,125,null,Queen,"[""k-pop girl group""]"
2022,9,1,126,null,Deftones,"[""alternative metal"",""nu metal"",""rap metal"",""rock"",""sacramento indie""]"
2022,9,1,127,null,Tyler Childers,"[""kentucky indie"",""kentucky roots"",""outlaw country""]"
2022,9,1,128,null,Fleetwood Mac,"[""album rock"",""classic rock"",""rock"",""soft rock"",""yacht rock""]"
2022,9,1,129,null,Cigarettes After Sex,"[""ambient pop"",""dream pop"",""el paso indie"",""shoegaze""]"
2022,9,1,130,null,Gorillaz,"[""alternative hip hop"",""modern rock"",""rock""]"
2022,9,1,131,null,Kane Brown,"[""black americana"",""contemporary country"",""country"",""country road""]"
2022,9,1,132,null,Ozuna,"[""puerto rican pop"",""reggaeton"",""trap latino"",""urbano latino""]"
2022,9,1,133,null,Don Toliver,"[""pop rap"",""rap"",""trap""]"
2022,9,1,134,null,The Lumineers,"[""folk-pop"",""modern rock"",""stomp and holler""]"
2022,9,1,135,null,My Chemical Romance,"[""emo"",""modern rock"",""pop punk"",""pov: indie"",""rock""]"
2022,9,1,136,null,Glass Animals,"[""gauze pop"",""indietronica"",""modern rock"",""pov: indie"",""shiver pop""]"
2022,9,1,137,null,King Von,"[""chicago rap""]"
2022,9,1,138,null,Ivan Cornejo,"[""sad sierreno""]"
2022,9,1,139,null,Twenty One Pilots,"[""modern rock"",""pop"",""pov: indie"",""rock""]"
2022,9,1,140,null,Florida Georgia Line,"[""contemporary country"",""country"",""country pop"",""country road"",""modern country rock""]"
2022,9,1,141,null,AJR,"[""pov: indie""]"
2022,9,1,142,null,Thomas Rhett,"[""contemporary country"",""country"",""country road"",""modern country rock""]"
2022,9,1,143,null,Yung Gravy,"[""meme rap"",""minnesota hip hop""]"
2022,9,1,144,null,Tory Lanez,"[""canadian hip hop"",""canadian trap"",""melodic rap"",""pop rap"",""r&b"",""rap"",""trap""]"
2022,9,1,145,null,Junior H,"[""corrido"",""corridos tumbados"",""musica mexicana"",""sad sierreno"",""sierreno""]"
2022,9,1,146,null,Key Glock,"[""memphis hip hop"",""rap"",""southern hip hop"",""tennessee hip hop"",""trap""]"
2022,9,1,147,null,Fall Out Boy,"[""emo"",""modern rock"",""pop"",""rock""]"
2022,9,1,148,null,Kenny Chesney,"[""contemporary country"",""country"",""country road""]"
2022,9,1,149,null,Pitbull,"[""dance pop"",""miami hip hop"",""pop""]"
2022,9,1,150,null,Offset,"[""atl hip hop"",""hip hop"",""pop rap"",""rap"",""trap""]"
2022,9,1,151,null,2Pac,"[""g funk"",""gangster rap"",""hip hop"",""rap"",""west coast rap""]"
2022,9,1,152,null,Miley Cyrus,"[""pop""]"
2022,9,1,153,null,Wiz Khalifa,"[""hip hop"",""pittsburgh rap"",""pop rap"",""rap"",""southern hip hop"",""trap""]"
2022,9,1,154,null,Sleepy Hallow,"[""brooklyn drill"",""nyc rap""]"
2022,9,1,155,null,Shawn Mendes,"[""canadian pop"",""pop"",""viral pop""]"
2022,9,1,156,null,Young Dolph,"[""memphis hip hop"",""rap"",""southern hip hop"",""tennessee hip hop"",""trap""]"
2022,9,1,157,null,Mac DeMarco,"[""edmonton indie"",""lo-fi indie"",""pov: indie""]"
2022,9,1,158,null,Bailey Zimmerman,"[""contemporary country"",""modern country pop""]"
2022,9,1,159,null,Pharrell Williams,"[""dance pop"",""pop""]"
2022,9,1,160,null,Grupo Firme,"[""musica mexicana"",""norteno"",""sierreno""]"
2022,9,1,161,null,BLACKPINK,"[""k-pop"",""k-pop girl group"",""pop""]"
2022,9,1,162,null,NLE Choppa,"[""memphis hip hop"",""rap""]"
2022,9,1,163,null,Melanie Martinez,"[""alt z"",""electropop"",""pop""]"
2022,9,1,164,null,Cody Johnson,"[""classic texas country"",""contemporary country""]"
2022,9,1,165,null,Russ,[]
2022,9,1,166,null,Fuerza Regida,"[""corrido"",""corridos tumbados"",""sad sierreno"",""sierreno""]"
2022,9,1,167,null,Migos,"[""atl hip hop"",""hip hop"",""pop rap"",""rap"",""trap""]"
2022,9,1,168,null,42 Dugg,"[""detroit trap"",""southern hip hop"",""trap""]"
2022,9,1,169,null,AC/DC,"[""australian rock"",""hard rock"",""rock""]"
2022,9,1,170,null,Zac Brown Band,"[""contemporary country"",""country"",""country road"",""modern country rock""]"
2022,9,1,171,null,Logic,"[""conscious hip hop"",""hip hop"",""pop rap"",""rap""]"
2022,9,1,172,null,Lil Nas X,"[""lgbtq+ hip hop""]"
2022,9,1,173,null,Gucci Mane,"[""atl hip hop"",""dirty south rap"",""hip hop"",""pop rap"",""rap"",""southern hip hop"",""trap""]"
2022,9,1,174,null,Five Finger Death Punch,"[""alternative metal"",""groove metal"",""nu metal""]"
2022,9,1,175,null,USHER,"[""atl hip hop"",""contemporary r&b"",""dance pop"",""pop"",""r&b"",""rap"",""south carolina hip hop"",""urban contemporary""]"
2022,9,1,176,null,Bryson Tiller,"[""kentucky hip hop"",""r&b"",""rap""]"
2022,9,1,177,null,Quavo,"[""atl hip hop"",""melodic rap"",""rap"",""trap""]"
2022,9,1,178,null,Big Sean,"[""detroit hip hop"",""hip hop"",""pop rap"",""r&b"",""rap"",""trap""]"
2022,9,1,179,null,Sam Smith,"[""pop"",""uk pop""]"
2022,9,1,180,null,NAV,"[""canadian hip hop"",""canadian trap"",""melodic rap"",""rap"",""trap""]"
2022,9,1,181,null,Billy Joel,"[""album rock"",""classic rock"",""heartland rock"",""mellow gold"",""piano rock"",""rock"",""singer-songwriter"",""soft rock""]"
2022,9,1,182,null,Charlie Puth,"[""pop"",""viral pop""]"
2022,9,1,183,null,Pierce The Veil,"[""pop punk"",""screamo""]"
2022,9,1,184,null,Rick Ross,"[""dirty south rap"",""gangster rap"",""hip hop"",""rap"",""southern hip hop"",""trap""]"
2022,9,1,185,null,Diplo,"[""dance pop"",""edm"",""electro house"",""moombahton"",""pop dance""]"
2022,9,1,186,null,Elvis Presley,"[""rock-and-roll"",""rockabilly""]"
2022,9,1,187,null,Green Day,"[""modern rock"",""permanent wave"",""punk"",""rock""]"
2022,9,1,188,null,Slipknot,"[""alternative metal"",""nu metal"",""rap metal"",""rock""]"
2022,9,1,189,null,Jhené Aiko,"[""r&b""]"
2022,9,1,190,null,Anderson .Paak,"[""escape room"",""hip hop"",""indie soul"",""neo soul""]"
2022,9,1,191,null,Led Zeppelin,"[""album rock"",""classic rock"",""hard rock"",""rock""]"
2022,9,1,192,null,Selena Gomez,"[""pop"",""post-teen pop""]"
2022,9,1,193,null,Miranda Lambert,"[""contemporary country"",""country"",""country dawn"",""country road""]"
2022,9,1,194,null,George Strait,"[""contemporary country"",""country"",""country road""]"
2022,9,1,195,null,Paramore,"[""candy pop"",""modern rock"",""pixie"",""pop"",""pop emo"",""pop punk"",""rock""]"
2022,9,1,196,null,Jon Pardi,"[""contemporary country"",""country"",""country road"",""modern country rock""]"
2022,9,1,197,null,Ski Mask The Slump God,"[""hip hop"",""miami hip hop"",""pop rap"",""rap"",""trap""]"
2022,9,1,198,null,Tems,"[""afro r&b"",""alte"",""nigerian pop""]"
2022,9,1,199,null,Maren Morris,"[""classic texas country"",""contemporary country""]"
2022,9,1,200,null,ROSALÍA,"[""rap latina"",""trap dominicano""]"
2022,10,1,1,null,Bad Bunny,"[""reggaeton"",""trap latino"",""urbano latino""]"
2022,10,1,2,null,Drake,"[""canadian hip hop"",""canadian pop"",""hip hop"",""pop rap"",""rap""]"
2022,10,1,3,null,Taylor Swift,"[""pop""]"
2022,10,1,4,null,Kanye West,"[""chicago rap"",""hip hop"",""rap""]"
2022,10,1,5,null,The Weeknd,"[""canadian contemporary r&b"",""canadian pop"",""pop""]"
2022,10,1,6,null,Juice WRLD,"[""chicago rap"",""melodic rap"",""rap""]"
2022,10,1,7,null,Lil Baby,"[""atl hip hop"",""atl trap"",""rap"",""trap""]"
2022,10,1,8,null,$uicideboy$,"[""cloud rap"",""dark trap"",""new orleans rap"",""underground hip hop""]"
2022,10,1,9,null,Morgan Wallen,"[""contemporary country""]"
2022,10,1,10,null,Kendrick Lamar,"[""conscious hip hop"",""hip hop"",""rap"",""west coast rap""]"
2022,10,1,11,null,Future,"[""atl hip hop"",""hip hop"",""rap"",""southern hip hop"",""trap""]"
2022,10,1,12,null,YoungBoy Never Broke Again,"[""baton rouge rap"",""rap""]"
2022,10,1,13,null,Post Malone,"[""dfw rap"",""melodic rap"",""pop"",""rap""]"
2022,10,1,14,null,J. Cole,"[""conscious hip hop"",""hip hop"",""north carolina hip hop"",""rap""]"
2022,10,1,15,null,Harry Styles,"[""pop""]"
2022,10,1,16,null,21 Savage,"[""atl hip hop"",""hip hop"",""rap""]"
2022,10,1,17,null,Steve Lacy,"[""afrofuturism""]"
2022,10,1,18,null,Eminem,"[""detroit hip hop"",""hip hop"",""rap""]"
2022,10,1,19,null,Zach Bryan,"[""classic oklahoma country"",""modern country pop""]"
2022,10,1,20,null,XXXTENTACION,"[""emo rap"",""miami hip hop""]"
2022,10,1,21,null,Kid Cudi,"[""hip hop"",""ohio hip hop"",""pop rap"",""rap""]"
2022,10,1,22,null,Doja Cat,"[""dance pop"",""pop""]"
2022,10,1,23,null,"Tyler, The Creator","[""hip hop"",""rap""]"
2022,10,1,24,null,Lil Uzi Vert,"[""hip hop"",""melodic rap"",""philly rap"",""rage rap"",""rap""]"
2022,10,1,25,null,Billie Eilish,"[""indie hip hop""]"
2022,10,1,26,null,Mac Miller,"[""hip hop"",""pittsburgh rap"",""pop rap"",""rap""]"
2022,10,1,27,null,Beyoncé,"[""pop"",""r&b""]"
2022,10,1,28,null,Polo G,"[""chicago rap"",""rap""]"
2022,10,1,29,null,Travis Scott,"[""hip hop"",""rap"",""slap house""]"
2022,10,1,30,null,Ariana Grande,"[""pop""]"
2022,10,1,31,null,Luke Combs,"[""contemporary country"",""country""]"
2022,10,1,32,null,Trippie Redd,"[""melodic rap"",""rap"",""trap""]"
2022,10,1,33,null,Kodak Black,"[""florida drill"",""florida rap"",""melodic rap"",""miami hip hop"",""rap"",""trap"",""trap latino""]"
2022,10,1,34,null,Lil Durk,"[""chicago drill"",""chicago rap"",""drill"",""hip hop"",""rap"",""trap""]"
2022,10,1,35,null,Justin Bieber,"[""canadian pop"",""pop""]"
2022,10,1,36,null,Nicki Minaj,"[""hip pop"",""pop"",""queens hip hop"",""rap""]"
2022,10,1,37,null,Rihanna,"[""barbadian pop"",""pop"",""urban contemporary""]"
2022,10,1,38,null,Sam Smith,"[""pop"",""uk pop""]"
2022,10,1,39,null,Gunna,"[""atl hip hop"",""melodic rap"",""rap"",""trap""]"
2022,10,1,40,null,Ed Sheeran,"[""pop"",""singer-songwriter pop"",""uk pop""]"
2022,10,1,41,null,BTS,"[""k-pop"",""k-pop boy group"",""pop""]"
2022,10,1,42,null,Playboi Carti,"[""atl hip hop"",""plugg"",""pluggnb"",""rage rap"",""rap""]"
2022,10,1,43,null,Lana Del Rey,"[""art pop"",""pop""]"
2022,10,1,44,null,Frank Ocean,"[""lgbtq+ hip hop"",""neo soul""]"
2022,10,1,45,null,Rod Wave,"[""florida rap""]"
2022,10,1,46,null,Lil Wayne,"[""hip hop"",""new orleans rap"",""pop rap"",""rap"",""trap""]"
2022,10,1,47,null,Tory Lanez,"[""canadian hip hop"",""canadian trap"",""melodic rap"",""pop rap"",""r&b"",""rap"",""trap""]"
2022,10,1,48,null,Tyler Childers,"[""kentucky indie"",""kentucky roots"",""outlaw country""]"
2022,10,1,49,null,Khalid,"[""pop"",""pop r&b""]"
2022,10,1,50,null,Bruno Mars,"[""dance pop"",""pop""]"
2022,10,1,51,null,SZA,"[""pop"",""r&b"",""rap""]"
2022,10,1,52,null,Yeat,"[""canadian hip hop"",""canadian pop"",""hip hop"",""pop rap"",""rap""]"
2022,10,1,53,null,Chris Brown,"[""r&b"",""rap""]"
2022,10,1,54,null,Imagine Dragons,"[""modern rock"",""pop"",""rock""]"
2022,10,1,55,null,Brent Faiyaz,"[""r&b"",""rap""]"
2022,10,1,56,null,Lil Peep,"[""cloud rap"",""emo rap"",""lgbtq+ hip hop""]"
2022,10,1,57,null,Jack Harlow,"[""deep underground hip hop"",""kentucky hip hop"",""pop rap"",""rap""]"
2022,10,1,58,null,The Neighbourhood,"[""modern alternative rock"",""modern rock"",""pop"",""pov: indie""]"
2022,10,1,59,null,J Balvin,"[""reggaeton"",""reggaeton colombiano"",""trap latino"",""urbano latino""]"
2022,10,1,60,null,Arctic Monkeys,"[""garage rock"",""modern rock"",""permanent wave"",""rock"",""sheffield indie""]"
2022,10,1,61,null,Joji,"[""viral pop""]"
2022,10,1,62,null,DaBaby,"[""hip hop"",""north carolina hip hop"",""pop rap"",""rap"",""trap""]"
2022,10,1,63,null,Baby Keem,"[""hip hop"",""rap""]"
2022,10,1,64,null,Rauw Alejandro,"[""puerto rican pop"",""reggaeton"",""trap latino"",""urbano latino""]"
2022,10,1,65,null,Metro Boomin,"[""rap""]"
2022,10,1,66,null,KAROL G,"[""reggaeton"",""reggaeton colombiano"",""trap latino"",""urbano latino""]"
2022,10,1,67,null,Olivia Rodrigo,"[""pop""]"
2022,10,1,68,null,Pop Smoke,"[""brooklyn drill"",""rap""]"
2022,10,1,69,null,Megan Thee Stallion,"[""houston rap"",""pop"",""r&b"",""rap"",""trap queen""]"
2022,10,1,70,null,Coldplay,"[""permanent wave"",""pop""]"
2022,10,1,71,null,JAY-Z,"[""east coast hip hop"",""gangster rap"",""hip hop"",""pop rap"",""rap""]"
2022,10,1,72,null,A Boogie Wit da Hoodie,"[""melodic rap"",""rap"",""trap""]"
2022,10,1,73,null,Lady Gaga,"[""corridos tumbados"",""sad sierreno""]"
2022,10,1,74,null,Moneybagg Yo,"[""memphis hip hop"",""rap"",""southern hip hop"",""tennessee hip hop"",""trap""]"
2022,10,1,75,null,Halsey,"[""electropop"",""etherpop"",""indie poptimism"",""pop""]"
2022,10,1,76,null,Lin-Manuel Miranda,"[""broadway"",""show tunes""]"
2022,10,1,77,null,David Guetta,"[""big room"",""dance pop"",""edm"",""pop"",""pop dance""]"
2022,10,1,78,null,Dua Lipa,"[""dance pop"",""pop"",""uk pop""]"
2022,10,1,79,null,The Beatles,"[""british invasion"",""classic rock"",""merseybeat"",""psychedelic rock"",""rock""]"
2022,10,1,80,null,Machine Gun Kelly,"[""ohio hip hop"",""pop rap""]"
2022,10,1,81,null,Kim Petras,"[""alt z"",""pop"",""transpop""]"
2022,10,1,82,null,Young Thug,"[""atl hip hop"",""atl trap"",""gangster rap"",""melodic rap"",""rap"",""trap""]"
2022,10,1,83,null,Slipknot,"[""alternative metal"",""nu metal"",""rap metal"",""rock""]"
2022,10,1,84,null,Eslabon Armado,"[""corrido"",""corridos tumbados"",""sad sierreno"",""sierreno""]"
2022,10,1,85,null,Childish Gambino,"[""atl hip hop"",""hip hop"",""rap""]"
2022,10,1,86,null,DJ Khaled,"[""hip hop"",""miami hip hop"",""pop rap"",""rap""]"
2022,10,1,87,null,Roddy Ricch,"[""melodic rap"",""rap"",""trap""]"
2022,10,1,88,null,Maroon 5,"[""pop""]"
2022,10,1,89,null,Katy Perry,"[""pop""]"
2022,10,1,90,null,Daddy Yankee,"[""latin hip hop"",""reggaeton"",""trap latino"",""urbano latino""]"
2022,10,1,91,null,OneRepublic,"[""piano rock"",""pop""]"
2022,10,1,92,null,Elton John,"[""glam rock"",""mellow gold"",""piano rock"",""rock""]"
2022,10,1,93,null,The Kid LAROI,"[""australian hip hop""]"
2022,10,1,94,null,Cardi B,"[""pop"",""rap""]"
2022,10,1,95,null,Paramore,"[""candy pop"",""modern rock"",""pixie"",""pop"",""pop emo"",""pop punk"",""rock""]"
2022,10,1,96,null,Marshmello,"[""brostep"",""edm"",""pop"",""progressive electro house""]"
2022,10,1,97,null,Chris Stapleton,"[""contemporary country"",""outlaw country""]"
2022,10,1,98,null,Lizzo,"[""escape room"",""minnesota hip hop"",""pop"",""trap queen""]"
2022,10,1,99,null,Michael Jackson,"[""r&b"",""soul""]"
2022,10,1,100,null,BLACKPINK,"[""k-pop"",""k-pop girl group"",""pop""]"
2022,10,1,101,null,Adele,"[""british soul"",""pop"",""pop soul"",""uk pop""]"
2022,10,1,102,null,Metallica,"[""hard rock"",""metal"",""old school thrash"",""rock"",""thrash metal""]"
2022,10,1,103,null,Lil Tjay,"[""brooklyn drill"",""melodic rap"",""nyc rap"",""rap""]"
2022,10,1,104,null,Tame Impala,"[""australian psych"",""modern rock"",""neo-psychedelic"",""rock""]"
2022,10,1,105,null,Conan Gray,"[""bedroom pop"",""pop"",""pov: indie""]"
2022,10,1,106,null,A$AP Rocky,"[""east coast hip hop"",""hip hop"",""rap"",""trap""]"
2022,10,1,107,null,Cigarettes After Sex,"[""ambient pop"",""dream pop"",""el paso indie"",""shoegaze""]"
2022,10,1,108,null,Lil Nas X,"[""lgbtq+ hip hop""]"
2022,10,1,109,null,Giveon,"[""r&b""]"
2022,10,1,110,null,Summer Walker,"[""r&b"",""rap""]"
2022,10,1,111,null,5 Seconds of Summer,"[""boy band"",""pop""]"
2022,10,1,112,null,Anuel AA,"[""reggaeton"",""reggaeton flow"",""trap boricua"",""trap latino"",""urbano latino""]"
2022,10,1,113,null,One Direction,"[""boy band"",""pop"",""post-teen pop"",""talent show""]"
2022,10,1,114,null,Panic! At The Disco,"[""modern rock"",""pop""]"
2022,10,1,115,null,NF,"[""hip hop"",""pop rap""]"
2022,10,1,116,null,Mitski,"[""brooklyn indie"",""pov: indie""]"
2022,10,1,117,null,Freddie Gibbs,"[""alternative hip hop"",""hip hop"",""indiana hip hop"",""rap"",""underground hip hop""]"
2022,10,1,118,null,Nirvana,"[""grunge"",""permanent wave"",""rock""]"
2022,10,1,119,null,Linkin Park,"[""alternative metal"",""nu metal"",""post-grunge"",""rap metal"",""rock""]"
2022,10,1,120,null,Jason Aldean,"[""contemporary country"",""country"",""country road"",""modern country rock""]"
2022,10,1,121,null,blackbear,"[""pop""]"
2022,10,1,122,null,Gorillaz,"[""alternative hip hop"",""modern rock"",""rock""]"
2022,10,1,123,null,Red Hot Chili Peppers,"[""alternative rock"",""funk metal"",""funk rock"",""permanent wave"",""rock""]"
2022,10,1,124,null,Junior H,"[""corrido"",""corridos tumbados"",""musica mexicana"",""sad sierreno"",""sierreno""]"
2022,10,1,125,null,Fleetwood Mac,"[""album rock"",""classic rock"",""rock"",""soft rock"",""yacht rock""]"
2022,10,1,126,null,Kane Brown,"[""black americana"",""contemporary country"",""country"",""country road""]"
2022,10,1,127,null,Deftones,"[""alternative metal"",""nu metal"",""rap metal"",""rock"",""sacramento indie""]"
2022,10,1,128,null,Ivan Cornejo,"[""sad sierreno""]"
2022,10,1,129,null,JID,"[""hip hop"",""pop rap"",""rap"",""underground hip hop""]"
2022,10,1,130,null,Luis R Conriquez,"[""corrido"",""corridos tumbados"",""norteno"",""sad sierreno"",""sierreno""]"
2022,10,1,131,null,My Chemical Romance,"[""emo"",""modern rock"",""pop punk"",""pov: indie"",""rock""]"
2022,10,1,132,null,Queen,"[""k-pop girl group""]"
2022,10,1,133,null,Luke Bryan,"[""contemporary country"",""country"",""country road"",""modern country rock""]"
2022,10,1,134,null,Chencho Corleone,"[""reggaeton"",""reggaeton flow"",""trap latino"",""urbano latino""]"
2022,10,1,135,null,Sleepy Hallow,"[""brooklyn drill"",""nyc rap""]"
2022,10,1,136,null,Calvin Harris,"[""dance pop"",""edm"",""electro house"",""house"",""pop"",""pop dance"",""progressive house"",""uk dance""]"
2022,10,1,137,null,NLE Choppa,"[""memphis hip hop"",""rap""]"
2022,10,1,138,null,Ozuna,"[""puerto rican pop"",""reggaeton"",""trap latino"",""urbano latino""]"
2022,10,1,139,null,King Von,"[""chicago rap""]"
2022,10,1,140,null,Lil Tecca,"[""melodic rap"",""pluggnb"",""rap""]"
2022,10,1,141,null,Ty Dolla $ign,"[""hip hop"",""pittsburgh rap"",""pop rap"",""rap"",""southern hip hop"",""trap""]"
2022,10,1,142,null,Bebe Rexha,"[""dance pop"",""pop""]"
2022,10,1,143,null,Rex Orange County,"[""bedroom pop""]"
2022,10,1,144,null,Bryson Tiller,"[""kentucky hip hop"",""r&b"",""rap""]"
2022,10,1,145,null,Don Toliver,"[""pop rap"",""rap"",""trap""]"
2022,10,1,146,null,Kevin Gates,"[""baton rouge rap"",""rap"",""southern hip hop"",""trap""]"
2022,10,1,147,null,2Pac,"[""g funk"",""gangster rap"",""hip hop"",""rap"",""west coast rap""]"
2022,10,1,148,null,Shawn Mendes,"[""canadian pop"",""pop"",""viral pop""]"
2022,10,1,149,null,Charlie Puth,"[""pop"",""viral pop""]"
2022,10,1,150,null,Fall Out Boy,"[""emo"",""modern rock"",""pop"",""rock""]"
2022,10,1,151,null,Twenty One Pilots,"[""modern rock"",""pop"",""pov: indie"",""rock""]"
2022,10,1,152,null,Mac DeMarco,"[""edmonton indie"",""lo-fi indie"",""pov: indie""]"
2022,10,1,153,null,Tate McRae,"[""alt z"",""pop""]"
2022,10,1,154,null,Romeo Santos,"[""bachata"",""latin hip hop"",""latin pop"",""urbano latino""]"
2022,10,1,155,null,Omar Apollo,"[""bedroom pop"",""bedroom soul""]"
2022,10,1,156,null,The Lumineers,"[""folk-pop"",""modern rock"",""stomp and holler""]"
2022,10,1,157,null,AJR,"[""pov: indie""]"
2022,10,1,158,null,NAV,"[""canadian hip hop"",""canadian trap"",""melodic rap"",""rap"",""trap""]"
2022,10,1,159,null,YG,"[""cali rap"",""hip hop"",""pop rap"",""rap"",""southern hip hop"",""trap""]"
2022,10,1,160,null,Cody Johnson,"[""classic texas country"",""contemporary country""]"
2022,10,1,161,null,Grupo Firme,"[""musica mexicana"",""norteno"",""sierreno""]"
2022,10,1,162,null,Koe Wetzel,"[""classic texas country""]"
2022,10,1,163,null,Yung Gravy,"[""meme rap"",""minnesota hip hop""]"
2022,10,1,164,null,Florida Georgia Line,"[""contemporary country"",""country"",""country pop"",""country road"",""modern country rock""]"
2022,10,1,165,null,Nardo Wick,"[""florida drill"",""florida rap"",""southern hip hop""]"
2022,10,1,166,null,Ghost,[]
2022,10,1,167,null,Thomas Rhett,"[""contemporary country"",""country"",""country road"",""modern country rock""]"
2022,10,1,168,null,Selena Gomez,"[""pop"",""post-teen pop""]"
2022,10,1,169,null,Russ,[]
2022,10,1,170,null,Pitbull,"[""dance pop"",""miami hip hop"",""pop""]"
2022,10,1,171,null,Young Dolph,"[""memphis hip hop"",""rap"",""southern hip hop"",""tennessee hip hop"",""trap""]"
2022,10,1,172,null,Migos,"[""atl hip hop"",""hip hop"",""pop rap"",""rap"",""trap""]"
2022,10,1,173,null,HARDY,[]
2022,10,1,174,null,Glass Animals,"[""gauze pop"",""indietronica"",""modern rock"",""pov: indie"",""shiver pop""]"
2022,10,1,175,null,JVKE,"[""modern indie pop"",""pov: indie"",""singer-songwriter pop""]"
2022,10,1,176,null,Miley Cyrus,"[""pop""]"
2022,10,1,177,null,Wiz Khalifa,"[""hip hop"",""pittsburgh rap"",""pop rap"",""rap"",""southern hip hop"",""trap""]"
2022,10,1,178,null,LUCKI,"[""plugg""]"
2022,10,1,179,null,Offset,"[""atl hip hop"",""hip hop"",""pop rap"",""rap"",""trap""]"
2022,10,1,180,null,Feid,"[""colombian pop"",""pop reggaeton"",""reggaeton"",""reggaeton colombiano"",""trap latino"",""urbano latino""]"
2022,10,1,181,null,AC/DC,"[""australian rock"",""hard rock"",""rock""]"
2022,10,1,182,null,Fuerza Regida,"[""corrido"",""corridos tumbados"",""sad sierreno"",""sierreno""]"
2022,10,1,183,null,Melanie Martinez,"[""alt z"",""electropop"",""pop""]"
2022,10,1,184,null,Big Sean,"[""detroit hip hop"",""hip hop"",""pop rap"",""r&b"",""rap"",""trap""]"
2022,10,1,185,null,ROSALÍA,"[""rap latina"",""trap dominicano""]"
2022,10,1,186,null,Britney Spears,"[""dance pop"",""pop""]"
2022,10,1,187,null,Gucci Mane,"[""atl hip hop"",""dirty south rap"",""hip hop"",""pop rap"",""rap"",""southern hip hop"",""trap""]"
2022,10,1,188,null,Kali Uchis,"[""colombian pop""]"
2022,10,1,189,null,USHER,"[""atl hip hop"",""contemporary r&b"",""dance pop"",""pop"",""r&b"",""rap"",""south carolina hip hop"",""urban contemporary""]"
2022,10,1,190,null,Key Glock,"[""memphis hip hop"",""rap"",""southern hip hop"",""tennessee hip hop"",""trap""]"
2022,10,1,191,null,Hozier,"[""irish singer-songwriter"",""modern rock"",""pov: indie""]"
2022,10,1,192,null,George Strait,"[""contemporary country"",""country"",""country road""]"
2022,10,1,193,null,Bailey Zimmerman,"[""contemporary country"",""modern country pop""]"
2022,10,1,194,null,d4vd,"[""bedroom pop"",""bedroom r&b""]"
2022,10,1,195,null,Logic,"[""conscious hip hop"",""hip hop"",""pop rap"",""rap""]"
2022,10,1,196,null,Demi Lovato,"[""pop"",""post-teen pop""]"
2022,10,1,197,null,Green Day,"[""modern rock"",""permanent wave"",""punk"",""rock""]"
2022,10,1,198,null,Elvis Presley,"[""rock-and-roll"",""rockabilly""]"
2022,10,1,199,null,Diplo,"[""dance pop"",""edm"",""electro house"",""moombahton"",""pop dance""]"
2022,10,1,200,null,Zac Brown Band,"[""contemporary country"",""country"",""country road"",""modern country rock""]"
2022,11,1,1,null,Taylor Swift,"[""pop""]"
2022,11,1,2,null,Drake,"[""canadian hip hop"",""canadian pop"",""hip hop"",""pop rap"",""rap""]"
2022,11,1,3,null,Bad Bunny,"[""reggaeton"",""trap latino"",""urbano latino""]"
2022,11,1,4,null,Lil Baby,"[""atl hip hop"",""atl trap"",""rap"",""trap""]"
2022,11,1,5,null,The Weeknd,"[""canadian contemporary r&b"",""canadian pop"",""pop""]"
2022,11,1,6,null,Kanye West,"[""chicago rap"",""hip hop"",""rap""]"
2022,11,1,7,null,Juice WRLD,"[""chicago rap"",""melodic rap"",""rap""]"
2022,11,1,8,null,$uicideboy$,"[""cloud rap"",""dark trap"",""new orleans rap"",""underground hip hop""]"
2022,11,1,9,null,Morgan Wallen,"[""contemporary country""]"
2022,11,1,10,null,Kendrick Lamar,"[""conscious hip hop"",""hip hop"",""rap"",""west coast rap""]"
2022,11,1,11,null,YoungBoy Never Broke Again,"[""baton rouge rap"",""rap""]"
2022,11,1,12,null,Future,"[""atl hip hop"",""hip hop"",""rap"",""southern hip hop"",""trap""]"
2022,11,1,13,null,21 Savage,"[""atl hip hop"",""hip hop"",""rap""]"
2022,11,1,14,null,Post Malone,"[""dfw rap"",""melodic rap"",""pop"",""rap""]"
2022,11,1,15,null,J. Cole,"[""conscious hip hop"",""hip hop"",""north carolina hip hop"",""rap""]"
2022,11,1,16,null,Lil Uzi Vert,"[""hip hop"",""melodic rap"",""philly rap"",""rage rap"",""rap""]"
2022,11,1,17,null,Rihanna,"[""barbadian pop"",""pop"",""urban contemporary""]"
2022,11,1,18,null,Eminem,"[""detroit hip hop"",""hip hop"",""rap""]"
2022,11,1,19,null,Harry Styles,"[""pop""]"
2022,11,1,20,null,Lana Del Rey,"[""art pop"",""pop""]"
2022,11,1,21,null,Steve Lacy,"[""afrofuturism""]"
2022,11,1,22,null,XXXTENTACION,"[""emo rap"",""miami hip hop""]"
2022,11,1,23,null,Zach Bryan,"[""classic oklahoma country"",""modern country pop""]"
2022,11,1,24,null,Kodak Black,"[""florida drill"",""florida rap"",""melodic rap"",""miami hip hop"",""rap"",""trap"",""trap latino""]"
2022,11,1,25,null,SZA,"[""pop"",""r&b"",""rap""]"
2022,11,1,26,null,"Tyler, The Creator","[""hip hop"",""rap""]"
2022,11,1,27,null,Baby Keem,"[""hip hop"",""rap""]"
2022,11,1,28,null,Polo G,"[""chicago rap"",""rap""]"
2022,11,1,29,null,Doja Cat,"[""dance pop"",""pop""]"
2022,11,1,30,null,Billie Eilish,"[""indie hip hop""]"
2022,11,1,31,null,Mac Miller,"[""hip hop"",""pittsburgh rap"",""pop rap"",""rap""]"
2022,11,1,32,null,Ariana Grande,"[""pop""]"
2022,11,1,33,null,Travis Scott,"[""hip hop"",""rap"",""slap house""]"
2022,11,1,34,null,Beyoncé,"[""pop"",""r&b""]"
2022,11,1,35,null,Trippie Redd,"[""melodic rap"",""rap"",""trap""]"
2022,11,1,36,null,Gunna,"[""atl hip hop"",""melodic rap"",""rap"",""trap""]"
2022,11,1,37,null,Luke Combs,"[""contemporary country"",""country""]"
2022,11,1,38,null,BTS,"[""k-pop"",""k-pop boy group"",""pop""]"
2022,11,1,39,null,Playboi Carti,"[""atl hip hop"",""plugg"",""pluggnb"",""rage rap"",""rap""]"
2022,11,1,40,null,Justin Bieber,"[""canadian pop"",""pop""]"
2022,11,1,41,null,Lil Durk,"[""chicago drill"",""chicago rap"",""drill"",""hip hop"",""rap"",""trap""]"
2022,11,1,42,null,Sam Smith,"[""pop"",""uk pop""]"
2022,11,1,43,null,Lil Wayne,"[""hip hop"",""new orleans rap"",""pop rap"",""rap"",""trap""]"
2022,11,1,44,null,Bruno Mars,"[""dance pop"",""pop""]"
2022,11,1,45,null,Frank Ocean,"[""lgbtq+ hip hop"",""neo soul""]"
2022,11,1,46,null,Nicki Minaj,"[""hip pop"",""pop"",""queens hip hop"",""rap""]"
2022,11,1,47,null,Chris Brown,"[""r&b"",""rap""]"
2022,11,1,48,null,Imagine Dragons,"[""modern rock"",""pop"",""rock""]"
2022,11,1,49,null,Brent Faiyaz,"[""r&b"",""rap""]"
2022,11,1,50,null,Rod Wave,"[""florida rap""]"
2022,11,1,51,null,Ed Sheeran,"[""pop"",""singer-songwriter pop"",""uk pop""]"
2022,11,1,52,null,Michael Jackson,"[""r&b"",""soul""]"
2022,11,1,53,null,Khalid,"[""pop"",""pop r&b""]"
2022,11,1,54,null,Lil Peep,"[""cloud rap"",""emo rap"",""lgbtq+ hip hop""]"
2022,11,1,55,null,Arctic Monkeys,"[""garage rock"",""modern rock"",""permanent wave"",""rock"",""sheffield indie""]"
2022,11,1,56,null,Kid Cudi,"[""hip hop"",""ohio hip hop"",""pop rap"",""rap""]"
2022,11,1,57,null,Yeat,"[""canadian hip hop"",""canadian pop"",""hip hop"",""pop rap"",""rap""]"
2022,11,1,58,null,Rauw Alejandro,"[""puerto rican pop"",""reggaeton"",""trap latino"",""urbano latino""]"
2022,11,1,59,null,Metro Boomin,"[""rap""]"
2022,11,1,60,null,A Boogie Wit da Hoodie,"[""melodic rap"",""rap"",""trap""]"
2022,11,1,61,null,The Neighbourhood,"[""modern alternative rock"",""modern rock"",""pop"",""pov: indie""]"
2022,11,1,62,null,The Beatles,"[""british invasion"",""classic rock"",""merseybeat"",""psychedelic rock"",""rock""]"
2022,11,1,63,null,Migos,"[""atl hip hop"",""hip hop"",""pop rap"",""rap"",""trap""]"
2022,11,1,64,null,J Balvin,"[""reggaeton"",""reggaeton colombiano"",""trap latino"",""urbano latino""]"
2022,11,1,65,null,Joji,"[""viral pop""]"
2022,11,1,66,null,Young Thug,"[""atl hip hop"",""atl trap"",""gangster rap"",""melodic rap"",""rap"",""trap""]"
2022,11,1,67,null,Jack Harlow,"[""deep underground hip hop"",""kentucky hip hop"",""pop rap"",""rap""]"
2022,11,1,68,null,Lady Gaga,"[""corridos tumbados"",""sad sierreno""]"
2022,11,1,69,null,Tyler Childers,"[""kentucky indie"",""kentucky roots"",""outlaw country""]"
2022,11,1,70,null,Coldplay,"[""permanent wave"",""pop""]"
2022,11,1,71,null,DaBaby,"[""hip hop"",""north carolina hip hop"",""pop rap"",""rap"",""trap""]"
2022,11,1,72,null,Pop Smoke,"[""brooklyn drill"",""rap""]"
2022,11,1,73,null,Ozuna,"[""puerto rican pop"",""reggaeton"",""trap latino"",""urbano latino""]"
2022,11,1,74,null,Noah Kahan,"[""pov: indie""]"
2022,11,1,75,null,Marshmello,"[""brostep"",""edm"",""pop"",""progressive electro house""]"
2022,11,1,76,null,KAROL G,"[""reggaeton"",""reggaeton colombiano"",""trap latino"",""urbano latino""]"
2022,11,1,77,null,Olivia Rodrigo,"[""pop""]"
2022,11,1,78,null,Megan Thee Stallion,"[""houston rap"",""pop"",""r&b"",""rap"",""trap queen""]"
2022,11,1,79,null,David Guetta,"[""big room"",""dance pop"",""edm"",""pop"",""pop dance""]"
2022,11,1,80,null,JAY-Z,"[""east coast hip hop"",""gangster rap"",""hip hop"",""pop rap"",""rap""]"
2022,11,1,81,null,Halsey,"[""electropop"",""etherpop"",""indie poptimism"",""pop""]"
2022,11,1,82,null,Katy Perry,"[""pop""]"
2022,11,1,83,null,Eslabon Armado,"[""corrido"",""corridos tumbados"",""sad sierreno"",""sierreno""]"
2022,11,1,84,null,Roddy Ricch,"[""melodic rap"",""rap"",""trap""]"
2022,11,1,85,null,Kim Petras,"[""alt z"",""pop"",""transpop""]"
2022,11,1,86,null,Tory Lanez,"[""canadian hip hop"",""canadian trap"",""melodic rap"",""pop rap"",""r&b"",""rap"",""trap""]"
2022,11,1,87,null,Lin-Manuel Miranda,"[""broadway"",""show tunes""]"
2022,11,1,88,null,Dua Lipa,"[""dance pop"",""pop"",""uk pop""]"
2022,11,1,89,null,Takeoff,[]
2022,11,1,90,null,Machine Gun Kelly,"[""ohio hip hop"",""pop rap""]"
2022,11,1,91,null,Cardi B,"[""pop"",""rap""]"
2022,11,1,92,null,Maroon 5,"[""pop""]"
2022,11,1,93,null,Childish Gambino,"[""atl hip hop"",""hip hop"",""rap""]"
2022,11,1,94,null,Summer Walker,"[""r&b"",""rap""]"
2022,11,1,95,null,Ivan Cornejo,"[""sad sierreno""]"
2022,11,1,96,null,Daddy Yankee,"[""latin hip hop"",""reggaeton"",""trap latino"",""urbano latino""]"
2022,11,1,97,null,Quavo,"[""atl hip hop"",""melodic rap"",""rap"",""trap""]"
2022,11,1,98,null,Elton John,"[""glam rock"",""mellow gold"",""piano rock"",""rock""]"
2022,11,1,99,null,Luis R Conriquez,"[""corrido"",""corridos tumbados"",""norteno"",""sad sierreno"",""sierreno""]"
2022,11,1,100,null,Adele,"[""british soul"",""pop"",""pop soul"",""uk pop""]"
2022,11,1,101,null,NF,"[""hip hop"",""pop rap""]"
2022,11,1,102,null,Anuel AA,"[""reggaeton"",""reggaeton flow"",""trap boricua"",""trap latino"",""urbano latino""]"
2022,11,1,103,null,DJ Khaled,"[""hip hop"",""miami hip hop"",""pop rap"",""rap""]"
2022,11,1,104,null,Metallica,"[""hard rock"",""metal"",""old school thrash"",""rock"",""thrash metal""]"
2022,11,1,105,null,Chris Stapleton,"[""contemporary country"",""outlaw country""]"
2022,11,1,106,null,Yung Gravy,"[""meme rap"",""minnesota hip hop""]"
2022,11,1,107,null,Moneybagg Yo,"[""memphis hip hop"",""rap"",""southern hip hop"",""tennessee hip hop"",""trap""]"
2022,11,1,108,null,The Kid LAROI,"[""australian hip hop""]"
2022,11,1,109,null,OneRepublic,"[""piano rock"",""pop""]"
2022,11,1,110,null,Red Hot Chili Peppers,"[""alternative rock"",""funk metal"",""funk rock"",""permanent wave"",""rock""]"
2022,11,1,111,null,A$AP Rocky,"[""east coast hip hop"",""hip hop"",""rap"",""trap""]"
2022,11,1,112,null,Linkin Park,"[""alternative metal"",""nu metal"",""post-grunge"",""rap metal"",""rock""]"
2022,11,1,113,null,Junior H,"[""corrido"",""corridos tumbados"",""musica mexicana"",""sad sierreno"",""sierreno""]"
2022,11,1,114,null,Paramore,"[""candy pop"",""modern rock"",""pixie"",""pop"",""pop emo"",""pop punk"",""rock""]"
2022,11,1,115,null,Meghan Trainor,"[""hip pop"",""pop""]"
2022,11,1,116,null,Nardo Wick,"[""florida drill"",""florida rap"",""southern hip hop""]"
2022,11,1,117,null,Don Toliver,"[""pop rap"",""rap"",""trap""]"
2022,11,1,118,null,Lil Tjay,"[""brooklyn drill"",""melodic rap"",""nyc rap"",""rap""]"
2022,11,1,119,null,Nirvana,"[""grunge"",""permanent wave"",""rock""]"
2022,11,1,120,null,Fleetwood Mac,"[""album rock"",""classic rock"",""rock"",""soft rock"",""yacht rock""]"
2022,11,1,121,null,Giveon,"[""r&b""]"
2022,11,1,122,null,Cigarettes After Sex,"[""ambient pop"",""dream pop"",""el paso indie"",""shoegaze""]"
2022,11,1,123,null,Panic! At The Disco,"[""modern rock"",""pop""]"
2022,11,1,124,null,Bryson Tiller,"[""kentucky hip hop"",""r&b"",""rap""]"
2022,11,1,125,null,Mitski,"[""brooklyn indie"",""pov: indie""]"
2022,11,1,126,null,Shakira,"[""colombian pop"",""dance pop"",""latin pop"",""pop""]"
2022,11,1,127,null,JVKE,"[""modern indie pop"",""pov: indie"",""singer-songwriter pop""]"
2022,11,1,128,null,Deftones,"[""alternative metal"",""nu metal"",""rap metal"",""rock"",""sacramento indie""]"
2022,11,1,129,null,Ski Mask The Slump God,"[""hip hop"",""miami hip hop"",""pop rap"",""rap"",""trap""]"
2022,11,1,130,null,Smino,"[""alternative r&b""]"
2022,11,1,131,null,Conan Gray,"[""bedroom pop"",""pop"",""pov: indie""]"
2022,11,1,132,null,Jason Aldean,"[""contemporary country"",""country"",""country road"",""modern country rock""]"
2022,11,1,133,null,Tame Impala,"[""australian psych"",""modern rock"",""neo-psychedelic"",""rock""]"
2022,11,1,134,null,Feid,"[""colombian pop"",""pop reggaeton"",""reggaeton"",""reggaeton colombiano"",""trap latino"",""urbano latino""]"
2022,11,1,135,null,Lizzo,"[""escape room"",""minnesota hip hop"",""pop"",""trap queen""]"
2022,11,1,136,null,One Direction,"[""boy band"",""pop"",""post-teen pop"",""talent show""]"
2022,11,1,137,null,Queen,"[""k-pop girl group""]"
2022,11,1,138,null,King Von,"[""chicago rap""]"
2022,11,1,139,null,Calvin Harris,"[""dance pop"",""edm"",""electro house"",""house"",""pop"",""pop dance"",""progressive house"",""uk dance""]"
2022,11,1,140,null,NLE Choppa,"[""memphis hip hop"",""rap""]"
2022,11,1,141,null,blackbear,"[""pop""]"
2022,11,1,142,null,2Pac,"[""g funk"",""gangster rap"",""hip hop"",""rap"",""west coast rap""]"
2022,11,1,143,null,Sleepy Hallow,"[""brooklyn drill"",""nyc rap""]"
2022,11,1,144,null,Charlie Puth,"[""pop"",""viral pop""]"
2022,11,1,145,null,Lil Nas X,"[""lgbtq+ hip hop""]"
2022,11,1,146,null,d4vd,"[""bedroom pop"",""bedroom r&b""]"
2022,11,1,147,null,Kane Brown,"[""black americana"",""contemporary country"",""country"",""country road""]"
2022,11,1,148,null,BabyTron,"[""detroit hip hop"",""scam rap""]"
2022,11,1,149,null,Gorillaz,"[""alternative hip hop"",""modern rock"",""rock""]"
2022,11,1,150,null,Mac DeMarco,"[""edmonton indie"",""lo-fi indie"",""pov: indie""]"
2022,11,1,151,null,Bailey Zimmerman,"[""contemporary country"",""modern country pop""]"
2022,11,1,152,null,My Chemical Romance,"[""emo"",""modern rock"",""pop punk"",""pov: indie"",""rock""]"
2022,11,1,153,null,Lil Tecca,"[""melodic rap"",""pluggnb"",""rap""]"
2022,11,1,154,null,Luke Bryan,"[""contemporary country"",""country"",""country road"",""modern country rock""]"
2022,11,1,155,null,Fall Out Boy,"[""emo"",""modern rock"",""pop"",""rock""]"
2022,11,1,156,null,The 1975,"[""modern alternative rock"",""modern rock"",""pop"",""pov: indie"",""rock""]"
2022,11,1,157,null,Twenty One Pilots,"[""modern rock"",""pop"",""pov: indie"",""rock""]"
2022,11,1,158,null,blink-182,"[""alternative metal"",""modern rock"",""pop punk"",""punk"",""rock"",""socal pop punk""]"
2022,11,1,159,null,HARDY,[]
2022,11,1,160,null,Kevin Gates,"[""baton rouge rap"",""rap"",""southern hip hop"",""trap""]"
2022,11,1,161,null,Fuerza Regida,"[""corrido"",""corridos tumbados"",""sad sierreno"",""sierreno""]"
2022,11,1,162,null,Britney Spears,"[""dance pop"",""pop""]"
2022,11,1,163,null,Lil Yachty,"[""atl hip hop"",""melodic rap"",""rap"",""trap""]"
2022,11,1,164,null,Bebe Rexha,"[""dance pop"",""pop""]"
2022,11,1,165,null,AC/DC,"[""australian rock"",""hard rock"",""rock""]"
2022,11,1,166,null,Cody Johnson,"[""classic texas country"",""contemporary country""]"
2022,11,1,167,null,Romeo Santos,"[""bachata"",""latin hip hop"",""latin pop"",""urbano latino""]"
2022,11,1,168,null,JID,"[""hip hop"",""pop rap"",""rap"",""underground hip hop""]"
2022,11,1,169,null,Pitbull,"[""dance pop"",""miami hip hop"",""pop""]"
2022,11,1,170,null,Oliver Tree,"[""alternative hip hop""]"
2022,11,1,171,null,Shawn Mendes,"[""canadian pop"",""pop"",""viral pop""]"
2022,11,1,172,null,BLACKPINK,"[""k-pop"",""k-pop girl group"",""pop""]"
2022,11,1,173,null,Young Dolph,"[""memphis hip hop"",""rap"",""southern hip hop"",""tennessee hip hop"",""trap""]"
2022,11,1,174,null,Wiz Khalifa,"[""hip hop"",""pittsburgh rap"",""pop rap"",""rap"",""southern hip hop"",""trap""]"
2022,11,1,175,null,Selena Gomez,"[""pop"",""post-teen pop""]"
2022,11,1,176,null,Gucci Mane,"[""atl hip hop"",""dirty south rap"",""hip hop"",""pop rap"",""rap"",""southern hip hop"",""trap""]"
2022,11,1,177,null,Slipknot,"[""alternative metal"",""nu metal"",""rap metal"",""rock""]"
2022,11,1,178,null,Kali Uchis,"[""colombian pop""]"
2022,11,1,179,null,Ty Dolla $ign,"[""hip hop"",""pittsburgh rap"",""pop rap"",""rap"",""southern hip hop"",""trap""]"
2022,11,1,180,null,The Lumineers,"[""folk-pop"",""modern rock"",""stomp and holler""]"
2022,11,1,181,null,Miley Cyrus,"[""pop""]"
2022,11,1,182,null,Hozier,"[""irish singer-songwriter"",""modern rock"",""pov: indie""]"
2022,11,1,183,null,USHER,"[""atl hip hop"",""contemporary r&b"",""dance pop"",""pop"",""r&b"",""rap"",""south carolina hip hop"",""urban contemporary""]"
2022,11,1,184,null,Key Glock,"[""memphis hip hop"",""rap"",""southern hip hop"",""tennessee hip hop"",""trap""]"
2022,11,1,185,null,Russ,[]
2022,11,1,186,null,Jhayco,"[""reggaeton"",""trap latino"",""urbano latino""]"
2022,11,1,187,null,Logic,"[""conscious hip hop"",""hip hop"",""pop rap"",""rap""]"
2022,11,1,188,null,George Strait,"[""contemporary country"",""country"",""country road""]"
2022,11,1,189,null,Chencho Corleone,"[""reggaeton"",""reggaeton flow"",""trap latino"",""urbano latino""]"
2022,11,1,190,null,Grupo Firme,"[""musica mexicana"",""norteno"",""sierreno""]"
2022,11,1,191,null,AJR,"[""pov: indie""]"
2022,11,1,192,null,Mariah Carey,"[""dance pop"",""pop"",""urban contemporary""]"
2022,11,1,193,null,50 Cent,"[""east coast hip hop"",""gangster rap"",""hip hop"",""pop rap"",""queens hip hop"",""rap""]"
2022,11,1,194,null,Omar Apollo,"[""bedroom pop"",""bedroom soul""]"
2022,11,1,195,null,MF DOOM,"[""alternative hip hop"",""east coast hip hop"",""hip hop"",""instrumental hip hop""]"
2022,11,1,196,null,Thomas Rhett,"[""contemporary country"",""country"",""country road"",""modern country rock""]"
2022,11,1,197,null,Green Day,"[""modern rock"",""permanent wave"",""punk"",""rock""]"
2022,11,1,198,null,Florida Georgia Line,"[""contemporary country"",""country"",""country pop"",""country road"",""modern country rock""]"
2022,11,1,199,null,Radiohead,"[""alternative rock"",""art rock"",""melancholia"",""oxford indie"",""permanent wave"",""rock""]"
2022,11,1,200,null,Ghost,[]
2022,12,1,1,null,Taylor Swift,"[""pop""]"
2022,12,1,2,null,Drake,"[""canadian hip hop"",""canadian pop"",""hip hop"",""pop rap"",""rap""]"
2022,12,1,3,null,21 Savage,"[""atl hip hop"",""hip hop"",""rap""]"
2022,12,1,4,null,Bad Bunny,"[""reggaeton"",""trap latino"",""urbano latino""]"
2022,12,1,5,null,The Weeknd,"[""canadian contemporary r&b"",""canadian pop"",""pop""]"
2022,12,1,6,null,Kanye West,"[""chicago rap"",""hip hop"",""rap""]"
2022,12,1,7,null,Juice WRLD,"[""chicago rap"",""melodic rap"",""rap""]"
2022,12,1,8,null,Lil Baby,"[""atl hip hop"",""atl trap"",""rap"",""trap""]"
2022,12,1,9,null,Morgan Wallen,"[""contemporary country""]"
2022,12,1,10,null,$uicideboy$,"[""cloud rap"",""dark trap"",""new orleans rap"",""underground hip hop""]"
2022,12,1,11,null,Kendrick Lamar,"[""conscious hip hop"",""hip hop"",""rap"",""west coast rap""]"
2022,12,1,12,null,YoungBoy Never Broke Again,"[""baton rouge rap"",""rap""]"
2022,12,1,13,null,Future,"[""atl hip hop"",""hip hop"",""rap"",""southern hip hop"",""trap""]"
2022,12,1,14,null,Zach Bryan,"[""classic oklahoma country"",""modern country pop""]"
2022,12,1,15,null,J. Cole,"[""conscious hip hop"",""hip hop"",""north carolina hip hop"",""rap""]"
2022,12,1,16,null,Eminem,"[""detroit hip hop"",""hip hop"",""rap""]"
2022,12,1,17,null,Lil Uzi Vert,"[""hip hop"",""melodic rap"",""philly rap"",""rage rap"",""rap""]"
2022,12,1,18,null,Ariana Grande,"[""pop""]"
2022,12,1,19,null,Post Malone,"[""dfw rap"",""melodic rap"",""pop"",""rap""]"
2022,12,1,20,null,XXXTENTACION,"[""emo rap"",""miami hip hop""]"
2022,12,1,21,null,Harry Styles,"[""pop""]"
2022,12,1,22,null,Travis Scott,"[""hip hop"",""rap"",""slap house""]"
2022,12,1,23,null,"Tyler, The Creator","[""hip hop"",""rap""]"
2022,12,1,24,null,Rihanna,"[""barbadian pop"",""pop"",""urban contemporary""]"
2022,12,1,25,null,Billie Eilish,"[""indie hip hop""]"
2022,12,1,26,null,Steve Lacy,"[""afrofuturism""]"
2022,12,1,27,null,Mac Miller,"[""hip hop"",""pittsburgh rap"",""pop rap"",""rap""]"
2022,12,1,28,null,Bing Crosby,"[""adult standards"",""easy listening"",""lounge""]"
2022,12,1,29,null,Doja Cat,"[""dance pop"",""pop""]"
2022,12,1,30,null,Justin Bieber,"[""canadian pop"",""pop""]"
2022,12,1,31,null,Lana Del Rey,"[""art pop"",""pop""]"
2022,12,1,32,null,Polo G,"[""chicago rap"",""rap""]"
2022,12,1,33,null,Rod Wave,"[""florida rap""]"
2022,12,1,34,null,Joji,"[""viral pop""]"
2022,12,1,35,null,SZA,"[""pop"",""r&b"",""rap""]"
2022,12,1,36,null,Michael Bublé,"[""adult standards"",""canadian pop"",""jazz pop"",""lounge""]"
2022,12,1,37,null,BTS,"[""k-pop"",""k-pop boy group"",""pop""]"
2022,12,1,38,null,Gunna,"[""atl hip hop"",""melodic rap"",""rap"",""trap""]"
2022,12,1,39,null,Frank Sinatra,"[""adult standards"",""easy listening"",""lounge""]"
2022,12,1,40,null,Kodak Black,"[""florida drill"",""florida rap"",""melodic rap"",""miami hip hop"",""rap"",""trap"",""trap latino""]"
2022,12,1,41,null,Luke Combs,"[""contemporary country"",""country""]"
2022,12,1,42,null,Pentatonix,"[""a cappella"",""viral pop""]"
2022,12,1,43,null,Lil Durk,"[""chicago drill"",""chicago rap"",""drill"",""hip hop"",""rap"",""trap""]"
2022,12,1,44,null,Playboi Carti,"[""atl hip hop"",""plugg"",""pluggnb"",""rage rap"",""rap""]"
2022,12,1,45,null,Trippie Redd,"[""melodic rap"",""rap"",""trap""]"
2022,12,1,46,null,Mariah Carey,"[""dance pop"",""pop"",""urban contemporary""]"
2022,12,1,47,null,Frank Ocean,"[""lgbtq+ hip hop"",""neo soul""]"
2022,12,1,48,null,Brent Faiyaz,"[""r&b"",""rap""]"
2022,12,1,49,null,Beyoncé,"[""pop"",""r&b""]"
2022,12,1,50,null,Lil Wayne,"[""hip hop"",""new orleans rap"",""pop rap"",""rap"",""trap""]"
2022,12,1,51,null,Bruno Mars,"[""dance pop"",""pop""]"
2022,12,1,52,null,Rauw Alejandro,"[""puerto rican pop"",""reggaeton"",""trap latino"",""urbano latino""]"
2022,12,1,53,null,Lil Peep,"[""cloud rap"",""emo rap"",""lgbtq+ hip hop""]"
2022,12,1,54,null,Chris Brown,"[""r&b"",""rap""]"
2022,12,1,55,null,Ed Sheeran,"[""pop"",""singer-songwriter pop"",""uk pop""]"
2022,12,1,56,null,Metro Boomin,"[""rap""]"
2022,12,1,57,null,A Boogie Wit da Hoodie,"[""melodic rap"",""rap"",""trap""]"
2022,12,1,58,null,Baby Keem,"[""hip hop"",""rap""]"
2022,12,1,59,null,Sam Smith,"[""pop"",""uk pop""]"
2022,12,1,60,null,Nicki Minaj,"[""hip pop"",""pop"",""queens hip hop"",""rap""]"
2022,12,1,61,null,Khalid,"[""pop"",""pop r&b""]"
2022,12,1,62,null,The Neighbourhood,"[""modern alternative rock"",""modern rock"",""pop"",""pov: indie""]"
2022,12,1,63,null,Yeat,"[""canadian hip hop"",""canadian pop"",""hip hop"",""pop rap"",""rap""]"
2022,12,1,64,null,Nat King Cole,"[""adult standards"",""lounge"",""soul"",""swing"",""vocal jazz""]"
2022,12,1,65,null,Imagine Dragons,"[""modern rock"",""pop"",""rock""]"
2022,12,1,66,null,Arctic Monkeys,"[""garage rock"",""modern rock"",""permanent wave"",""rock"",""sheffield indie""]"
2022,12,1,67,null,Tyler Childers,"[""kentucky indie"",""kentucky roots"",""outlaw country""]"
2022,12,1,68,null,Kid Cudi,"[""hip hop"",""ohio hip hop"",""pop rap"",""rap""]"
2022,12,1,69,null,Lady Gaga,"[""corridos tumbados"",""sad sierreno""]"
2022,12,1,70,null,Coldplay,"[""permanent wave"",""pop""]"
2022,12,1,71,null,J Balvin,"[""reggaeton"",""reggaeton colombiano"",""trap latino"",""urbano latino""]"
2022,12,1,72,null,Roddy Ricch,"[""melodic rap"",""rap"",""trap""]"
2022,12,1,73,null,Jack Harlow,"[""deep underground hip hop"",""kentucky hip hop"",""pop rap"",""rap""]"
2022,12,1,74,null,Young Thug,"[""atl hip hop"",""atl trap"",""gangster rap"",""melodic rap"",""rap"",""trap""]"
2022,12,1,75,null,Dean Martin,"[""adult standards"",""easy listening"",""lounge"",""vocal jazz""]"
2022,12,1,76,null,Machine Gun Kelly,"[""ohio hip hop"",""pop rap""]"
2022,12,1,77,null,Pop Smoke,"[""brooklyn drill"",""rap""]"
2022,12,1,78,null,Olivia Rodrigo,"[""pop""]"
2022,12,1,79,null,Tory Lanez,"[""canadian hip hop"",""canadian trap"",""melodic rap"",""pop rap"",""r&b"",""rap"",""trap""]"
2022,12,1,80,null,Elton John,"[""glam rock"",""mellow gold"",""piano rock"",""rock""]"
2022,12,1,81,null,DaBaby,"[""hip hop"",""north carolina hip hop"",""pop rap"",""rap"",""trap""]"
2022,12,1,82,null,The 1975,"[""modern alternative rock"",""modern rock"",""pop"",""pov: indie"",""rock""]"
2022,12,1,83,null,The Beatles,"[""british invasion"",""classic rock"",""merseybeat"",""psychedelic rock"",""rock""]"
2022,12,1,84,null,Halsey,"[""electropop"",""etherpop"",""indie poptimism"",""pop""]"
2022,12,1,85,null,Junior H,"[""corrido"",""corridos tumbados"",""musica mexicana"",""sad sierreno"",""sierreno""]"
2022,12,1,86,null,KAROL G,"[""reggaeton"",""reggaeton colombiano"",""trap latino"",""urbano latino""]"
2022,12,1,87,null,Elvis Presley,"[""rock-and-roll"",""rockabilly""]"
2022,12,1,88,null,Fleetwood Mac,"[""album rock"",""classic rock"",""rock"",""soft rock"",""yacht rock""]"
2022,12,1,89,null,Ozuna,"[""puerto rican pop"",""reggaeton"",""trap latino"",""urbano latino""]"
2022,12,1,90,null,Adele,"[""british soul"",""pop"",""pop soul"",""uk pop""]"
2022,12,1,91,null,JAY-Z,"[""east coast hip hop"",""gangster rap"",""hip hop"",""pop rap"",""rap""]"
2022,12,1,92,null,Childish Gambino,"[""atl hip hop"",""hip hop"",""rap""]"
2022,12,1,93,null,Eslabon Armado,"[""corrido"",""corridos tumbados"",""sad sierreno"",""sierreno""]"
2022,12,1,94,null,Meghan Trainor,"[""hip pop"",""pop""]"
2022,12,1,95,null,Metallica,"[""hard rock"",""metal"",""old school thrash"",""rock"",""thrash metal""]"
2022,12,1,96,null,David Guetta,"[""big room"",""dance pop"",""edm"",""pop"",""pop dance""]"
2022,12,1,97,null,Megan Thee Stallion,"[""houston rap"",""pop"",""r&b"",""rap"",""trap queen""]"
2022,12,1,98,null,Summer Walker,"[""r&b"",""rap""]"
2022,12,1,99,null,Katy Perry,"[""pop""]"
2022,12,1,100,null,Dua Lipa,"[""dance pop"",""pop"",""uk pop""]"
2022,12,1,101,null,Kelly Clarkson,"[""dance pop"",""pop"",""talent show""]"
2022,12,1,102,null,Maroon 5,"[""pop""]"
2022,12,1,103,null,Andy Williams,"[""adult standards"",""easy listening""]"
2022,12,1,104,null,Noah Kahan,"[""pov: indie""]"
2022,12,1,105,null,Cigarettes After Sex,"[""ambient pop"",""dream pop"",""el paso indie"",""shoegaze""]"
2022,12,1,106,null,Lin-Manuel Miranda,"[""broadway"",""show tunes""]"
2022,12,1,107,null,Marshmello,"[""brostep"",""edm"",""pop"",""progressive electro house""]"
2022,12,1,108,null,Luis R Conriquez,"[""corrido"",""corridos tumbados"",""norteno"",""sad sierreno"",""sierreno""]"
2022,12,1,109,null,Daddy Yankee,"[""latin hip hop"",""reggaeton"",""trap latino"",""urbano latino""]"
2022,12,1,110,null,Chris Stapleton,"[""contemporary country"",""outlaw country""]"
2022,12,1,111,null,Vince Guaraldi Trio,"[""jazz trio""]"
2022,12,1,112,null,Ivan Cornejo,"[""sad sierreno""]"
2022,12,1,113,null,NF,"[""hip hop"",""pop rap""]"
2022,12,1,114,null,Mitski,"[""brooklyn indie"",""pov: indie""]"
2022,12,1,115,null,Brenda Lee,"[""adult standards"",""easy listening"",""lounge"",""rockabilly""]"
2022,12,1,116,null,Cardi B,"[""pop"",""rap""]"
2022,12,1,117,null,Anuel AA,"[""reggaeton"",""reggaeton flow"",""trap boricua"",""trap latino"",""urbano latino""]"
2022,12,1,118,null,A$AP Rocky,"[""east coast hip hop"",""hip hop"",""rap"",""trap""]"
2022,12,1,119,null,Michael Jackson,"[""r&b"",""soul""]"
2022,12,1,120,null,Lil Tjay,"[""brooklyn drill"",""melodic rap"",""nyc rap"",""rap""]"
2022,12,1,121,null,Burl Ives,"[""adult standards"",""american folk revival"",""lounge""]"
2022,12,1,122,null,The Kid LAROI,"[""australian hip hop""]"
2022,12,1,123,null,Linkin Park,"[""alternative metal"",""nu metal"",""post-grunge"",""rap metal"",""rock""]"
2022,12,1,124,null,NLE Choppa,"[""memphis hip hop"",""rap""]"
2022,12,1,125,null,Bryson Tiller,"[""kentucky hip hop"",""r&b"",""rap""]"
2022,12,1,126,null,OneRepublic,"[""piano rock"",""pop""]"
2022,12,1,127,null,Red Hot Chili Peppers,"[""alternative rock"",""funk metal"",""funk rock"",""permanent wave"",""rock""]"
2022,12,1,128,null,d4vd,"[""bedroom pop"",""bedroom r&b""]"
2022,12,1,129,null,Nirvana,"[""grunge"",""permanent wave"",""rock""]"
2022,12,1,130,null,Tame Impala,"[""australian psych"",""modern rock"",""neo-psychedelic"",""rock""]"
2022,12,1,131,null,Queen,"[""k-pop girl group""]"
2022,12,1,132,null,Moneybagg Yo,"[""memphis hip hop"",""rap"",""southern hip hop"",""tennessee hip hop"",""trap""]"
2022,12,1,133,null,Deftones,"[""alternative metal"",""nu metal"",""rap metal"",""rock"",""sacramento indie""]"
2022,12,1,134,null,JVKE,"[""modern indie pop"",""pov: indie"",""singer-songwriter pop""]"
2022,12,1,135,null,Giveon,"[""r&b""]"
2022,12,1,136,null,Conan Gray,"[""bedroom pop"",""pop"",""pov: indie""]"
2022,12,1,137,null,Migos,"[""atl hip hop"",""hip hop"",""pop rap"",""rap"",""trap""]"
2022,12,1,138,null,King Von,"[""chicago rap""]"
2022,12,1,139,null,DJ Khaled,"[""hip hop"",""miami hip hop"",""pop rap"",""rap""]"
2022,12,1,140,null,Freddie Dredd,"[""aesthetic rap"",""meme rap"",""phonk""]"
2022,12,1,141,null,Quavo,"[""atl hip hop"",""melodic rap"",""rap"",""trap""]"
2022,12,1,142,null,One Direction,"[""boy band"",""pop"",""post-teen pop"",""talent show""]"
2022,12,1,143,null,Sleepy Hallow,"[""brooklyn drill"",""nyc rap""]"
2022,12,1,144,null,Young Dolph,"[""memphis hip hop"",""rap"",""southern hip hop"",""tennessee hip hop"",""trap""]"
2022,12,1,145,null,Sia,"[""australian dance"",""australian pop"",""pop""]"
2022,12,1,146,null,Jason Aldean,"[""contemporary country"",""country"",""country road"",""modern country rock""]"
2022,12,1,147,null,Paramore,"[""candy pop"",""modern rock"",""pixie"",""pop"",""pop emo"",""pop punk"",""rock""]"
2022,12,1,148,null,Mac DeMarco,"[""edmonton indie"",""lo-fi indie"",""pov: indie""]"
2022,12,1,149,null,Takeoff,[]
2022,12,1,150,null,Key Glock,"[""memphis hip hop"",""rap"",""southern hip hop"",""tennessee hip hop"",""trap""]"
2022,12,1,151,null,blackbear,"[""pop""]"
2022,12,1,152,null,Cody Johnson,"[""classic texas country"",""contemporary country""]"
2022,12,1,153,null,2Pac,"[""g funk"",""gangster rap"",""hip hop"",""rap"",""west coast rap""]"
2022,12,1,154,null,Gorillaz,"[""alternative hip hop"",""modern rock"",""rock""]"
2022,12,1,155,null,Panic! At The Disco,"[""modern rock"",""pop""]"
2022,12,1,156,null,Shakira,"[""colombian pop"",""dance pop"",""latin pop"",""pop""]"
2022,12,1,157,null,Kali Uchis,"[""colombian pop""]"
2022,12,1,158,null,Feid,"[""colombian pop"",""pop reggaeton"",""reggaeton"",""reggaeton colombiano"",""trap latino"",""urbano latino""]"
2022,12,1,159,null,Kevin Gates,"[""baton rouge rap"",""rap"",""southern hip hop"",""trap""]"
2022,12,1,160,null,Nardo Wick,"[""florida drill"",""florida rap"",""southern hip hop""]"
2022,12,1,161,null,Fall Out Boy,"[""emo"",""modern rock"",""pop"",""rock""]"
2022,12,1,162,null,Hozier,"[""irish singer-songwriter"",""modern rock"",""pov: indie""]"
2022,12,1,163,null,Selena Gomez,"[""pop"",""post-teen pop""]"
2022,12,1,164,null,Lil Nas X,"[""lgbtq+ hip hop""]"
2022,12,1,165,null,HARDY,[]
2022,12,1,166,null,Fuerza Regida,"[""corrido"",""corridos tumbados"",""sad sierreno"",""sierreno""]"
2022,12,1,167,null,The Lumineers,"[""folk-pop"",""modern rock"",""stomp and holler""]"
2022,12,1,168,null,JID,"[""hip hop"",""pop rap"",""rap"",""underground hip hop""]"
2022,12,1,169,null,Calvin Harris,"[""dance pop"",""edm"",""electro house"",""house"",""pop"",""pop dance"",""progressive house"",""uk dance""]"
2022,12,1,170,null,AJR,"[""pov: indie""]"
2022,12,1,171,null,Bailey Zimmerman,"[""contemporary country"",""modern country pop""]"
2022,12,1,172,null,Ski Mask The Slump God,"[""hip hop"",""miami hip hop"",""pop rap"",""rap"",""trap""]"
2022,12,1,173,null,Luke Bryan,"[""contemporary country"",""country"",""country road"",""modern country rock""]"
2022,12,1,174,null,Shawn Mendes,"[""canadian pop"",""pop"",""viral pop""]"
2022,12,1,175,null,Lil Tecca,"[""melodic rap"",""pluggnb"",""rap""]"
2022,12,1,176,null,Kane Brown,"[""black americana"",""contemporary country"",""country"",""country road""]"
2022,12,1,177,null,Don Toliver,"[""pop rap"",""rap"",""trap""]"
2022,12,1,178,null,Kim Petras,"[""alt z"",""pop"",""transpop""]"
2022,12,1,179,null,Lizzo,"[""escape room"",""minnesota hip hop"",""pop"",""trap queen""]"
2022,12,1,180,null,Romeo Santos,"[""bachata"",""latin hip hop"",""latin pop"",""urbano latino""]"
2022,12,1,181,null,Britney Spears,"[""dance pop"",""pop""]"
2022,12,1,182,null,George Strait,"[""contemporary country"",""country"",""country road""]"
2022,12,1,183,null,Phoebe Bridgers,"[""indie pop"",""la indie"",""pov: indie""]"
2022,12,1,184,null,Twenty One Pilots,"[""modern rock"",""pop"",""pov: indie"",""rock""]"
2022,12,1,185,null,Perry Como,"[""adult standards"",""easy listening"",""lounge""]"
2022,12,1,186,null,Oliver Tree,"[""alternative hip hop""]"
2022,12,1,187,null,Miley Cyrus,"[""pop""]"
2022,12,1,188,null,My Chemical Romance,"[""emo"",""modern rock"",""pop punk"",""pov: indie"",""rock""]"
2022,12,1,189,null,Miguel,"[""r&b"",""urban contemporary""]"
2022,12,1,190,null,Tate McRae,"[""alt z"",""pop""]"
2022,12,1,191,null,Russ,[]
2022,12,1,192,null,Gucci Mane,"[""atl hip hop"",""dirty south rap"",""hip hop"",""pop rap"",""rap"",""southern hip hop"",""trap""]"
2022,12,1,193,null,Wiz Khalifa,"[""hip hop"",""pittsburgh rap"",""pop rap"",""rap"",""southern hip hop"",""trap""]"
2022,12,1,194,null,Melanie Martinez,"[""alt z"",""electropop"",""pop""]"
2022,12,1,195,null,Glass Animals,"[""gauze pop"",""indietronica"",""modern rock"",""pov: indie"",""shiver pop""]"
2022,12,1,196,null,Bebe Rexha,"[""dance pop"",""pop""]"
2022,12,1,197,null,Radiohead,"[""alternative rock"",""art rock"",""melancholia"",""oxford indie"",""permanent wave"",""rock""]"
2022,12,1,198,null,Jelly Roll,"[""country rap"",""nashville hip hop"",""tennessee hip hop""]"
2022,12,1,199,null,Ty Dolla $ign,"[""hip hop"",""pittsburgh rap"",""pop rap"",""rap"",""southern hip hop"",""trap""]"
2022,12,1,200,null,Thomas Rhett,"[""contemporary country"",""country"",""country road"",""modern country rock""]"
2023,1,1,1,null,Taylor Swift,"[""pop""]"
2023,1,1,2,null,Drake,"[""canadian hip hop"",""canadian pop"",""hip hop"",""pop rap"",""rap""]"
2023,1,1,3,null,SZA,"[""pop"",""r&b"",""rap""]"
2023,1,1,4,null,21 Savage,"[""atl hip hop"",""hip hop"",""rap""]"
2023,1,1,5,null,Bad Bunny,"[""reggaeton"",""trap latino"",""urbano latino""]"
2023,1,1,6,null,The Weeknd,"[""canadian contemporary r&b"",""canadian pop"",""pop""]"
2023,1,1,7,null,Metro Boomin,"[""rap""]"
2023,1,1,8,null,Future,"[""atl hip hop"",""hip hop"",""rap"",""southern hip hop"",""trap""]"
2023,1,1,9,null,Juice WRLD,"[""chicago rap"",""melodic rap"",""rap""]"
2023,1,1,10,null,Kanye West,"[""chicago rap"",""hip hop"",""rap""]"
2023,1,1,11,null,Morgan Wallen,"[""contemporary country""]"
2023,1,1,12,null,Lil Baby,"[""atl hip hop"",""atl trap"",""rap"",""trap""]"
2023,1,1,13,null,$uicideboy$,"[""cloud rap"",""dark trap"",""new orleans rap"",""underground hip hop""]"
2023,1,1,14,null,Zach Bryan,"[""classic oklahoma country"",""modern country pop""]"
2023,1,1,15,null,Kendrick Lamar,"[""conscious hip hop"",""hip hop"",""rap"",""west coast rap""]"
2023,1,1,16,null,Travis Scott,"[""hip hop"",""rap"",""slap house""]"
2023,1,1,17,null,YoungBoy Never Broke Again,"[""baton rouge rap"",""rap""]"
2023,1,1,18,null,Eminem,"[""detroit hip hop"",""hip hop"",""rap""]"
2023,1,1,19,null,J. Cole,"[""conscious hip hop"",""hip hop"",""north carolina hip hop"",""rap""]"
2023,1,1,20,null,Lil Uzi Vert,"[""hip hop"",""melodic rap"",""philly rap"",""rage rap"",""rap""]"
2023,1,1,21,null,Post Malone,"[""dfw rap"",""melodic rap"",""pop"",""rap""]"
2023,1,1,22,null,XXXTENTACION,"[""emo rap"",""miami hip hop""]"
2023,1,1,23,null,Harry Styles,"[""pop""]"
2023,1,1,24,null,Doja Cat,"[""dance pop"",""pop""]"
2023,1,1,25,null,Rihanna,"[""barbadian pop"",""pop"",""urban contemporary""]"
2023,1,1,26,null,"Tyler, The Creator","[""hip hop"",""rap""]"
2023,1,1,27,null,Billie Eilish,"[""indie hip hop""]"
2023,1,1,28,null,Polo G,"[""chicago rap"",""rap""]"
2023,1,1,29,null,Mac Miller,"[""hip hop"",""pittsburgh rap"",""pop rap"",""rap""]"
2023,1,1,30,null,Lana Del Rey,"[""art pop"",""pop""]"
2023,1,1,31,null,Lil Durk,"[""chicago drill"",""chicago rap"",""drill"",""hip hop"",""rap"",""trap""]"
2023,1,1,32,null,Ariana Grande,"[""pop""]"
2023,1,1,33,null,Chris Brown,"[""r&b"",""rap""]"
2023,1,1,34,null,A Boogie Wit da Hoodie,"[""melodic rap"",""rap"",""trap""]"
2023,1,1,35,null,Luke Combs,"[""contemporary country"",""country""]"
2023,1,1,36,null,Rod Wave,"[""florida rap""]"
2023,1,1,37,null,Steve Lacy,"[""afrofuturism""]"
2023,1,1,38,null,Gunna,"[""atl hip hop"",""melodic rap"",""rap"",""trap""]"
2023,1,1,39,null,Kodak Black,"[""florida drill"",""florida rap"",""melodic rap"",""miami hip hop"",""rap"",""trap"",""trap latino""]"
2023,1,1,40,null,Playboi Carti,"[""atl hip hop"",""plugg"",""pluggnb"",""rage rap"",""rap""]"
2023,1,1,41,null,Beyoncé,"[""pop"",""r&b""]"
2023,1,1,42,null,Bruno Mars,"[""dance pop"",""pop""]"
2023,1,1,43,null,Justin Bieber,"[""canadian pop"",""pop""]"
2023,1,1,44,null,Lil Wayne,"[""hip hop"",""new orleans rap"",""pop rap"",""rap"",""trap""]"
2023,1,1,45,null,BTS,"[""k-pop"",""k-pop boy group"",""pop""]"
2023,1,1,46,null,Yeat,"[""canadian hip hop"",""canadian pop"",""hip hop"",""pop rap"",""rap""]"
2023,1,1,47,null,Frank Ocean,"[""lgbtq+ hip hop"",""neo soul""]"
2023,1,1,48,null,Fuerza Regida,"[""corrido"",""corridos tumbados"",""sad sierreno"",""sierreno""]"
2023,1,1,49,null,Trippie Redd,"[""melodic rap"",""rap"",""trap""]"
2023,1,1,50,null,Lil Peep,"[""cloud rap"",""emo rap"",""lgbtq+ hip hop""]"
2023,1,1,51,null,Lady Gaga,"[""corridos tumbados"",""sad sierreno""]"
2023,1,1,52,null,Brent Faiyaz,"[""r&b"",""rap""]"
2023,1,1,53,null,Ed Sheeran,"[""pop"",""singer-songwriter pop"",""uk pop""]"
2023,1,1,54,null,Joji,"[""viral pop""]"
2023,1,1,55,null,Nicki Minaj,"[""hip pop"",""pop"",""queens hip hop"",""rap""]"
2023,1,1,56,null,Rauw Alejandro,"[""puerto rican pop"",""reggaeton"",""trap latino"",""urbano latino""]"
2023,1,1,57,null,Young Thug,"[""atl hip hop"",""atl trap"",""gangster rap"",""melodic rap"",""rap"",""trap""]"
2023,1,1,58,null,Imagine Dragons,"[""modern rock"",""pop"",""rock""]"
2023,1,1,59,null,Khalid,"[""pop"",""pop r&b""]"
2023,1,1,60,null,Tyler Childers,"[""kentucky indie"",""kentucky roots"",""outlaw country""]"
2023,1,1,61,null,The Neighbourhood,"[""modern alternative rock"",""modern rock"",""pop"",""pov: indie""]"
2023,1,1,62,null,Baby Keem,"[""hip hop"",""rap""]"
2023,1,1,63,null,Arctic Monkeys,"[""garage rock"",""modern rock"",""permanent wave"",""rock"",""sheffield indie""]"
2023,1,1,64,null,Sam Smith,"[""pop"",""uk pop""]"
2023,1,1,65,null,Kid Cudi,"[""hip hop"",""ohio hip hop"",""pop rap"",""rap""]"
2023,1,1,66,null,David Guetta,"[""big room"",""dance pop"",""edm"",""pop"",""pop dance""]"
2023,1,1,67,null,The Beatles,"[""british invasion"",""classic rock"",""merseybeat"",""psychedelic rock"",""rock""]"
2023,1,1,68,null,Mac DeMarco,"[""edmonton indie"",""lo-fi indie"",""pov: indie""]"
2023,1,1,69,null,Coldplay,"[""permanent wave"",""pop""]"
2023,1,1,70,null,Tory Lanez,"[""canadian hip hop"",""canadian trap"",""melodic rap"",""pop rap"",""r&b"",""rap"",""trap""]"
2023,1,1,71,null,Dua Lipa,"[""dance pop"",""pop"",""uk pop""]"
2023,1,1,72,null,J Balvin,"[""reggaeton"",""reggaeton colombiano"",""trap latino"",""urbano latino""]"
2023,1,1,73,null,Jack Harlow,"[""deep underground hip hop"",""kentucky hip hop"",""pop rap"",""rap""]"
2023,1,1,74,null,Pop Smoke,"[""brooklyn drill"",""rap""]"
2023,1,1,75,null,Olivia Rodrigo,"[""pop""]"
2023,1,1,76,null,Halsey,"[""electropop"",""etherpop"",""indie poptimism"",""pop""]"
2023,1,1,77,null,Carin Leon,"[""corrido"",""musica mexicana"",""sad sierreno"",""sierreno""]"
2023,1,1,78,null,Lin-Manuel Miranda,"[""broadway"",""show tunes""]"
2023,1,1,79,null,Adele,"[""british soul"",""pop"",""pop soul"",""uk pop""]"
2023,1,1,80,null,Childish Gambino,"[""atl hip hop"",""hip hop"",""rap""]"
2023,1,1,81,null,DaBaby,"[""hip hop"",""north carolina hip hop"",""pop rap"",""rap"",""trap""]"
2023,1,1,82,null,Maroon 5,"[""pop""]"
2023,1,1,83,null,JAY-Z,"[""east coast hip hop"",""gangster rap"",""hip hop"",""pop rap"",""rap""]"
2023,1,1,84,null,Megan Thee Stallion,"[""houston rap"",""pop"",""r&b"",""rap"",""trap queen""]"
2023,1,1,85,null,Ozuna,"[""puerto rican pop"",""reggaeton"",""trap latino"",""urbano latino""]"
2023,1,1,86,null,Junior H,"[""corrido"",""corridos tumbados"",""musica mexicana"",""sad sierreno"",""sierreno""]"
2023,1,1,87,null,Summer Walker,"[""r&b"",""rap""]"
2023,1,1,88,null,A$AP Rocky,"[""east coast hip hop"",""hip hop"",""rap"",""trap""]"
2023,1,1,89,null,Anuel AA,"[""reggaeton"",""reggaeton flow"",""trap boricua"",""trap latino"",""urbano latino""]"
2023,1,1,90,null,Ivan Cornejo,"[""sad sierreno""]"
2023,1,1,91,null,Daddy Yankee,"[""latin hip hop"",""reggaeton"",""trap latino"",""urbano latino""]"
2023,1,1,92,null,Cardi B,"[""pop"",""rap""]"
2023,1,1,93,null,Katy Perry,"[""pop""]"
2023,1,1,94,null,Young Dolph,"[""memphis hip hop"",""rap"",""southern hip hop"",""tennessee hip hop"",""trap""]"
2023,1,1,95,null,Chris Stapleton,"[""contemporary country"",""outlaw country""]"
2023,1,1,96,null,KAROL G,"[""reggaeton"",""reggaeton colombiano"",""trap latino"",""urbano latino""]"
2023,1,1,97,null,Machine Gun Kelly,"[""ohio hip hop"",""pop rap""]"
2023,1,1,98,null,Elton John,"[""glam rock"",""mellow gold"",""piano rock"",""rock""]"
2023,1,1,99,null,Michael Jackson,"[""r&b"",""soul""]"
2023,1,1,100,null,Fleetwood Mac,"[""album rock"",""classic rock"",""rock"",""soft rock"",""yacht rock""]"
2023,1,1,101,null,Marshmello,"[""brostep"",""edm"",""pop"",""progressive electro house""]"
2023,1,1,102,null,NLE Choppa,"[""memphis hip hop"",""rap""]"
2023,1,1,103,null,Linkin Park,"[""alternative metal"",""nu metal"",""post-grunge"",""rap metal"",""rock""]"
2023,1,1,104,null,NF,"[""hip hop"",""pop rap""]"
2023,1,1,105,null,Moneybagg Yo,"[""memphis hip hop"",""rap"",""southern hip hop"",""tennessee hip hop"",""trap""]"
2023,1,1,106,null,Grupo Frontera,"[""musica chihuahuense""]"
2023,1,1,107,null,JVKE,"[""modern indie pop"",""pov: indie"",""singer-songwriter pop""]"
2023,1,1,108,null,Deftones,"[""alternative metal"",""nu metal"",""rap metal"",""rock"",""sacramento indie""]"
2023,1,1,109,null,Luis R Conriquez,"[""corrido"",""corridos tumbados"",""norteno"",""sad sierreno"",""sierreno""]"
2023,1,1,110,null,Metallica,"[""hard rock"",""metal"",""old school thrash"",""rock"",""thrash metal""]"
2023,1,1,111,null,Cigarettes After Sex,"[""ambient pop"",""dream pop"",""el paso indie"",""shoegaze""]"
2023,1,1,112,null,Noah Kahan,"[""pov: indie""]"
2023,1,1,113,null,OneRepublic,"[""piano rock"",""pop""]"
2023,1,1,114,null,Roddy Ricch,"[""melodic rap"",""rap"",""trap""]"
2023,1,1,115,null,d4vd,"[""bedroom pop"",""bedroom r&b""]"
2023,1,1,116,null,Lil Tjay,"[""brooklyn drill"",""melodic rap"",""nyc rap"",""rap""]"
2023,1,1,117,null,Mitski,"[""brooklyn indie"",""pov: indie""]"
2023,1,1,118,null,Nirvana,"[""grunge"",""permanent wave"",""rock""]"
2023,1,1,119,null,Queen,"[""k-pop girl group""]"
2023,1,1,120,null,Don Toliver,"[""pop rap"",""rap"",""trap""]"
2023,1,1,121,null,The Kid LAROI,"[""australian hip hop""]"
2023,1,1,122,null,Eslabon Armado,"[""corrido"",""corridos tumbados"",""sad sierreno"",""sierreno""]"
2023,1,1,123,null,One Direction,"[""boy band"",""pop"",""post-teen pop"",""talent show""]"
2023,1,1,124,null,Miguel,"[""r&b"",""urban contemporary""]"
2023,1,1,125,null,Bailey Zimmerman,"[""contemporary country"",""modern country pop""]"
2023,1,1,126,null,King Von,"[""chicago rap""]"
2023,1,1,127,null,Miley Cyrus,"[""pop""]"
2023,1,1,128,null,Cody Johnson,"[""classic texas country"",""contemporary country""]"
2023,1,1,129,null,Bryson Tiller,"[""kentucky hip hop"",""r&b"",""rap""]"
2023,1,1,130,null,Calvin Harris,"[""dance pop"",""edm"",""electro house"",""house"",""pop"",""pop dance"",""progressive house"",""uk dance""]"
2023,1,1,131,null,Tame Impala,"[""australian psych"",""modern rock"",""neo-psychedelic"",""rock""]"
2023,1,1,132,null,Red Hot Chili Peppers,"[""alternative rock"",""funk metal"",""funk rock"",""permanent wave"",""rock""]"
2023,1,1,133,null,Jason Aldean,"[""contemporary country"",""country"",""country road"",""modern country rock""]"
2023,1,1,134,null,Giveon,"[""r&b""]"
2023,1,1,135,null,The 1975,"[""modern alternative rock"",""modern rock"",""pop"",""pov: indie"",""rock""]"
2023,1,1,136,null,Conan Gray,"[""bedroom pop"",""pop"",""pov: indie""]"
2023,1,1,137,null,Lizzo,"[""escape room"",""minnesota hip hop"",""pop"",""trap queen""]"
2023,1,1,138,null,2Pac,"[""g funk"",""gangster rap"",""hip hop"",""rap"",""west coast rap""]"
2023,1,1,139,null,Feid,"[""colombian pop"",""pop reggaeton"",""reggaeton"",""reggaeton colombiano"",""trap latino"",""urbano latino""]"
2023,1,1,140,null,DJ Khaled,"[""hip hop"",""miami hip hop"",""pop rap"",""rap""]"
2023,1,1,141,null,Kane Brown,"[""black americana"",""contemporary country"",""country"",""country road""]"
2023,1,1,142,null,Panic! At The Disco,"[""modern rock"",""pop""]"
2023,1,1,143,null,Hozier,"[""irish singer-songwriter"",""modern rock"",""pov: indie""]"
2023,1,1,144,null,Migos,"[""atl hip hop"",""hip hop"",""pop rap"",""rap"",""trap""]"
2023,1,1,145,null,Sleepy Hallow,"[""brooklyn drill"",""nyc rap""]"
2023,1,1,146,null,Meghan Trainor,"[""hip pop"",""pop""]"
2023,1,1,147,null,Fall Out Boy,"[""emo"",""modern rock"",""pop"",""rock""]"
2023,1,1,148,null,Paramore,"[""candy pop"",""modern rock"",""pixie"",""pop"",""pop emo"",""pop punk"",""rock""]"
2023,1,1,149,null,Bebe Rexha,"[""dance pop"",""pop""]"
2023,1,1,150,null,Lil Tecca,"[""melodic rap"",""pluggnb"",""rap""]"
2023,1,1,151,null,HARDY,[]
2023,1,1,152,null,Selena Gomez,"[""pop"",""post-teen pop""]"
2023,1,1,153,null,Shawn Mendes,"[""canadian pop"",""pop"",""viral pop""]"
2023,1,1,154,null,Freddie Dredd,"[""aesthetic rap"",""meme rap"",""phonk""]"
2023,1,1,155,null,Key Glock,"[""memphis hip hop"",""rap"",""southern hip hop"",""tennessee hip hop"",""trap""]"
2023,1,1,156,null,Gorillaz,"[""alternative hip hop"",""modern rock"",""rock""]"
2023,1,1,157,null,The Lumineers,"[""folk-pop"",""modern rock"",""stomp and holler""]"
2023,1,1,158,null,Wiz Khalifa,"[""hip hop"",""pittsburgh rap"",""pop rap"",""rap"",""southern hip hop"",""trap""]"
2023,1,1,159,null,Kevin Gates,"[""baton rouge rap"",""rap"",""southern hip hop"",""trap""]"
2023,1,1,160,null,Lil Nas X,"[""lgbtq+ hip hop""]"
2023,1,1,161,null,blackbear,"[""pop""]"
2023,1,1,162,null,Stray Kids,"[""k-pop"",""k-pop boy group"",""pop""]"
2023,1,1,163,null,JID,"[""hip hop"",""pop rap"",""rap"",""underground hip hop""]"
2023,1,1,164,null,Pitbull,"[""dance pop"",""miami hip hop"",""pop""]"
2023,1,1,165,null,Kali Uchis,"[""colombian pop""]"
2023,1,1,166,null,Twenty One Pilots,"[""modern rock"",""pop"",""pov: indie"",""rock""]"
2023,1,1,167,null,Shakira,"[""colombian pop"",""dance pop"",""latin pop"",""pop""]"
2023,1,1,168,null,USHER,"[""atl hip hop"",""contemporary r&b"",""dance pop"",""pop"",""r&b"",""rap"",""south carolina hip hop"",""urban contemporary""]"
2023,1,1,169,null,Luke Bryan,"[""contemporary country"",""country"",""country road"",""modern country rock""]"
2023,1,1,170,null,Quavo,"[""atl hip hop"",""melodic rap"",""rap"",""trap""]"
2023,1,1,171,null,50 Cent,"[""east coast hip hop"",""gangster rap"",""hip hop"",""pop rap"",""queens hip hop"",""rap""]"
2023,1,1,172,null,Russ,[]
2023,1,1,173,null,Kim Petras,"[""alt z"",""pop"",""transpop""]"
2023,1,1,174,null,George Strait,"[""contemporary country"",""country"",""country road""]"
2023,1,1,175,null,Glass Animals,"[""gauze pop"",""indietronica"",""modern rock"",""pov: indie"",""shiver pop""]"
2023,1,1,176,null,Jelly Roll,"[""country rap"",""nashville hip hop"",""tennessee hip hop""]"
2023,1,1,177,null,Jhené Aiko,"[""r&b""]"
2023,1,1,178,null,Oliver Tree,"[""alternative hip hop""]"
2023,1,1,179,null,Romeo Santos,"[""bachata"",""latin hip hop"",""latin pop"",""urbano latino""]"
2023,1,1,180,null,The Notorious B.I.G.,"[""east coast hip hop"",""gangster rap"",""hardcore hip hop"",""hip hop"",""rap""]"
2023,1,1,181,null,Tiësto,"[""big room"",""brostep"",""dutch edm"",""edm"",""house"",""pop dance"",""slap house"",""trance""]"
2023,1,1,182,null,Ski Mask The Slump God,"[""hip hop"",""miami hip hop"",""pop rap"",""rap"",""trap""]"
2023,1,1,183,null,Tate McRae,"[""alt z"",""pop""]"
2023,1,1,184,null,TV Girl,"[""pov: indie""]"
2023,1,1,185,null,Gucci Mane,"[""atl hip hop"",""dirty south rap"",""hip hop"",""pop rap"",""rap"",""southern hip hop"",""trap""]"
2023,1,1,186,null,AJR,"[""pov: indie""]"
2023,1,1,187,null,Radiohead,"[""alternative rock"",""art rock"",""melancholia"",""oxford indie"",""permanent wave"",""rock""]"
2023,1,1,188,null,Melanie Martinez,"[""alt z"",""electropop"",""pop""]"
2023,1,1,189,null,Jordan Davis,"[""contemporary country"",""country road""]"
2023,1,1,190,null,Nardo Wick,"[""florida drill"",""florida rap"",""southern hip hop""]"
2023,1,1,191,null,Florida Georgia Line,"[""contemporary country"",""country"",""country pop"",""country road"",""modern country rock""]"
2023,1,1,192,null,PinkPantheress,"[""bedroom pop""]"
2023,1,1,193,null,AC/DC,"[""australian rock"",""hard rock"",""rock""]"
2023,1,1,194,null,My Chemical Romance,"[""emo"",""modern rock"",""pop punk"",""pov: indie"",""rock""]"
2023,1,1,195,null,Anderson .Paak,"[""escape room"",""hip hop"",""indie soul"",""neo soul""]"
2023,1,1,196,null,Ty Dolla $ign,"[""hip hop"",""pittsburgh rap"",""pop rap"",""rap"",""southern hip hop"",""trap""]"
2023,1,1,197,null,Big Sean,"[""detroit hip hop"",""hip hop"",""pop rap"",""r&b"",""rap"",""trap""]"
2023,1,1,198,null,Green Day,"[""modern rock"",""permanent wave"",""punk"",""rock""]"
2023,1,1,199,null,Billy Joel,"[""album rock"",""classic rock"",""heartland rock"",""mellow gold"",""piano rock"",""rock"",""singer-songwriter"",""soft rock""]"
2023,1,1,200,null,Takeoff,[]
2023,2,1,1,null,Taylor Swift,"[""pop""]"
2023,2,1,2,null,Drake,"[""canadian hip hop"",""canadian pop"",""hip hop"",""pop rap"",""rap""]"
2023,2,1,3,null,SZA,"[""pop"",""r&b"",""rap""]"
2023,2,1,4,null,The Weeknd,"[""canadian contemporary r&b"",""canadian pop"",""pop""]"
2023,2,1,5,null,21 Savage,"[""atl hip hop"",""hip hop"",""rap""]"
2023,2,1,6,null,Bad Bunny,"[""reggaeton"",""trap latino"",""urbano latino""]"
2023,2,1,7,null,Morgan Wallen,"[""contemporary country""]"
2023,2,1,8,null,Metro Boomin,"[""rap""]"
2023,2,1,9,null,Future,"[""atl hip hop"",""hip hop"",""rap"",""southern hip hop"",""trap""]"
2023,2,1,10,null,Juice WRLD,"[""chicago rap"",""melodic rap"",""rap""]"
2023,2,1,11,null,Kanye West,"[""chicago rap"",""hip hop"",""rap""]"
2023,2,1,12,null,Lil Baby,"[""atl hip hop"",""atl trap"",""rap"",""trap""]"
2023,2,1,13,null,Zach Bryan,"[""classic oklahoma country"",""modern country pop""]"
2023,2,1,14,null,$uicideboy$,"[""cloud rap"",""dark trap"",""new orleans rap"",""underground hip hop""]"
2023,2,1,15,null,Kendrick Lamar,"[""conscious hip hop"",""hip hop"",""rap"",""west coast rap""]"
2023,2,1,16,null,J. Cole,"[""conscious hip hop"",""hip hop"",""north carolina hip hop"",""rap""]"
2023,2,1,17,null,Travis Scott,"[""hip hop"",""rap"",""slap house""]"
2023,2,1,18,null,YoungBoy Never Broke Again,"[""baton rouge rap"",""rap""]"
2023,2,1,19,null,Eminem,"[""detroit hip hop"",""hip hop"",""rap""]"
2023,2,1,20,null,Lil Uzi Vert,"[""hip hop"",""melodic rap"",""philly rap"",""rage rap"",""rap""]"
2023,2,1,21,null,Miley Cyrus,"[""pop""]"
2023,2,1,22,null,XXXTENTACION,"[""emo rap"",""miami hip hop""]"
2023,2,1,23,null,Post Malone,"[""dfw rap"",""melodic rap"",""pop"",""rap""]"
2023,2,1,24,null,Trippie Redd,"[""melodic rap"",""rap"",""trap""]"
2023,2,1,25,null,Lil Yachty,"[""atl hip hop"",""melodic rap"",""rap"",""trap""]"
2023,2,1,26,null,Harry Styles,"[""pop""]"
2023,2,1,27,null,Rihanna,"[""barbadian pop"",""pop"",""urban contemporary""]"
2023,2,1,28,null,"Tyler, The Creator","[""hip hop"",""rap""]"
2023,2,1,29,null,Luke Combs,"[""contemporary country"",""country""]"
2023,2,1,30,null,Mac Miller,"[""hip hop"",""pittsburgh rap"",""pop rap"",""rap""]"
2023,2,1,31,null,Billie Eilish,"[""indie hip hop""]"
2023,2,1,32,null,Lana Del Rey,"[""art pop"",""pop""]"
2023,2,1,33,null,Doja Cat,"[""dance pop"",""pop""]"
2023,2,1,34,null,Polo G,"[""chicago rap"",""rap""]"
2023,2,1,35,null,Kodak Black,"[""florida drill"",""florida rap"",""melodic rap"",""miami hip hop"",""rap"",""trap"",""trap latino""]"
2023,2,1,36,null,Ariana Grande,"[""pop""]"
2023,2,1,37,null,Chris Brown,"[""r&b"",""rap""]"
2023,2,1,38,null,Lil Durk,"[""chicago drill"",""chicago rap"",""drill"",""hip hop"",""rap"",""trap""]"
2023,2,1,39,null,Sam Smith,"[""pop"",""uk pop""]"
2023,2,1,40,null,Gunna,"[""atl hip hop"",""melodic rap"",""rap"",""trap""]"
2023,2,1,41,null,Playboi Carti,"[""atl hip hop"",""plugg"",""pluggnb"",""rage rap"",""rap""]"
2023,2,1,42,null,Rod Wave,"[""florida rap""]"
2023,2,1,43,null,A Boogie Wit da Hoodie,"[""melodic rap"",""rap"",""trap""]"
2023,2,1,44,null,The Kid LAROI,"[""australian hip hop""]"
2023,2,1,45,null,Bruno Mars,"[""dance pop"",""pop""]"
2023,2,1,46,null,Lil Wayne,"[""hip hop"",""new orleans rap"",""pop rap"",""rap"",""trap""]"
2023,2,1,47,null,Steve Lacy,"[""afrofuturism""]"
2023,2,1,48,null,Beyoncé,"[""pop"",""r&b""]"
2023,2,1,49,null,Yeat,"[""canadian hip hop"",""canadian pop"",""hip hop"",""pop rap"",""rap""]"
2023,2,1,50,null,Frank Ocean,"[""lgbtq+ hip hop"",""neo soul""]"
2023,2,1,51,null,Lil Peep,"[""cloud rap"",""emo rap"",""lgbtq+ hip hop""]"
2023,2,1,52,null,Justin Bieber,"[""canadian pop"",""pop""]"
2023,2,1,53,null,BTS,"[""k-pop"",""k-pop boy group"",""pop""]"
2023,2,1,54,null,Fuerza Regida,"[""corrido"",""corridos tumbados"",""sad sierreno"",""sierreno""]"
2023,2,1,55,null,Brent Faiyaz,"[""r&b"",""rap""]"
2023,2,1,56,null,Rauw Alejandro,"[""puerto rican pop"",""reggaeton"",""trap latino"",""urbano latino""]"
2023,2,1,57,null,Ed Sheeran,"[""pop"",""singer-songwriter pop"",""uk pop""]"
2023,2,1,58,null,Shakira,"[""colombian pop"",""dance pop"",""latin pop"",""pop""]"
2023,2,1,59,null,Lady Gaga,"[""corridos tumbados"",""sad sierreno""]"
2023,2,1,60,null,Mac DeMarco,"[""edmonton indie"",""lo-fi indie"",""pov: indie""]"
2023,2,1,61,null,Joji,"[""viral pop""]"
2023,2,1,62,null,Khalid,"[""pop"",""pop r&b""]"
2023,2,1,63,null,Imagine Dragons,"[""modern rock"",""pop"",""rock""]"
2023,2,1,64,null,Arctic Monkeys,"[""garage rock"",""modern rock"",""permanent wave"",""rock"",""sheffield indie""]"
2023,2,1,65,null,Nicki Minaj,"[""hip pop"",""pop"",""queens hip hop"",""rap""]"
2023,2,1,66,null,Junior H,"[""corrido"",""corridos tumbados"",""musica mexicana"",""sad sierreno"",""sierreno""]"
2023,2,1,67,null,Baby Keem,"[""hip hop"",""rap""]"
2023,2,1,68,null,Young Thug,"[""atl hip hop"",""atl trap"",""gangster rap"",""melodic rap"",""rap"",""trap""]"
2023,2,1,69,null,The Neighbourhood,"[""modern alternative rock"",""modern rock"",""pop"",""pov: indie""]"
2023,2,1,70,null,Tyler Childers,"[""kentucky indie"",""kentucky roots"",""outlaw country""]"
2023,2,1,71,null,Coldplay,"[""permanent wave"",""pop""]"
2023,2,1,72,null,The Beatles,"[""british invasion"",""classic rock"",""merseybeat"",""psychedelic rock"",""rock""]"
2023,2,1,73,null,Tory Lanez,"[""canadian hip hop"",""canadian trap"",""melodic rap"",""pop rap"",""r&b"",""rap"",""trap""]"
2023,2,1,74,null,HARDY,[]
2023,2,1,75,null,Kid Cudi,"[""hip hop"",""ohio hip hop"",""pop rap"",""rap""]"
2023,2,1,76,null,Kali Uchis,"[""colombian pop""]"
2023,2,1,77,null,Fall Out Boy,"[""emo"",""modern rock"",""pop"",""rock""]"
2023,2,1,78,null,A$AP Rocky,"[""east coast hip hop"",""hip hop"",""rap"",""trap""]"
2023,2,1,79,null,Childish Gambino,"[""atl hip hop"",""hip hop"",""rap""]"
2023,2,1,80,null,Pop Smoke,"[""brooklyn drill"",""rap""]"
2023,2,1,81,null,DaBaby,"[""hip hop"",""north carolina hip hop"",""pop rap"",""rap"",""trap""]"
2023,2,1,82,null,Adele,"[""british soul"",""pop"",""pop soul"",""uk pop""]"
2023,2,1,83,null,Lin-Manuel Miranda,"[""broadway"",""show tunes""]"
2023,2,1,84,null,Carin Leon,"[""corrido"",""musica mexicana"",""sad sierreno"",""sierreno""]"
2023,2,1,85,null,Miguel,"[""r&b"",""urban contemporary""]"
2023,2,1,86,null,Feid,"[""colombian pop"",""pop reggaeton"",""reggaeton"",""reggaeton colombiano"",""trap latino"",""urbano latino""]"
2023,2,1,87,null,Halsey,"[""electropop"",""etherpop"",""indie poptimism"",""pop""]"
2023,2,1,88,null,Daddy Yankee,"[""latin hip hop"",""reggaeton"",""trap latino"",""urbano latino""]"
2023,2,1,89,null,David Guetta,"[""big room"",""dance pop"",""edm"",""pop"",""pop dance""]"
2023,2,1,90,null,JAY-Z,"[""east coast hip hop"",""gangster rap"",""hip hop"",""pop rap"",""rap""]"
2023,2,1,91,null,Dua Lipa,"[""dance pop"",""pop"",""uk pop""]"
2023,2,1,92,null,Ozuna,"[""puerto rican pop"",""reggaeton"",""trap latino"",""urbano latino""]"
2023,2,1,93,null,J Balvin,"[""reggaeton"",""reggaeton colombiano"",""trap latino"",""urbano latino""]"
2023,2,1,94,null,Olivia Rodrigo,"[""pop""]"
2023,2,1,95,null,TOMORROW X TOGETHER,"[""k-pop"",""k-pop boy group""]"
2023,2,1,96,null,Grupo Frontera,"[""musica chihuahuense""]"
2023,2,1,97,null,Maroon 5,"[""pop""]"
2023,2,1,98,null,Calvin Harris,"[""dance pop"",""edm"",""electro house"",""house"",""pop"",""pop dance"",""progressive house"",""uk dance""]"
2023,2,1,99,null,Summer Walker,"[""r&b"",""rap""]"
2023,2,1,100,null,Ivan Cornejo,"[""sad sierreno""]"
2023,2,1,101,null,Deftones,"[""alternative metal"",""nu metal"",""rap metal"",""rock"",""sacramento indie""]"
2023,2,1,102,null,Katy Perry,"[""pop""]"
2023,2,1,103,null,NLE Choppa,"[""memphis hip hop"",""rap""]"
2023,2,1,104,null,Anuel AA,"[""reggaeton"",""reggaeton flow"",""trap boricua"",""trap latino"",""urbano latino""]"
2023,2,1,105,null,Linkin Park,"[""alternative metal"",""nu metal"",""post-grunge"",""rap metal"",""rock""]"
2023,2,1,106,null,Lil Tjay,"[""brooklyn drill"",""melodic rap"",""nyc rap"",""rap""]"
2023,2,1,107,null,Jack Harlow,"[""deep underground hip hop"",""kentucky hip hop"",""pop rap"",""rap""]"
2023,2,1,108,null,Megan Thee Stallion,"[""houston rap"",""pop"",""r&b"",""rap"",""trap queen""]"
2023,2,1,109,null,Chris Stapleton,"[""contemporary country"",""outlaw country""]"
2023,2,1,110,null,Metallica,"[""hard rock"",""metal"",""old school thrash"",""rock"",""thrash metal""]"
2023,2,1,111,null,Luis R Conriquez,"[""corrido"",""corridos tumbados"",""norteno"",""sad sierreno"",""sierreno""]"
2023,2,1,112,null,KAROL G,"[""reggaeton"",""reggaeton colombiano"",""trap latino"",""urbano latino""]"
2023,2,1,113,null,NewJeans,"[""k-pop"",""k-pop girl group""]"
2023,2,1,114,null,Natanael Cano,"[""corrido"",""corridos tumbados"",""musica mexicana"",""sad sierreno"",""sierreno""]"
2023,2,1,115,null,Moneybagg Yo,"[""memphis hip hop"",""rap"",""southern hip hop"",""tennessee hip hop"",""trap""]"
2023,2,1,116,null,Marshmello,"[""brostep"",""edm"",""pop"",""progressive electro house""]"
2023,2,1,117,null,Machine Gun Kelly,"[""ohio hip hop"",""pop rap""]"
2023,2,1,118,null,Fleetwood Mac,"[""album rock"",""classic rock"",""rock"",""soft rock"",""yacht rock""]"
2023,2,1,119,null,Michael Jackson,"[""r&b"",""soul""]"
2023,2,1,120,null,Nirvana,"[""grunge"",""permanent wave"",""rock""]"
2023,2,1,121,null,NF,"[""hip hop"",""pop rap""]"
2023,2,1,122,null,Cardi B,"[""pop"",""rap""]"
2023,2,1,123,null,Tame Impala,"[""australian psych"",""modern rock"",""neo-psychedelic"",""rock""]"
2023,2,1,124,null,d4vd,"[""bedroom pop"",""bedroom r&b""]"
2023,2,1,125,null,Peso Pluma,"[""corrido"",""corridos tumbados"",""sad sierreno"",""sierreno""]"
2023,2,1,126,null,Cigarettes After Sex,"[""ambient pop"",""dream pop"",""el paso indie"",""shoegaze""]"
2023,2,1,127,null,Eslabon Armado,"[""corrido"",""corridos tumbados"",""sad sierreno"",""sierreno""]"
2023,2,1,128,null,Noah Kahan,"[""pov: indie""]"
2023,2,1,129,null,Elton John,"[""glam rock"",""mellow gold"",""piano rock"",""rock""]"
2023,2,1,130,null,One Direction,"[""boy band"",""pop"",""post-teen pop"",""talent show""]"
2023,2,1,131,null,PARTYNEXTDOOR,"[""r&b"",""rap"",""urban contemporary""]"
2023,2,1,132,null,Panic! At The Disco,"[""modern rock"",""pop""]"
2023,2,1,133,null,Mitski,"[""brooklyn indie"",""pov: indie""]"
2023,2,1,134,null,Gorillaz,"[""alternative hip hop"",""modern rock"",""rock""]"
2023,2,1,135,null,JVKE,"[""modern indie pop"",""pov: indie"",""singer-songwriter pop""]"
2023,2,1,136,null,King Von,"[""chicago rap""]"
2023,2,1,137,null,OneRepublic,"[""piano rock"",""pop""]"
2023,2,1,138,null,Queen,"[""k-pop girl group""]"
2023,2,1,139,null,Bryson Tiller,"[""kentucky hip hop"",""r&b"",""rap""]"
2023,2,1,140,null,2Pac,"[""g funk"",""gangster rap"",""hip hop"",""rap"",""west coast rap""]"
2023,2,1,141,null,Young Dolph,"[""memphis hip hop"",""rap"",""southern hip hop"",""tennessee hip hop"",""trap""]"
2023,2,1,142,null,Roddy Ricch,"[""melodic rap"",""rap"",""trap""]"
2023,2,1,143,null,Red Hot Chili Peppers,"[""alternative rock"",""funk metal"",""funk rock"",""permanent wave"",""rock""]"
2023,2,1,144,null,Paramore,"[""candy pop"",""modern rock"",""pixie"",""pop"",""pop emo"",""pop punk"",""rock""]"
2023,2,1,145,null,Giveon,"[""r&b""]"
2023,2,1,146,null,Daniel Caesar,"[""canadian contemporary r&b""]"
2023,2,1,147,null,Don Toliver,"[""pop rap"",""rap"",""trap""]"
2023,2,1,148,null,Bailey Zimmerman,"[""contemporary country"",""modern country pop""]"
2023,2,1,149,null,Selena Gomez,"[""pop"",""post-teen pop""]"
2023,2,1,150,null,Migos,"[""atl hip hop"",""hip hop"",""pop rap"",""rap"",""trap""]"
2023,2,1,151,null,Hozier,"[""irish singer-songwriter"",""modern rock"",""pov: indie""]"
2023,2,1,152,null,Bizarrap,"[""argentine hip hop"",""pop venezolano"",""trap argentino"",""trap latino"",""urbano latino""]"
2023,2,1,153,null,Jason Aldean,"[""contemporary country"",""country"",""country road"",""modern country rock""]"
2023,2,1,154,null,Conan Gray,"[""bedroom pop"",""pop"",""pov: indie""]"
2023,2,1,155,null,Key Glock,"[""memphis hip hop"",""rap"",""southern hip hop"",""tennessee hip hop"",""trap""]"
2023,2,1,156,null,The 1975,"[""modern alternative rock"",""modern rock"",""pop"",""pov: indie"",""rock""]"
2023,2,1,157,null,DJ Khaled,"[""hip hop"",""miami hip hop"",""pop rap"",""rap""]"
2023,2,1,158,null,Gucci Mane,"[""atl hip hop"",""dirty south rap"",""hip hop"",""pop rap"",""rap"",""southern hip hop"",""trap""]"
2023,2,1,159,null,Cody Johnson,"[""classic texas country"",""contemporary country""]"
2023,2,1,160,null,Quinn XCII,"[""indie pop rap""]"
2023,2,1,161,null,Kane Brown,"[""black americana"",""contemporary country"",""country"",""country road""]"
2023,2,1,162,null,Radiohead,"[""alternative rock"",""art rock"",""melancholia"",""oxford indie"",""permanent wave"",""rock""]"
2023,2,1,163,null,Lil Tecca,"[""melodic rap"",""pluggnb"",""rap""]"
2023,2,1,164,null,Sleepy Hallow,"[""brooklyn drill"",""nyc rap""]"
2023,2,1,165,null,Tiësto,"[""big room"",""brostep"",""dutch edm"",""edm"",""house"",""pop dance"",""slap house"",""trance""]"
2023,2,1,166,null,TV Girl,"[""pov: indie""]"
2023,2,1,167,null,Green Day,"[""modern rock"",""permanent wave"",""punk"",""rock""]"
2023,2,1,168,null,Shawn Mendes,"[""canadian pop"",""pop"",""viral pop""]"
2023,2,1,169,null,Russ,[]
2023,2,1,170,null,JID,"[""hip hop"",""pop rap"",""rap"",""underground hip hop""]"
2023,2,1,171,null,LUCKI,"[""plugg""]"
2023,2,1,172,null,Kevin Gates,"[""baton rouge rap"",""rap"",""southern hip hop"",""trap""]"
2023,2,1,173,null,Jhené Aiko,"[""r&b""]"
2023,2,1,174,null,Pink Floyd,"[""album rock"",""art rock"",""classic rock"",""progressive rock"",""psychedelic rock"",""rock"",""symphonic rock""]"
2023,2,1,175,null,Stray Kids,"[""k-pop"",""k-pop boy group"",""pop""]"
2023,2,1,176,null,Luke Bryan,"[""contemporary country"",""country"",""country road"",""modern country rock""]"
2023,2,1,177,null,Twenty One Pilots,"[""modern rock"",""pop"",""pov: indie"",""rock""]"
2023,2,1,178,null,Ava Max,"[""pop""]"
2023,2,1,179,null,blackbear,"[""pop""]"
2023,2,1,180,null,Tate McRae,"[""alt z"",""pop""]"
2023,2,1,181,null,Pitbull,"[""dance pop"",""miami hip hop"",""pop""]"
2023,2,1,182,null,The Lumineers,"[""folk-pop"",""modern rock"",""stomp and holler""]"
2023,2,1,183,null,P!nk,"[""dance pop"",""pop""]"
2023,2,1,184,null,Bebe Rexha,"[""dance pop"",""pop""]"
2023,2,1,185,null,50 Cent,"[""east coast hip hop"",""gangster rap"",""hip hop"",""pop rap"",""queens hip hop"",""rap""]"
2023,2,1,186,null,USHER,"[""atl hip hop"",""contemporary r&b"",""dance pop"",""pop"",""r&b"",""rap"",""south carolina hip hop"",""urban contemporary""]"
2023,2,1,187,null,Melanie Martinez,"[""alt z"",""electropop"",""pop""]"
2023,2,1,188,null,Wiz Khalifa,"[""hip hop"",""pittsburgh rap"",""pop rap"",""rap"",""southern hip hop"",""trap""]"
2023,2,1,189,null,The Notorious B.I.G.,"[""east coast hip hop"",""gangster rap"",""hardcore hip hop"",""hip hop"",""rap""]"
2023,2,1,190,null,AJR,"[""pov: indie""]"
2023,2,1,191,null,Myke Towers,"[""reggaeton"",""trap latino"",""urbano latino""]"
2023,2,1,192,null,Big Sean,"[""detroit hip hop"",""hip hop"",""pop rap"",""r&b"",""rap"",""trap""]"
2023,2,1,193,null,Romeo Santos,"[""bachata"",""latin hip hop"",""latin pop"",""urbano latino""]"
2023,2,1,194,null,Meghan Trainor,"[""hip pop"",""pop""]"
2023,2,1,195,null,Lizzo,"[""escape room"",""minnesota hip hop"",""pop"",""trap queen""]"
2023,2,1,196,null,Freddie Dredd,"[""aesthetic rap"",""meme rap"",""phonk""]"
2023,2,1,197,null,PinkPantheress,"[""bedroom pop""]"
2023,2,1,198,null,AC/DC,"[""australian rock"",""hard rock"",""rock""]"
2023,2,1,199,null,Logic,"[""conscious hip hop"",""hip hop"",""pop rap"",""rap""]"
2023,2,1,200,null,Slipknot,"[""alternative metal"",""nu metal"",""rap metal"",""rock""]"
2023,3,1,1,null,Drake,"[""canadian hip hop"",""canadian pop"",""hip hop"",""pop rap"",""rap""]"
2023,3,1,2,null,Taylor Swift,"[""pop""]"
2023,3,1,3,null,The Weeknd,"[""canadian contemporary r&b"",""canadian pop"",""pop""]"
2023,3,1,4,null,SZA,"[""pop"",""r&b"",""rap""]"
2023,3,1,5,null,21 Savage,"[""atl hip hop"",""hip hop"",""rap""]"
2023,3,1,6,null,Morgan Wallen,"[""contemporary country""]"
2023,3,1,7,null,Bad Bunny,"[""reggaeton"",""trap latino"",""urbano latino""]"
2023,3,1,8,null,Yeat,"[""canadian hip hop"",""canadian pop"",""hip hop"",""pop rap"",""rap""]"
2023,3,1,9,null,Kanye West,"[""chicago rap"",""hip hop"",""rap""]"
2023,3,1,10,null,Future,"[""atl hip hop"",""hip hop"",""rap"",""southern hip hop"",""trap""]"
2023,3,1,11,null,KAROL G,"[""reggaeton"",""reggaeton colombiano"",""trap latino"",""urbano latino""]"
2023,3,1,12,null,$uicideboy$,"[""cloud rap"",""dark trap"",""new orleans rap"",""underground hip hop""]"
2023,3,1,13,null,Metro Boomin,"[""rap""]"
2023,3,1,14,null,Juice WRLD,"[""chicago rap"",""melodic rap"",""rap""]"
2023,3,1,15,null,Lil Baby,"[""atl hip hop"",""atl trap"",""rap"",""trap""]"
2023,3,1,16,null,Rihanna,"[""barbadian pop"",""pop"",""urban contemporary""]"
2023,3,1,17,null,Kendrick Lamar,"[""conscious hip hop"",""hip hop"",""rap"",""west coast rap""]"
2023,3,1,18,null,Lil Uzi Vert,"[""hip hop"",""melodic rap"",""philly rap"",""rage rap"",""rap""]"
2023,3,1,19,null,Zach Bryan,"[""classic oklahoma country"",""modern country pop""]"
2023,3,1,20,null,J. Cole,"[""conscious hip hop"",""hip hop"",""north carolina hip hop"",""rap""]"
2023,3,1,21,null,Ariana Grande,"[""pop""]"
2023,3,1,22,null,Travis Scott,"[""hip hop"",""rap"",""slap house""]"
2023,3,1,23,null,YoungBoy Never Broke Again,"[""baton rouge rap"",""rap""]"
2023,3,1,24,null,Eminem,"[""detroit hip hop"",""hip hop"",""rap""]"
2023,3,1,25,null,Post Malone,"[""dfw rap"",""melodic rap"",""pop"",""rap""]"
2023,3,1,26,null,Luke Combs,"[""contemporary country"",""country""]"
2023,3,1,27,null,Don Toliver,"[""pop rap"",""rap"",""trap""]"
2023,3,1,28,null,XXXTENTACION,"[""emo rap"",""miami hip hop""]"
2023,3,1,29,null,Lana Del Rey,"[""art pop"",""pop""]"
2023,3,1,30,null,"Tyler, The Creator","[""hip hop"",""rap""]"
2023,3,1,31,null,Harry Styles,"[""pop""]"
2023,3,1,32,null,Mac Miller,"[""hip hop"",""pittsburgh rap"",""pop rap"",""rap""]"
2023,3,1,33,null,Doja Cat,"[""dance pop"",""pop""]"
2023,3,1,34,null,Polo G,"[""chicago rap"",""rap""]"
2023,3,1,35,null,Ice Spice,"[""bronx drill""]"
2023,3,1,36,null,Chris Brown,"[""r&b"",""rap""]"
2023,3,1,37,null,PinkPantheress,"[""bedroom pop""]"
2023,3,1,38,null,Lil Wayne,"[""hip hop"",""new orleans rap"",""pop rap"",""rap"",""trap""]"
2023,3,1,39,null,Justin Bieber,"[""canadian pop"",""pop""]"
2023,3,1,40,null,Beyoncé,"[""pop"",""r&b""]"
2023,3,1,41,null,Billie Eilish,"[""indie hip hop""]"
2023,3,1,42,null,Shakira,"[""colombian pop"",""dance pop"",""latin pop"",""pop""]"
2023,3,1,43,null,Lil Durk,"[""chicago drill"",""chicago rap"",""drill"",""hip hop"",""rap"",""trap""]"
2023,3,1,44,null,Trippie Redd,"[""melodic rap"",""rap"",""trap""]"
2023,3,1,45,null,Gorillaz,"[""alternative hip hop"",""modern rock"",""rock""]"
2023,3,1,46,null,Kodak Black,"[""florida drill"",""florida rap"",""melodic rap"",""miami hip hop"",""rap"",""trap"",""trap latino""]"
2023,3,1,47,null,Playboi Carti,"[""atl hip hop"",""plugg"",""pluggnb"",""rage rap"",""rap""]"
2023,3,1,48,null,Lil Peep,"[""cloud rap"",""emo rap"",""lgbtq+ hip hop""]"
2023,3,1,49,null,A Boogie Wit da Hoodie,"[""melodic rap"",""rap"",""trap""]"
2023,3,1,50,null,Frank Ocean,"[""lgbtq+ hip hop"",""neo soul""]"
2023,3,1,51,null,Bruno Mars,"[""dance pop"",""pop""]"
2023,3,1,52,null,Key Glock,"[""memphis hip hop"",""rap"",""southern hip hop"",""tennessee hip hop"",""trap""]"
2023,3,1,53,null,Miley Cyrus,"[""pop""]"
2023,3,1,54,null,Gunna,"[""atl hip hop"",""melodic rap"",""rap"",""trap""]"
2023,3,1,55,null,Steve Lacy,"[""afrofuturism""]"
2023,3,1,56,null,Fuerza Regida,"[""corrido"",""corridos tumbados"",""sad sierreno"",""sierreno""]"
2023,3,1,57,null,Rod Wave,"[""florida rap""]"
2023,3,1,58,null,Brent Faiyaz,"[""r&b"",""rap""]"
2023,3,1,59,null,BTS,"[""k-pop"",""k-pop boy group"",""pop""]"
2023,3,1,60,null,Khalid,"[""pop"",""pop r&b""]"
2023,3,1,61,null,Rauw Alejandro,"[""puerto rican pop"",""reggaeton"",""trap latino"",""urbano latino""]"
2023,3,1,62,null,NF,"[""hip hop"",""pop rap""]"
2023,3,1,63,null,Junior H,"[""corrido"",""corridos tumbados"",""musica mexicana"",""sad sierreno"",""sierreno""]"
2023,3,1,64,null,Logic,"[""conscious hip hop"",""hip hop"",""pop rap"",""rap""]"
2023,3,1,65,null,Ed Sheeran,"[""pop"",""singer-songwriter pop"",""uk pop""]"
2023,3,1,66,null,Nicki Minaj,"[""hip pop"",""pop"",""queens hip hop"",""rap""]"
2023,3,1,67,null,Lady Gaga,"[""corridos tumbados"",""sad sierreno""]"
2023,3,1,68,null,Young Thug,"[""atl hip hop"",""atl trap"",""gangster rap"",""melodic rap"",""rap"",""trap""]"
2023,3,1,69,null,The Kid LAROI,"[""australian hip hop""]"
2023,3,1,70,null,Imagine Dragons,"[""modern rock"",""pop"",""rock""]"
2023,3,1,71,null,Halsey,"[""electropop"",""etherpop"",""indie poptimism"",""pop""]"
2023,3,1,72,null,Kali Uchis,"[""colombian pop""]"
2023,3,1,73,null,Linkin Park,"[""alternative metal"",""nu metal"",""post-grunge"",""rap metal"",""rock""]"
2023,3,1,74,null,Peso Pluma,"[""corrido"",""corridos tumbados"",""sad sierreno"",""sierreno""]"
2023,3,1,75,null,Mac DeMarco,"[""edmonton indie"",""lo-fi indie"",""pov: indie""]"
2023,3,1,76,null,Arctic Monkeys,"[""garage rock"",""modern rock"",""permanent wave"",""rock"",""sheffield indie""]"
2023,3,1,77,null,Baby Keem,"[""hip hop"",""rap""]"
2023,3,1,78,null,The Neighbourhood,"[""modern alternative rock"",""modern rock"",""pop"",""pov: indie""]"
2023,3,1,79,null,The Beatles,"[""british invasion"",""classic rock"",""merseybeat"",""psychedelic rock"",""rock""]"
2023,3,1,80,null,Tyler Childers,"[""kentucky indie"",""kentucky roots"",""outlaw country""]"
2023,3,1,81,null,JAY-Z,"[""east coast hip hop"",""gangster rap"",""hip hop"",""pop rap"",""rap""]"
2023,3,1,82,null,Joji,"[""viral pop""]"
2023,3,1,83,null,Chris Stapleton,"[""contemporary country"",""outlaw country""]"
2023,3,1,84,null,Kid Cudi,"[""hip hop"",""ohio hip hop"",""pop rap"",""rap""]"
2023,3,1,85,null,Coldplay,"[""permanent wave"",""pop""]"
2023,3,1,86,null,Sam Smith,"[""pop"",""uk pop""]"
2023,3,1,87,null,Grupo Frontera,"[""musica chihuahuense""]"
2023,3,1,88,null,Adele,"[""british soul"",""pop"",""pop soul"",""uk pop""]"
2023,3,1,89,null,Pop Smoke,"[""brooklyn drill"",""rap""]"
2023,3,1,90,null,Feid,"[""colombian pop"",""pop reggaeton"",""reggaeton"",""reggaeton colombiano"",""trap latino"",""urbano latino""]"
2023,3,1,91,null,Maroon 5,"[""pop""]"
2023,3,1,92,null,Tame Impala,"[""australian psych"",""modern rock"",""neo-psychedelic"",""rock""]"
2023,3,1,93,null,J Balvin,"[""reggaeton"",""reggaeton colombiano"",""trap latino"",""urbano latino""]"
2023,3,1,94,null,Carin Leon,"[""corrido"",""musica mexicana"",""sad sierreno"",""sierreno""]"
2023,3,1,95,null,Daddy Yankee,"[""latin hip hop"",""reggaeton"",""trap latino"",""urbano latino""]"
2023,3,1,96,null,NLE Choppa,"[""memphis hip hop"",""rap""]"
2023,3,1,97,null,Ozuna,"[""puerto rican pop"",""reggaeton"",""trap latino"",""urbano latino""]"
2023,3,1,98,null,Katy Perry,"[""pop""]"
2023,3,1,99,null,Childish Gambino,"[""atl hip hop"",""hip hop"",""rap""]"
2023,3,1,100,null,Deftones,"[""alternative metal"",""nu metal"",""rap metal"",""rock"",""sacramento indie""]"
2023,3,1,101,null,Tory Lanez,"[""canadian hip hop"",""canadian trap"",""melodic rap"",""pop rap"",""r&b"",""rap"",""trap""]"
2023,3,1,102,null,Natanael Cano,"[""corrido"",""corridos tumbados"",""musica mexicana"",""sad sierreno"",""sierreno""]"
2023,3,1,103,null,Lin-Manuel Miranda,"[""broadway"",""show tunes""]"
2023,3,1,104,null,Selena Gomez,"[""pop"",""post-teen pop""]"
2023,3,1,105,null,Paramore,"[""candy pop"",""modern rock"",""pixie"",""pop"",""pop emo"",""pop punk"",""rock""]"
2023,3,1,106,null,Miguel,"[""r&b"",""urban contemporary""]"
2023,3,1,107,null,Summer Walker,"[""r&b"",""rap""]"
2023,3,1,108,null,A$AP Rocky,"[""east coast hip hop"",""hip hop"",""rap"",""trap""]"
2023,3,1,109,null,David Guetta,"[""big room"",""dance pop"",""edm"",""pop"",""pop dance""]"
2023,3,1,110,null,DaBaby,"[""hip hop"",""north carolina hip hop"",""pop rap"",""rap"",""trap""]"
2023,3,1,111,null,Melanie Martinez,"[""alt z"",""electropop"",""pop""]"
2023,3,1,112,null,Dua Lipa,"[""dance pop"",""pop"",""uk pop""]"
2023,3,1,113,null,Ivan Cornejo,"[""sad sierreno""]"
2023,3,1,114,null,Anuel AA,"[""reggaeton"",""reggaeton flow"",""trap boricua"",""trap latino"",""urbano latino""]"
2023,3,1,115,null,Kelsea Ballerini,"[""contemporary country"",""country""]"
2023,3,1,116,null,Olivia Rodrigo,"[""pop""]"
2023,3,1,117,null,Calvin Harris,"[""dance pop"",""edm"",""electro house"",""house"",""pop"",""pop dance"",""progressive house"",""uk dance""]"
2023,3,1,118,null,Eslabon Armado,"[""corrido"",""corridos tumbados"",""sad sierreno"",""sierreno""]"
2023,3,1,119,null,Megan Thee Stallion,"[""houston rap"",""pop"",""r&b"",""rap"",""trap queen""]"
2023,3,1,120,null,Marshmello,"[""brostep"",""edm"",""pop"",""progressive electro house""]"
2023,3,1,121,null,Romeo Santos,"[""bachata"",""latin hip hop"",""latin pop"",""urbano latino""]"
2023,3,1,122,null,Nirvana,"[""grunge"",""permanent wave"",""rock""]"
2023,3,1,123,null,Metallica,"[""hard rock"",""metal"",""old school thrash"",""rock"",""thrash metal""]"
2023,3,1,124,null,Lil Tjay,"[""brooklyn drill"",""melodic rap"",""nyc rap"",""rap""]"
2023,3,1,125,null,Luis R Conriquez,"[""corrido"",""corridos tumbados"",""norteno"",""sad sierreno"",""sierreno""]"
2023,3,1,126,null,P!nk,"[""dance pop"",""pop""]"
2023,3,1,127,null,Cigarettes After Sex,"[""ambient pop"",""dream pop"",""el paso indie"",""shoegaze""]"
2023,3,1,128,null,Fleetwood Mac,"[""album rock"",""classic rock"",""rock"",""soft rock"",""yacht rock""]"
2023,3,1,129,null,Michael Jackson,"[""r&b"",""soul""]"
2023,3,1,130,null,Jack Harlow,"[""deep underground hip hop"",""kentucky hip hop"",""pop rap"",""rap""]"
2023,3,1,131,null,HARDY,[]
2023,3,1,132,null,Fall Out Boy,"[""emo"",""modern rock"",""pop"",""rock""]"
2023,3,1,133,null,Shakewell,"[""dark trap""]"
2023,3,1,134,null,Moneybagg Yo,"[""memphis hip hop"",""rap"",""southern hip hop"",""tennessee hip hop"",""trap""]"
2023,3,1,135,null,One Direction,"[""boy band"",""pop"",""post-teen pop"",""talent show""]"
2023,3,1,136,null,Cardi B,"[""pop"",""rap""]"
2023,3,1,137,null,Bryson Tiller,"[""kentucky hip hop"",""r&b"",""rap""]"
2023,3,1,138,null,Machine Gun Kelly,"[""ohio hip hop"",""pop rap""]"
2023,3,1,139,null,Red Hot Chili Peppers,"[""alternative rock"",""funk metal"",""funk rock"",""permanent wave"",""rock""]"
2023,3,1,140,null,TV Girl,"[""pov: indie""]"
2023,3,1,141,null,OneRepublic,"[""piano rock"",""pop""]"
2023,3,1,142,null,Skrillex,"[""brostep"",""complextro"",""edm"",""electro"",""pop dance""]"
2023,3,1,143,null,Queen,"[""k-pop girl group""]"
2023,3,1,144,null,2Pac,"[""g funk"",""gangster rap"",""hip hop"",""rap"",""west coast rap""]"
2023,3,1,145,null,Elton John,"[""glam rock"",""mellow gold"",""piano rock"",""rock""]"
2023,3,1,146,null,d4vd,"[""bedroom pop"",""bedroom r&b""]"
2023,3,1,147,null,PARTYNEXTDOOR,"[""r&b"",""rap"",""urban contemporary""]"
2023,3,1,148,null,Young Dolph,"[""memphis hip hop"",""rap"",""southern hip hop"",""tennessee hip hop"",""trap""]"
2023,3,1,149,null,Mitski,"[""brooklyn indie"",""pov: indie""]"
2023,3,1,150,null,Jason Aldean,"[""contemporary country"",""country"",""country road"",""modern country rock""]"
2023,3,1,151,null,Hozier,"[""irish singer-songwriter"",""modern rock"",""pov: indie""]"
2023,3,1,152,null,Roddy Ricch,"[""melodic rap"",""rap"",""trap""]"
2023,3,1,153,null,Noah Kahan,"[""pov: indie""]"
2023,3,1,154,null,Gracie Abrams,"[""alt z""]"
2023,3,1,155,null,King Von,"[""chicago rap""]"
2023,3,1,156,null,Lizzo,"[""escape room"",""minnesota hip hop"",""pop"",""trap queen""]"
2023,3,1,157,null,Bailey Zimmerman,"[""contemporary country"",""modern country pop""]"
2023,3,1,158,null,Kane Brown,"[""black americana"",""contemporary country"",""country"",""country road""]"
2023,3,1,159,null,DJ Khaled,"[""hip hop"",""miami hip hop"",""pop rap"",""rap""]"
2023,3,1,160,null,Kevin Gates,"[""baton rouge rap"",""rap"",""southern hip hop"",""trap""]"
2023,3,1,161,null,Giveon,"[""r&b""]"
2023,3,1,162,null,Russ,[]
2023,3,1,163,null,Jordan Davis,"[""contemporary country"",""country road""]"
2023,3,1,164,null,Lil Yachty,"[""atl hip hop"",""melodic rap"",""rap"",""trap""]"
2023,3,1,165,null,JVKE,"[""modern indie pop"",""pov: indie"",""singer-songwriter pop""]"
2023,3,1,166,null,Panic! At The Disco,"[""modern rock"",""pop""]"
2023,3,1,167,null,Shawn Mendes,"[""canadian pop"",""pop"",""viral pop""]"
2023,3,1,168,null,Migos,"[""atl hip hop"",""hip hop"",""pop rap"",""rap"",""trap""]"
2023,3,1,169,null,Daniel Caesar,"[""canadian contemporary r&b""]"
2023,3,1,170,null,Wiz Khalifa,"[""hip hop"",""pittsburgh rap"",""pop rap"",""rap"",""southern hip hop"",""trap""]"
2023,3,1,171,null,Conan Gray,"[""bedroom pop"",""pop"",""pov: indie""]"
2023,3,1,172,null,NewJeans,"[""k-pop"",""k-pop girl group""]"
2023,3,1,173,null,Lizzy McAlpine,"[""alt z"",""boston folk"",""indie pop"",""singer-songwriter pop""]"
2023,3,1,174,null,Grupo Marca Registrada,[]
2023,3,1,175,null,Lil Tecca,"[""melodic rap"",""pluggnb"",""rap""]"
2023,3,1,176,null,The Lumineers,"[""folk-pop"",""modern rock"",""stomp and holler""]"
2023,3,1,177,null,Pink Floyd,"[""album rock"",""art rock"",""classic rock"",""progressive rock"",""psychedelic rock"",""rock"",""symphonic rock""]"
2023,3,1,178,null,Radiohead,"[""alternative rock"",""art rock"",""melancholia"",""oxford indie"",""permanent wave"",""rock""]"
2023,3,1,179,null,Stray Kids,"[""k-pop"",""k-pop boy group"",""pop""]"
2023,3,1,180,null,LUCKI,"[""plugg""]"
2023,3,1,181,null,USHER,"[""atl hip hop"",""contemporary r&b"",""dance pop"",""pop"",""r&b"",""rap"",""south carolina hip hop"",""urban contemporary""]"
2023,3,1,182,null,Tiësto,"[""big room"",""brostep"",""dutch edm"",""edm"",""house"",""pop dance"",""slap house"",""trance""]"
2023,3,1,183,null,Pierce The Veil,"[""pop punk"",""screamo""]"
2023,3,1,184,null,The Notorious B.I.G.,"[""east coast hip hop"",""gangster rap"",""hardcore hip hop"",""hip hop"",""rap""]"
2023,3,1,185,null,50 Cent,"[""east coast hip hop"",""gangster rap"",""hip hop"",""pop rap"",""queens hip hop"",""rap""]"
2023,3,1,186,null,Sleepy Hallow,"[""brooklyn drill"",""nyc rap""]"
2023,3,1,187,null,Luke Bryan,"[""contemporary country"",""country"",""country road"",""modern country rock""]"
2023,3,1,188,null,Gucci Mane,"[""atl hip hop"",""dirty south rap"",""hip hop"",""pop rap"",""rap"",""southern hip hop"",""trap""]"
2023,3,1,189,null,Cody Johnson,"[""classic texas country"",""contemporary country""]"
2023,3,1,190,null,JID,"[""hip hop"",""pop rap"",""rap"",""underground hip hop""]"
2023,3,1,191,null,Twenty One Pilots,"[""modern rock"",""pop"",""pov: indie"",""rock""]"
2023,3,1,192,null,Creedence Clearwater Revival,"[""classic rock"",""country rock"",""rock"",""southern rock"",""swamp rock""]"
2023,3,1,193,null,Jhené Aiko,"[""r&b""]"
2023,3,1,194,null,AC/DC,"[""australian rock"",""hard rock"",""rock""]"
2023,3,1,195,null,Pitbull,"[""dance pop"",""miami hip hop"",""pop""]"
2023,3,1,196,null,Green Day,"[""modern rock"",""permanent wave"",""punk"",""rock""]"
2023,3,1,197,null,George Strait,"[""contemporary country"",""country"",""country road""]"
2023,3,1,198,null,Led Zeppelin,"[""album rock"",""classic rock"",""hard rock"",""rock""]"
2023,3,1,199,null,Young Nudy,"[""pluggnb"",""rap"",""trap""]"
2023,3,1,200,null,blackbear,"[""pop""]"
2023,4,1,1,null,Taylor Swift,"[""pop""]"
2023,4,1,2,null,Morgan Wallen,"[""contemporary country""]"
2023,4,1,3,null,Drake,"[""canadian hip hop"",""canadian pop"",""hip hop"",""pop rap"",""rap""]"
2023,4,1,4,null,"Tyler, The Creator","[""hip hop"",""rap""]"
2023,4,1,5,null,The Weeknd,"[""canadian contemporary r&b"",""canadian pop"",""pop""]"
2023,4,1,6,null,21 Savage,"[""atl hip hop"",""hip hop"",""rap""]"
2023,4,1,7,null,Bad Bunny,"[""reggaeton"",""trap latino"",""urbano latino""]"
2023,4,1,8,null,SZA,"[""pop"",""r&b"",""rap""]"
2023,4,1,9,null,Kanye West,"[""chicago rap"",""hip hop"",""rap""]"
2023,4,1,10,null,Future,"[""atl hip hop"",""hip hop"",""rap"",""southern hip hop"",""trap""]"
2023,4,1,11,null,Lil Baby,"[""atl hip hop"",""atl trap"",""rap"",""trap""]"
2023,4,1,12,null,Melanie Martinez,"[""alt z"",""electropop"",""pop""]"
2023,4,1,13,null,Luke Combs,"[""contemporary country"",""country""]"
2023,4,1,14,null,Juice WRLD,"[""chicago rap"",""melodic rap"",""rap""]"
2023,4,1,15,null,Metro Boomin,"[""rap""]"
2023,4,1,16,null,$uicideboy$,"[""cloud rap"",""dark trap"",""new orleans rap"",""underground hip hop""]"
2023,4,1,17,null,Kendrick Lamar,"[""conscious hip hop"",""hip hop"",""rap"",""west coast rap""]"
2023,4,1,18,null,Peso Pluma,"[""corrido"",""corridos tumbados"",""sad sierreno"",""sierreno""]"
2023,4,1,19,null,J. Cole,"[""conscious hip hop"",""hip hop"",""north carolina hip hop"",""rap""]"
2023,4,1,20,null,Travis Scott,"[""hip hop"",""rap"",""slap house""]"
2023,4,1,21,null,Zach Bryan,"[""classic oklahoma country"",""modern country pop""]"
2023,4,1,22,null,Lana Del Rey,"[""art pop"",""pop""]"
2023,4,1,23,null,Lil Uzi Vert,"[""hip hop"",""melodic rap"",""philly rap"",""rage rap"",""rap""]"
2023,4,1,24,null,YoungBoy Never Broke Again,"[""baton rouge rap"",""rap""]"
2023,4,1,25,null,Rihanna,"[""barbadian pop"",""pop"",""urban contemporary""]"
2023,4,1,26,null,Eminem,"[""detroit hip hop"",""hip hop"",""rap""]"
2023,4,1,27,null,Post Malone,"[""dfw rap"",""melodic rap"",""pop"",""rap""]"
2023,4,1,28,null,Yeat,"[""canadian hip hop"",""canadian pop"",""hip hop"",""pop rap"",""rap""]"
2023,4,1,29,null,XXXTENTACION,"[""emo rap"",""miami hip hop""]"
2023,4,1,30,null,KAROL G,"[""reggaeton"",""reggaeton colombiano"",""trap latino"",""urbano latino""]"
2023,4,1,31,null,Ariana Grande,"[""pop""]"
2023,4,1,32,null,Miley Cyrus,"[""pop""]"
2023,4,1,33,null,Lil Wayne,"[""hip hop"",""new orleans rap"",""pop rap"",""rap"",""trap""]"
2023,4,1,34,null,Mac Miller,"[""hip hop"",""pittsburgh rap"",""pop rap"",""rap""]"
2023,4,1,35,null,Fuerza Regida,"[""corrido"",""corridos tumbados"",""sad sierreno"",""sierreno""]"
2023,4,1,36,null,Rauw Alejandro,"[""puerto rican pop"",""reggaeton"",""trap latino"",""urbano latino""]"
2023,4,1,37,null,Polo G,"[""chicago rap"",""rap""]"
2023,4,1,38,null,Rod Wave,"[""florida rap""]"
2023,4,1,39,null,Billie Eilish,"[""indie hip hop""]"
2023,4,1,40,null,Harry Styles,"[""pop""]"
2023,4,1,41,null,Junior H,"[""corrido"",""corridos tumbados"",""musica mexicana"",""sad sierreno"",""sierreno""]"
2023,4,1,42,null,Doja Cat,"[""dance pop"",""pop""]"
2023,4,1,43,null,Justin Bieber,"[""canadian pop"",""pop""]"
2023,4,1,44,null,Brent Faiyaz,"[""r&b"",""rap""]"
2023,4,1,45,null,Kali Uchis,"[""colombian pop""]"
2023,4,1,46,null,Chris Brown,"[""r&b"",""rap""]"
2023,4,1,47,null,Playboi Carti,"[""atl hip hop"",""plugg"",""pluggnb"",""rage rap"",""rap""]"
2023,4,1,48,null,Frank Ocean,"[""lgbtq+ hip hop"",""neo soul""]"
2023,4,1,49,null,Lil Durk,"[""chicago drill"",""chicago rap"",""drill"",""hip hop"",""rap"",""trap""]"
2023,4,1,50,null,Kodak Black,"[""florida drill"",""florida rap"",""melodic rap"",""miami hip hop"",""rap"",""trap"",""trap latino""]"
2023,4,1,51,null,Beyoncé,"[""pop"",""r&b""]"
2023,4,1,52,null,Ed Sheeran,"[""pop"",""singer-songwriter pop"",""uk pop""]"
2023,4,1,53,null,Lil Peep,"[""cloud rap"",""emo rap"",""lgbtq+ hip hop""]"
2023,4,1,54,null,Eslabon Armado,"[""corrido"",""corridos tumbados"",""sad sierreno"",""sierreno""]"
2023,4,1,55,null,Gunna,"[""atl hip hop"",""melodic rap"",""rap"",""trap""]"
2023,4,1,56,null,Khalid,"[""pop"",""pop r&b""]"
2023,4,1,57,null,Bruno Mars,"[""dance pop"",""pop""]"
2023,4,1,58,null,Nicki Minaj,"[""hip pop"",""pop"",""queens hip hop"",""rap""]"
2023,4,1,59,null,A Boogie Wit da Hoodie,"[""melodic rap"",""rap"",""trap""]"
2023,4,1,60,null,Trippie Redd,"[""melodic rap"",""rap"",""trap""]"
2023,4,1,61,null,Feid,"[""colombian pop"",""pop reggaeton"",""reggaeton"",""reggaeton colombiano"",""trap latino"",""urbano latino""]"
2023,4,1,62,null,Natanael Cano,"[""corrido"",""corridos tumbados"",""musica mexicana"",""sad sierreno"",""sierreno""]"
2023,4,1,63,null,Steve Lacy,"[""afrofuturism""]"
2023,4,1,64,null,Young Thug,"[""atl hip hop"",""atl trap"",""gangster rap"",""melodic rap"",""rap"",""trap""]"
2023,4,1,65,null,Shakira,"[""colombian pop"",""dance pop"",""latin pop"",""pop""]"
2023,4,1,66,null,Linkin Park,"[""alternative metal"",""nu metal"",""post-grunge"",""rap metal"",""rock""]"
2023,4,1,67,null,NLE Choppa,"[""memphis hip hop"",""rap""]"
2023,4,1,68,null,PinkPantheress,"[""bedroom pop""]"
2023,4,1,69,null,Don Toliver,"[""pop rap"",""rap"",""trap""]"
2023,4,1,70,null,Ice Spice,"[""bronx drill""]"
2023,4,1,71,null,Imagine Dragons,"[""modern rock"",""pop"",""rock""]"
2023,4,1,72,null,Fall Out Boy,"[""emo"",""modern rock"",""pop"",""rock""]"
2023,4,1,73,null,BTS,"[""k-pop"",""k-pop boy group"",""pop""]"
2023,4,1,74,null,Tyler Childers,"[""kentucky indie"",""kentucky roots"",""outlaw country""]"
2023,4,1,75,null,A$AP Rocky,"[""east coast hip hop"",""hip hop"",""rap"",""trap""]"
2023,4,1,76,null,Lady Gaga,"[""corridos tumbados"",""sad sierreno""]"
2023,4,1,77,null,The Beatles,"[""british invasion"",""classic rock"",""merseybeat"",""psychedelic rock"",""rock""]"
2023,4,1,78,null,NF,"[""hip hop"",""pop rap""]"
2023,4,1,79,null,Baby Keem,"[""hip hop"",""rap""]"
2023,4,1,80,null,Marshmello,"[""brostep"",""edm"",""pop"",""progressive electro house""]"
2023,4,1,81,null,Chris Stapleton,"[""contemporary country"",""outlaw country""]"
2023,4,1,82,null,Fleetwood Mac,"[""album rock"",""classic rock"",""rock"",""soft rock"",""yacht rock""]"
2023,4,1,83,null,DaBaby,"[""hip hop"",""north carolina hip hop"",""pop rap"",""rap"",""trap""]"
2023,4,1,84,null,Arctic Monkeys,"[""garage rock"",""modern rock"",""permanent wave"",""rock"",""sheffield indie""]"
2023,4,1,85,null,Hozier,"[""irish singer-songwriter"",""modern rock"",""pov: indie""]"
2023,4,1,86,null,The Neighbourhood,"[""modern alternative rock"",""modern rock"",""pop"",""pov: indie""]"
2023,4,1,87,null,Coldplay,"[""permanent wave"",""pop""]"
2023,4,1,88,null,JAY-Z,"[""east coast hip hop"",""gangster rap"",""hip hop"",""pop rap"",""rap""]"
2023,4,1,89,null,boygenius,"[""indie pop""]"
2023,4,1,90,null,Kid Cudi,"[""hip hop"",""ohio hip hop"",""pop rap"",""rap""]"
2023,4,1,91,null,Halsey,"[""electropop"",""etherpop"",""indie poptimism"",""pop""]"
2023,4,1,92,null,Mac DeMarco,"[""edmonton indie"",""lo-fi indie"",""pov: indie""]"
2023,4,1,93,null,Pop Smoke,"[""brooklyn drill"",""rap""]"
2023,4,1,94,null,Childish Gambino,"[""atl hip hop"",""hip hop"",""rap""]"
2023,4,1,95,null,Luis R Conriquez,"[""corrido"",""corridos tumbados"",""norteno"",""sad sierreno"",""sierreno""]"
2023,4,1,96,null,Maroon 5,"[""pop""]"
2023,4,1,97,null,J Balvin,"[""reggaeton"",""reggaeton colombiano"",""trap latino"",""urbano latino""]"
2023,4,1,98,null,Anuel AA,"[""reggaeton"",""reggaeton flow"",""trap boricua"",""trap latino"",""urbano latino""]"
2023,4,1,99,null,Calvin Harris,"[""dance pop"",""edm"",""electro house"",""house"",""pop"",""pop dance"",""progressive house"",""uk dance""]"
2023,4,1,100,null,Deftones,"[""alternative metal"",""nu metal"",""rap metal"",""rock"",""sacramento indie""]"
2023,4,1,101,null,Selena Gomez,"[""pop"",""post-teen pop""]"
2023,4,1,102,null,Daddy Yankee,"[""latin hip hop"",""reggaeton"",""trap latino"",""urbano latino""]"
2023,4,1,103,null,Lin-Manuel Miranda,"[""broadway"",""show tunes""]"
2023,4,1,104,null,Adele,"[""british soul"",""pop"",""pop soul"",""uk pop""]"
2023,4,1,105,null,Joji,"[""viral pop""]"
2023,4,1,106,null,Grupo Frontera,"[""musica chihuahuense""]"
2023,4,1,107,null,Ozuna,"[""puerto rican pop"",""reggaeton"",""trap latino"",""urbano latino""]"
2023,4,1,108,null,Katy Perry,"[""pop""]"
2023,4,1,109,null,Summer Walker,"[""r&b"",""rap""]"
2023,4,1,110,null,Russ,[]
2023,4,1,111,null,Metallica,"[""hard rock"",""metal"",""old school thrash"",""rock"",""thrash metal""]"
2023,4,1,112,null,The Kid LAROI,"[""australian hip hop""]"
2023,4,1,113,null,Lil Tjay,"[""brooklyn drill"",""melodic rap"",""nyc rap"",""rap""]"
2023,4,1,114,null,HARDY,[]
2023,4,1,115,null,Carin Leon,"[""corrido"",""musica mexicana"",""sad sierreno"",""sierreno""]"
2023,4,1,116,null,Tame Impala,"[""australian psych"",""modern rock"",""neo-psychedelic"",""rock""]"
2023,4,1,117,null,Tory Lanez,"[""canadian hip hop"",""canadian trap"",""melodic rap"",""pop rap"",""r&b"",""rap"",""trap""]"
2023,4,1,118,null,Dua Lipa,"[""dance pop"",""pop"",""uk pop""]"
2023,4,1,119,null,Nirvana,"[""grunge"",""permanent wave"",""rock""]"
2023,4,1,120,null,Jack Harlow,"[""deep underground hip hop"",""kentucky hip hop"",""pop rap"",""rap""]"
2023,4,1,121,null,Megan Thee Stallion,"[""houston rap"",""pop"",""r&b"",""rap"",""trap queen""]"
2023,4,1,122,null,The Alchemist,"[""aesthetic rap"",""dark trap"",""drift phonk"",""game mood""]"
2023,4,1,123,null,Olivia Rodrigo,"[""pop""]"
2023,4,1,124,null,David Guetta,"[""big room"",""dance pop"",""edm"",""pop"",""pop dance""]"
2023,4,1,125,null,TV Girl,"[""pov: indie""]"
2023,4,1,126,null,Key Glock,"[""memphis hip hop"",""rap"",""southern hip hop"",""tennessee hip hop"",""trap""]"
2023,4,1,127,null,Miguel,"[""r&b"",""urban contemporary""]"
2023,4,1,128,null,Bryson Tiller,"[""kentucky hip hop"",""r&b"",""rap""]"
2023,4,1,129,null,Red Hot Chili Peppers,"[""alternative rock"",""funk metal"",""funk rock"",""permanent wave"",""rock""]"
2023,4,1,130,null,Sam Smith,"[""pop"",""uk pop""]"
2023,4,1,131,null,Queen,"[""k-pop girl group""]"
2023,4,1,132,null,Elton John,"[""glam rock"",""mellow gold"",""piano rock"",""rock""]"
2023,4,1,133,null,Bailey Zimmerman,"[""contemporary country"",""modern country pop""]"
2023,4,1,134,null,Michael Jackson,"[""r&b"",""soul""]"
2023,4,1,135,null,ROSALÍA,"[""rap latina"",""trap dominicano""]"
2023,4,1,136,null,Gorillaz,"[""alternative hip hop"",""modern rock"",""rock""]"
2023,4,1,137,null,Moneybagg Yo,"[""memphis hip hop"",""rap"",""southern hip hop"",""tennessee hip hop"",""trap""]"
2023,4,1,138,null,Eladio Carrion,"[""argentine hip hop"",""pop venezolano"",""trap argentino"",""trap latino"",""urbano latino""]"
2023,4,1,139,null,Ivan Cornejo,"[""sad sierreno""]"
2023,4,1,140,null,2Pac,"[""g funk"",""gangster rap"",""hip hop"",""rap"",""west coast rap""]"
2023,4,1,141,null,Cigarettes After Sex,"[""ambient pop"",""dream pop"",""el paso indie"",""shoegaze""]"
2023,4,1,142,null,Roddy Ricch,"[""melodic rap"",""rap"",""trap""]"
2023,4,1,143,null,One Direction,"[""boy band"",""pop"",""post-teen pop"",""talent show""]"
2023,4,1,144,null,Paramore,"[""candy pop"",""modern rock"",""pixie"",""pop"",""pop emo"",""pop punk"",""rock""]"
2023,4,1,145,null,Cardi B,"[""pop"",""rap""]"
2023,4,1,146,null,Machine Gun Kelly,"[""ohio hip hop"",""pop rap""]"
2023,4,1,147,null,LUCKI,"[""plugg""]"
2023,4,1,148,null,OneRepublic,"[""piano rock"",""pop""]"
2023,4,1,149,null,Kane Brown,"[""black americana"",""contemporary country"",""country"",""country road""]"
2023,4,1,150,null,King Von,"[""chicago rap""]"
2023,4,1,151,null,Jimin,"[""k-pop""]"
2023,4,1,152,null,Jason Aldean,"[""contemporary country"",""country"",""country road"",""modern country rock""]"
2023,4,1,153,null,Noah Kahan,"[""pov: indie""]"
2023,4,1,154,null,Kelsea Ballerini,"[""contemporary country"",""country""]"
2023,4,1,155,null,Romeo Santos,"[""bachata"",""latin hip hop"",""latin pop"",""urbano latino""]"
2023,4,1,156,null,Young Dolph,"[""memphis hip hop"",""rap"",""southern hip hop"",""tennessee hip hop"",""trap""]"
2023,4,1,157,null,Gucci Mane,"[""atl hip hop"",""dirty south rap"",""hip hop"",""pop rap"",""rap"",""southern hip hop"",""trap""]"
2023,4,1,158,null,PARTYNEXTDOOR,"[""r&b"",""rap"",""urban contemporary""]"
2023,4,1,159,null,P!nk,"[""dance pop"",""pop""]"
2023,4,1,160,null,Jordan Davis,"[""contemporary country"",""country road""]"
2023,4,1,161,null,Mitski,"[""brooklyn indie"",""pov: indie""]"
2023,4,1,162,null,JVKE,"[""modern indie pop"",""pov: indie"",""singer-songwriter pop""]"
2023,4,1,163,null,Larry June,"[""cali rap""]"
2023,4,1,164,null,Daniel Caesar,"[""canadian contemporary r&b""]"
2023,4,1,165,null,42 Dugg,"[""detroit trap"",""southern hip hop"",""trap""]"
2023,4,1,166,null,Jhené Aiko,"[""r&b""]"
2023,4,1,167,null,d4vd,"[""bedroom pop"",""bedroom r&b""]"
2023,4,1,168,null,Luke Bryan,"[""contemporary country"",""country"",""country road"",""modern country rock""]"
2023,4,1,169,null,Wiz Khalifa,"[""hip hop"",""pittsburgh rap"",""pop rap"",""rap"",""southern hip hop"",""trap""]"
2023,4,1,170,null,Panic! At The Disco,"[""modern rock"",""pop""]"
2023,4,1,171,null,Giveon,"[""r&b""]"
2023,4,1,172,null,Jelly Roll,"[""country rap"",""nashville hip hop"",""tennessee hip hop""]"
2023,4,1,173,null,Kevin Gates,"[""baton rouge rap"",""rap"",""southern hip hop"",""trap""]"
2023,4,1,174,null,Creedence Clearwater Revival,"[""classic rock"",""country rock"",""rock"",""southern rock"",""swamp rock""]"
2023,4,1,175,null,Grupo Marca Registrada,[]
2023,4,1,176,null,Myke Towers,"[""reggaeton"",""trap latino"",""urbano latino""]"
2023,4,1,177,null,Stray Kids,"[""k-pop"",""k-pop boy group"",""pop""]"
2023,4,1,178,null,Migos,"[""atl hip hop"",""hip hop"",""pop rap"",""rap"",""trap""]"
2023,4,1,179,null,Lil Tecca,"[""melodic rap"",""pluggnb"",""rap""]"
2023,4,1,180,null,Logic,"[""conscious hip hop"",""hip hop"",""pop rap"",""rap""]"
2023,4,1,181,null,6LACK,"[""atl hip hop"",""melodic rap"",""r&b"",""rap"",""trap""]"
2023,4,1,182,null,DJ Khaled,"[""hip hop"",""miami hip hop"",""pop rap"",""rap""]"
2023,4,1,183,null,Led Zeppelin,"[""album rock"",""classic rock"",""hard rock"",""rock""]"
2023,4,1,184,null,USHER,"[""atl hip hop"",""contemporary r&b"",""dance pop"",""pop"",""r&b"",""rap"",""south carolina hip hop"",""urban contemporary""]"
2023,4,1,185,null,AC/DC,"[""australian rock"",""hard rock"",""rock""]"
2023,4,1,186,null,50 Cent,"[""east coast hip hop"",""gangster rap"",""hip hop"",""pop rap"",""queens hip hop"",""rap""]"
2023,4,1,187,null,Jon Pardi,"[""contemporary country"",""country"",""country road"",""modern country rock""]"
2023,4,1,188,null,John Mayer,"[""neo mellow"",""singer-songwriter""]"
2023,4,1,189,null,Ty Dolla $ign,"[""hip hop"",""pittsburgh rap"",""pop rap"",""rap"",""southern hip hop"",""trap""]"
2023,4,1,190,null,Cody Johnson,"[""classic texas country"",""contemporary country""]"
2023,4,1,191,null,The Notorious B.I.G.,"[""east coast hip hop"",""gangster rap"",""hardcore hip hop"",""hip hop"",""rap""]"
2023,4,1,192,null,Eric Church,"[""contemporary country"",""country"",""country road"",""modern country rock""]"
2023,4,1,193,null,Sabrina Carpenter,"[""pop""]"
2023,4,1,194,null,Shawn Mendes,"[""canadian pop"",""pop"",""viral pop""]"
2023,4,1,195,null,The Lumineers,"[""folk-pop"",""modern rock"",""stomp and holler""]"
2023,4,1,196,null,George Strait,"[""contemporary country"",""country"",""country road""]"
2023,4,1,197,null,Radiohead,"[""alternative rock"",""art rock"",""melancholia"",""oxford indie"",""permanent wave"",""rock""]"
2023,4,1,198,null,Florida Georgia Line,"[""contemporary country"",""country"",""country pop"",""country road"",""modern country rock""]"
2023,4,1,199,null,Sleepy Hallow,"[""brooklyn drill"",""nyc rap""]"
2023,4,1,200,null,Green Day,"[""modern rock"",""permanent wave"",""punk"",""rock""]"
2023,5,1,1,null,Taylor Swift,"[""pop""]"
2023,5,1,2,null,Drake,"[""canadian hip hop"",""canadian pop"",""hip hop"",""pop rap"",""rap""]"
2023,5,1,3,null,Morgan Wallen,"[""contemporary country""]"
2023,5,1,4,null,Peso Pluma,"[""corrido"",""corridos tumbados"",""sad sierreno"",""sierreno""]"
2023,5,1,5,null,The Weeknd,"[""canadian contemporary r&b"",""canadian pop"",""pop""]"
2023,5,1,6,null,Bad Bunny,"[""reggaeton"",""trap latino"",""urbano latino""]"
2023,5,1,7,null,21 Savage,"[""atl hip hop"",""hip hop"",""rap""]"
2023,5,1,8,null,Future,"[""atl hip hop"",""hip hop"",""rap"",""southern hip hop"",""trap""]"
2023,5,1,9,null,SZA,"[""pop"",""r&b"",""rap""]"
2023,5,1,10,null,Kanye West,"[""chicago rap"",""hip hop"",""rap""]"
2023,5,1,11,null,"Tyler, The Creator","[""hip hop"",""rap""]"
2023,5,1,12,null,Lil Baby,"[""atl hip hop"",""atl trap"",""rap"",""trap""]"
2023,5,1,13,null,Metro Boomin,"[""rap""]"
2023,5,1,14,null,Kendrick Lamar,"[""conscious hip hop"",""hip hop"",""rap"",""west coast rap""]"
2023,5,1,15,null,Juice WRLD,"[""chicago rap"",""melodic rap"",""rap""]"
2023,5,1,16,null,$uicideboy$,"[""cloud rap"",""dark trap"",""new orleans rap"",""underground hip hop""]"
2023,5,1,17,null,Luke Combs,"[""contemporary country"",""country""]"
2023,5,1,18,null,Eslabon Armado,"[""corrido"",""corridos tumbados"",""sad sierreno"",""sierreno""]"
2023,5,1,19,null,Travis Scott,"[""hip hop"",""rap"",""slap house""]"
2023,5,1,20,null,YoungBoy Never Broke Again,"[""baton rouge rap"",""rap""]"
2023,5,1,21,null,J. Cole,"[""conscious hip hop"",""hip hop"",""north carolina hip hop"",""rap""]"
2023,5,1,22,null,Zach Bryan,"[""classic oklahoma country"",""modern country pop""]"
2023,5,1,23,null,Post Malone,"[""dfw rap"",""melodic rap"",""pop"",""rap""]"
2023,5,1,24,null,Jack Harlow,"[""deep underground hip hop"",""kentucky hip hop"",""pop rap"",""rap""]"
2023,5,1,25,null,Lana Del Rey,"[""art pop"",""pop""]"
2023,5,1,26,null,Lil Uzi Vert,"[""hip hop"",""melodic rap"",""philly rap"",""rage rap"",""rap""]"
2023,5,1,27,null,Eminem,"[""detroit hip hop"",""hip hop"",""rap""]"
2023,5,1,28,null,Rihanna,"[""barbadian pop"",""pop"",""urban contemporary""]"
2023,5,1,29,null,Grupo Frontera,"[""musica chihuahuense""]"
2023,5,1,30,null,XXXTENTACION,"[""emo rap"",""miami hip hop""]"
2023,5,1,31,null,Junior H,"[""corrido"",""corridos tumbados"",""musica mexicana"",""sad sierreno"",""sierreno""]"
2023,5,1,32,null,Mac Miller,"[""hip hop"",""pittsburgh rap"",""pop rap"",""rap""]"
2023,5,1,33,null,Fuerza Regida,"[""corrido"",""corridos tumbados"",""sad sierreno"",""sierreno""]"
2023,5,1,34,null,Yeat,"[""canadian hip hop"",""canadian pop"",""hip hop"",""pop rap"",""rap""]"
2023,5,1,35,null,KAROL G,"[""reggaeton"",""reggaeton colombiano"",""trap latino"",""urbano latino""]"
2023,5,1,36,null,Ariana Grande,"[""pop""]"
2023,5,1,37,null,Nicki Minaj,"[""hip pop"",""pop"",""queens hip hop"",""rap""]"
2023,5,1,38,null,Frank Ocean,"[""lgbtq+ hip hop"",""neo soul""]"
2023,5,1,39,null,Doja Cat,"[""dance pop"",""pop""]"
2023,5,1,40,null,Billie Eilish,"[""indie hip hop""]"
2023,5,1,41,null,Kali Uchis,"[""colombian pop""]"
2023,5,1,42,null,Harry Styles,"[""pop""]"
2023,5,1,43,null,Lil Wayne,"[""hip hop"",""new orleans rap"",""pop rap"",""rap"",""trap""]"
2023,5,1,44,null,Rauw Alejandro,"[""puerto rican pop"",""reggaeton"",""trap latino"",""urbano latino""]"
2023,5,1,45,null,Melanie Martinez,"[""alt z"",""electropop"",""pop""]"
2023,5,1,46,null,Natanael Cano,"[""corrido"",""corridos tumbados"",""musica mexicana"",""sad sierreno"",""sierreno""]"
2023,5,1,47,null,Brent Faiyaz,"[""r&b"",""rap""]"
2023,5,1,48,null,Polo G,"[""chicago rap"",""rap""]"
2023,5,1,49,null,Playboi Carti,"[""atl hip hop"",""plugg"",""pluggnb"",""rage rap"",""rap""]"
2023,5,1,50,null,Miley Cyrus,"[""pop""]"
2023,5,1,51,null,NF,"[""hip hop"",""pop rap""]"
2023,5,1,52,null,Ed Sheeran,"[""pop"",""singer-songwriter pop"",""uk pop""]"
2023,5,1,53,null,Kodak Black,"[""florida drill"",""florida rap"",""melodic rap"",""miami hip hop"",""rap"",""trap"",""trap latino""]"
2023,5,1,54,null,Justin Bieber,"[""canadian pop"",""pop""]"
2023,5,1,55,null,Rod Wave,"[""florida rap""]"
2023,5,1,56,null,Chris Brown,"[""r&b"",""rap""]"
2023,5,1,57,null,Gunna,"[""atl hip hop"",""melodic rap"",""rap"",""trap""]"
2023,5,1,58,null,Lil Durk,"[""chicago drill"",""chicago rap"",""drill"",""hip hop"",""rap"",""trap""]"
2023,5,1,59,null,Bruno Mars,"[""dance pop"",""pop""]"
2023,5,1,60,null,Mac DeMarco,"[""edmonton indie"",""lo-fi indie"",""pov: indie""]"
2023,5,1,61,null,Lil Peep,"[""cloud rap"",""emo rap"",""lgbtq+ hip hop""]"
2023,5,1,62,null,A Boogie Wit da Hoodie,"[""melodic rap"",""rap"",""trap""]"
2023,5,1,63,null,Trippie Redd,"[""melodic rap"",""rap"",""trap""]"
2023,5,1,64,null,Beyoncé,"[""pop"",""r&b""]"
2023,5,1,65,null,Khalid,"[""pop"",""pop r&b""]"
2023,5,1,66,null,Feid,"[""colombian pop"",""pop reggaeton"",""reggaeton"",""reggaeton colombiano"",""trap latino"",""urbano latino""]"
2023,5,1,67,null,NLE Choppa,"[""memphis hip hop"",""rap""]"
2023,5,1,68,null,Young Thug,"[""atl hip hop"",""atl trap"",""gangster rap"",""melodic rap"",""rap"",""trap""]"
2023,5,1,69,null,Steve Lacy,"[""afrofuturism""]"
2023,5,1,70,null,Disney,"[""scorecore""]"
2023,5,1,71,null,Tyler Childers,"[""kentucky indie"",""kentucky roots"",""outlaw country""]"
2023,5,1,72,null,Linkin Park,"[""alternative metal"",""nu metal"",""post-grunge"",""rap metal"",""rock""]"
2023,5,1,73,null,Imagine Dragons,"[""modern rock"",""pop"",""rock""]"
2023,5,1,74,null,Ice Spice,"[""bronx drill""]"
2023,5,1,75,null,The Beatles,"[""british invasion"",""classic rock"",""merseybeat"",""psychedelic rock"",""rock""]"
2023,5,1,76,null,Don Toliver,"[""pop rap"",""rap"",""trap""]"
2023,5,1,77,null,Baby Keem,"[""hip hop"",""rap""]"
2023,5,1,78,null,BTS,"[""k-pop"",""k-pop boy group"",""pop""]"
2023,5,1,79,null,Lady Gaga,"[""corridos tumbados"",""sad sierreno""]"
2023,5,1,80,null,Luis R Conriquez,"[""corrido"",""corridos tumbados"",""norteno"",""sad sierreno"",""sierreno""]"
2023,5,1,81,null,Anuel AA,"[""reggaeton"",""reggaeton flow"",""trap boricua"",""trap latino"",""urbano latino""]"
2023,5,1,82,null,Chris Stapleton,"[""contemporary country"",""outlaw country""]"
2023,5,1,83,null,Arctic Monkeys,"[""garage rock"",""modern rock"",""permanent wave"",""rock"",""sheffield indie""]"
2023,5,1,84,null,JAY-Z,"[""east coast hip hop"",""gangster rap"",""hip hop"",""pop rap"",""rap""]"
2023,5,1,85,null,Coldplay,"[""permanent wave"",""pop""]"
2023,5,1,86,null,Tame Impala,"[""australian psych"",""modern rock"",""neo-psychedelic"",""rock""]"
2023,5,1,87,null,The Neighbourhood,"[""modern alternative rock"",""modern rock"",""pop"",""pov: indie""]"
2023,5,1,88,null,Shakira,"[""colombian pop"",""dance pop"",""latin pop"",""pop""]"
2023,5,1,89,null,Fleetwood Mac,"[""album rock"",""classic rock"",""rock"",""soft rock"",""yacht rock""]"
2023,5,1,90,null,Kid Cudi,"[""hip hop"",""ohio hip hop"",""pop rap"",""rap""]"
2023,5,1,91,null,Labrinth,"[""indie poptimism"",""pop""]"
2023,5,1,92,null,Adele,"[""british soul"",""pop"",""pop soul"",""uk pop""]"
2023,5,1,93,null,Calvin Harris,"[""dance pop"",""edm"",""electro house"",""house"",""pop"",""pop dance"",""progressive house"",""uk dance""]"
2023,5,1,94,null,Pop Smoke,"[""brooklyn drill"",""rap""]"
2023,5,1,95,null,J Balvin,"[""reggaeton"",""reggaeton colombiano"",""trap latino"",""urbano latino""]"
2023,5,1,96,null,A$AP Rocky,"[""east coast hip hop"",""hip hop"",""rap"",""trap""]"
2023,5,1,97,null,Halsey,"[""electropop"",""etherpop"",""indie poptimism"",""pop""]"
2023,5,1,98,null,Metallica,"[""hard rock"",""metal"",""old school thrash"",""rock"",""thrash metal""]"
2023,5,1,99,null,PinkPantheress,"[""bedroom pop""]"
2023,5,1,100,null,David Guetta,"[""big room"",""dance pop"",""edm"",""pop"",""pop dance""]"
2023,5,1,101,null,Daniel Caesar,"[""canadian contemporary r&b""]"
2023,5,1,102,null,DaBaby,"[""hip hop"",""north carolina hip hop"",""pop rap"",""rap"",""trap""]"
2023,5,1,103,null,Marshmello,"[""brostep"",""edm"",""pop"",""progressive electro house""]"
2023,5,1,104,null,Lin-Manuel Miranda,"[""broadway"",""show tunes""]"
2023,5,1,105,null,Daddy Yankee,"[""latin hip hop"",""reggaeton"",""trap latino"",""urbano latino""]"
2023,5,1,106,null,TV Girl,"[""pov: indie""]"
2023,5,1,107,null,Childish Gambino,"[""atl hip hop"",""hip hop"",""rap""]"
2023,5,1,108,null,Katy Perry,"[""pop""]"
2023,5,1,109,null,Maroon 5,"[""pop""]"
2023,5,1,110,null,Deftones,"[""alternative metal"",""nu metal"",""rap metal"",""rock"",""sacramento indie""]"
2023,5,1,111,null,Fall Out Boy,"[""emo"",""modern rock"",""pop"",""rock""]"
2023,5,1,112,null,ILLENIUM,"[""edm"",""melodic dubstep"",""pop dance""]"
2023,5,1,113,null,Summer Walker,"[""r&b"",""rap""]"
2023,5,1,114,null,Joji,"[""viral pop""]"
2023,5,1,115,null,Tory Lanez,"[""canadian hip hop"",""canadian trap"",""melodic rap"",""pop rap"",""r&b"",""rap"",""trap""]"
2023,5,1,116,null,Ozuna,"[""puerto rican pop"",""reggaeton"",""trap latino"",""urbano latino""]"
2023,5,1,117,null,Nirvana,"[""grunge"",""permanent wave"",""rock""]"
2023,5,1,118,null,Dua Lipa,"[""dance pop"",""pop"",""uk pop""]"
2023,5,1,119,null,Miguel,"[""r&b"",""urban contemporary""]"
2023,5,1,120,null,LUCKI,"[""plugg""]"
2023,5,1,121,null,Moneybagg Yo,"[""memphis hip hop"",""rap"",""southern hip hop"",""tennessee hip hop"",""trap""]"
2023,5,1,122,null,Selena Gomez,"[""pop"",""post-teen pop""]"
2023,5,1,123,null,Olivia Rodrigo,"[""pop""]"
2023,5,1,124,null,Queen,"[""k-pop girl group""]"
2023,5,1,125,null,Hozier,"[""irish singer-songwriter"",""modern rock"",""pov: indie""]"
2023,5,1,126,null,Megan Thee Stallion,"[""houston rap"",""pop"",""r&b"",""rap"",""trap queen""]"
2023,5,1,127,null,Red Hot Chili Peppers,"[""alternative rock"",""funk metal"",""funk rock"",""permanent wave"",""rock""]"
2023,5,1,128,null,Carin Leon,"[""corrido"",""musica mexicana"",""sad sierreno"",""sierreno""]"
2023,5,1,129,null,The Kid LAROI,"[""australian hip hop""]"
2023,5,1,130,null,2Pac,"[""g funk"",""gangster rap"",""hip hop"",""rap"",""west coast rap""]"
2023,5,1,131,null,Key Glock,"[""memphis hip hop"",""rap"",""southern hip hop"",""tennessee hip hop"",""trap""]"
2023,5,1,132,null,HARDY,[]
2023,5,1,133,null,Bryson Tiller,"[""kentucky hip hop"",""r&b"",""rap""]"
2023,5,1,134,null,Michael Jackson,"[""r&b"",""soul""]"
2023,5,1,135,null,King Von,"[""chicago rap""]"
2023,5,1,136,null,Elton John,"[""glam rock"",""mellow gold"",""piano rock"",""rock""]"
2023,5,1,137,null,Lil Tjay,"[""brooklyn drill"",""melodic rap"",""nyc rap"",""rap""]"
2023,5,1,138,null,One Direction,"[""boy band"",""pop"",""post-teen pop"",""talent show""]"
2023,5,1,139,null,Ivan Cornejo,"[""sad sierreno""]"
2023,5,1,140,null,Sam Smith,"[""pop"",""uk pop""]"
2023,5,1,141,null,Luke Bryan,"[""contemporary country"",""country"",""country road"",""modern country rock""]"
2023,5,1,142,null,Gabito Ballesteros,"[""corrido"",""corridos tumbados"",""musica mexicana"",""sad sierreno"",""sierreno""]"
2023,5,1,143,null,Jason Aldean,"[""contemporary country"",""country"",""country road"",""modern country rock""]"
2023,5,1,144,null,Cigarettes After Sex,"[""ambient pop"",""dream pop"",""el paso indie"",""shoegaze""]"
2023,5,1,145,null,Jordan Davis,"[""contemporary country"",""country road""]"
2023,5,1,146,null,Jon Pardi,"[""contemporary country"",""country"",""country road"",""modern country rock""]"
2023,5,1,147,null,OneRepublic,"[""piano rock"",""pop""]"
2023,5,1,148,null,Gorillaz,"[""alternative hip hop"",""modern rock"",""rock""]"
2023,5,1,149,null,Cardi B,"[""pop"",""rap""]"
2023,5,1,150,null,Paramore,"[""candy pop"",""modern rock"",""pixie"",""pop"",""pop emo"",""pop punk"",""rock""]"
2023,5,1,151,null,Bailey Zimmerman,"[""contemporary country"",""modern country pop""]"
2023,5,1,152,null,Russ,[]
2023,5,1,153,null,Roddy Ricch,"[""melodic rap"",""rap"",""trap""]"
2023,5,1,154,null,Machine Gun Kelly,"[""ohio hip hop"",""pop rap""]"
2023,5,1,155,null,ROSALÍA,"[""rap latina"",""trap dominicano""]"
2023,5,1,156,null,Young Dolph,"[""memphis hip hop"",""rap"",""southern hip hop"",""tennessee hip hop"",""trap""]"
2023,5,1,157,null,Mitski,"[""brooklyn indie"",""pov: indie""]"
2023,5,1,158,null,Kane Brown,"[""black americana"",""contemporary country"",""country"",""country road""]"
2023,5,1,159,null,Romeo Santos,"[""bachata"",""latin hip hop"",""latin pop"",""urbano latino""]"
2023,5,1,160,null,Lil Yachty,"[""atl hip hop"",""melodic rap"",""rap"",""trap""]"
2023,5,1,161,null,Noah Kahan,"[""pov: indie""]"
2023,5,1,162,null,Eric Church,"[""contemporary country"",""country"",""country road"",""modern country rock""]"
2023,5,1,163,null,Diplo,"[""dance pop"",""edm"",""electro house"",""moombahton"",""pop dance""]"
2023,5,1,164,null,PARTYNEXTDOOR,"[""r&b"",""rap"",""urban contemporary""]"
2023,5,1,165,null,Jelly Roll,"[""country rap"",""nashville hip hop"",""tennessee hip hop""]"
2023,5,1,166,null,Grupo Marca Registrada,[]
2023,5,1,167,null,Lil Tecca,"[""melodic rap"",""pluggnb"",""rap""]"
2023,5,1,168,null,Thomas Rhett,"[""contemporary country"",""country"",""country road"",""modern country rock""]"
2023,5,1,169,null,d4vd,"[""bedroom pop"",""bedroom r&b""]"
2023,5,1,170,null,blink-182,"[""alternative metal"",""modern rock"",""pop punk"",""punk"",""rock"",""socal pop punk""]"
2023,5,1,171,null,JVKE,"[""modern indie pop"",""pov: indie"",""singer-songwriter pop""]"
2023,5,1,172,null,Logic,"[""conscious hip hop"",""hip hop"",""pop rap"",""rap""]"
2023,5,1,173,null,USHER,"[""atl hip hop"",""contemporary r&b"",""dance pop"",""pop"",""r&b"",""rap"",""south carolina hip hop"",""urban contemporary""]"
2023,5,1,174,null,Migos,"[""atl hip hop"",""hip hop"",""pop rap"",""rap"",""trap""]"
2023,5,1,175,null,AC/DC,"[""australian rock"",""hard rock"",""rock""]"
2023,5,1,176,null,P!nk,"[""dance pop"",""pop""]"
2023,5,1,177,null,Florida Georgia Line,"[""contemporary country"",""country"",""country pop"",""country road"",""modern country rock""]"
2023,5,1,178,null,Creedence Clearwater Revival,"[""classic rock"",""country rock"",""rock"",""southern rock"",""swamp rock""]"
2023,5,1,179,null,Pitbull,"[""dance pop"",""miami hip hop"",""pop""]"
2023,5,1,180,null,Panic! At The Disco,"[""modern rock"",""pop""]"
2023,5,1,181,null,Giveon,"[""r&b""]"
2023,5,1,182,null,George Strait,"[""contemporary country"",""country"",""country road""]"
2023,5,1,183,null,Kevin Gates,"[""baton rouge rap"",""rap"",""southern hip hop"",""trap""]"
2023,5,1,184,null,Eladio Carrion,"[""argentine hip hop"",""pop venezolano"",""trap argentino"",""trap latino"",""urbano latino""]"
2023,5,1,185,null,Jhené Aiko,"[""r&b""]"
2023,5,1,186,null,FIFTY FIFTY,"[""k-pop girl group""]"
2023,5,1,187,null,50 Cent,"[""east coast hip hop"",""gangster rap"",""hip hop"",""pop rap"",""queens hip hop"",""rap""]"
2023,5,1,188,null,Gucci Mane,"[""atl hip hop"",""dirty south rap"",""hip hop"",""pop rap"",""rap"",""southern hip hop"",""trap""]"
2023,5,1,189,null,Twenty One Pilots,"[""modern rock"",""pop"",""pov: indie"",""rock""]"
2023,5,1,190,null,Wiz Khalifa,"[""hip hop"",""pittsburgh rap"",""pop rap"",""rap"",""southern hip hop"",""trap""]"
2023,5,1,191,null,Jhayco,"[""reggaeton"",""trap latino"",""urbano latino""]"
2023,5,1,192,null,Sleepy Hallow,"[""brooklyn drill"",""nyc rap""]"
2023,5,1,193,null,Tiësto,"[""big room"",""brostep"",""dutch edm"",""edm"",""house"",""pop dance"",""slap house"",""trance""]"
2023,5,1,194,null,Shawn Mendes,"[""canadian pop"",""pop"",""viral pop""]"
2023,5,1,195,null,Cody Johnson,"[""classic texas country"",""contemporary country""]"
2023,5,1,196,null,System Of A Down,"[""alternative metal"",""nu metal"",""rap metal"",""rock""]"
2023,5,1,197,null,Becky G,"[""latin pop"",""latin viral pop"",""rap latina"",""reggaeton"",""trap latino"",""urbano latino""]"
2023,5,1,198,null,Led Zeppelin,"[""album rock"",""classic rock"",""hard rock"",""rock""]"
2023,5,1,199,null,Lewis Capaldi,"[""pop"",""uk pop""]"
2023,5,1,200,null,Radiohead,"[""alternative rock"",""art rock"",""melancholia"",""oxford indie"",""permanent wave"",""rock""]"
2023,6,1,1,null,Taylor Swift,"[""pop""]"
2023,6,1,2,null,Morgan Wallen,"[""contemporary country""]"
2023,6,1,3,null,Drake,"[""canadian hip hop"",""canadian pop"",""hip hop"",""pop rap"",""rap""]"
2023,6,1,4,null,Bad Bunny,"[""reggaeton"",""trap latino"",""urbano latino""]"
2023,6,1,5,null,Peso Pluma,"[""corrido"",""corridos tumbados"",""sad sierreno"",""sierreno""]"
2023,6,1,6,null,Lil Durk,"[""chicago drill"",""chicago rap"",""drill"",""hip hop"",""rap"",""trap""]"
2023,6,1,7,null,21 Savage,"[""atl hip hop"",""hip hop"",""rap""]"
2023,6,1,8,null,The Weeknd,"[""canadian contemporary r&b"",""canadian pop"",""pop""]"
2023,6,1,9,null,Kanye West,"[""chicago rap"",""hip hop"",""rap""]"
2023,6,1,10,null,Future,"[""atl hip hop"",""hip hop"",""rap"",""southern hip hop"",""trap""]"
2023,6,1,11,null,Kendrick Lamar,"[""conscious hip hop"",""hip hop"",""rap"",""west coast rap""]"
2023,6,1,12,null,Lil Baby,"[""atl hip hop"",""atl trap"",""rap"",""trap""]"
2023,6,1,13,null,SZA,"[""pop"",""r&b"",""rap""]"
2023,6,1,14,null,J. Cole,"[""conscious hip hop"",""hip hop"",""north carolina hip hop"",""rap""]"
2023,6,1,15,null,Juice WRLD,"[""chicago rap"",""melodic rap"",""rap""]"
2023,6,1,16,null,$uicideboy$,"[""cloud rap"",""dark trap"",""new orleans rap"",""underground hip hop""]"
2023,6,1,17,null,Luke Combs,"[""contemporary country"",""country""]"
2023,6,1,18,null,Zach Bryan,"[""classic oklahoma country"",""modern country pop""]"
2023,6,1,19,null,Metro Boomin,"[""rap""]"
2023,6,1,20,null,Lana Del Rey,"[""art pop"",""pop""]"
2023,6,1,21,null,"Tyler, The Creator","[""hip hop"",""rap""]"
2023,6,1,22,null,Travis Scott,"[""hip hop"",""rap"",""slap house""]"
2023,6,1,23,null,Post Malone,"[""dfw rap"",""melodic rap"",""pop"",""rap""]"
2023,6,1,24,null,YoungBoy Never Broke Again,"[""baton rouge rap"",""rap""]"
2023,6,1,25,null,Eminem,"[""detroit hip hop"",""hip hop"",""rap""]"
2023,6,1,26,null,Lil Uzi Vert,"[""hip hop"",""melodic rap"",""philly rap"",""rage rap"",""rap""]"
2023,6,1,27,null,Fuerza Regida,"[""corrido"",""corridos tumbados"",""sad sierreno"",""sierreno""]"
2023,6,1,28,null,Junior H,"[""corrido"",""corridos tumbados"",""musica mexicana"",""sad sierreno"",""sierreno""]"
2023,6,1,29,null,Rihanna,"[""barbadian pop"",""pop"",""urban contemporary""]"
2023,6,1,30,null,Eslabon Armado,"[""corrido"",""corridos tumbados"",""sad sierreno"",""sierreno""]"
2023,6,1,31,null,Kodak Black,"[""florida drill"",""florida rap"",""melodic rap"",""miami hip hop"",""rap"",""trap"",""trap latino""]"
2023,6,1,32,null,Mac Miller,"[""hip hop"",""pittsburgh rap"",""pop rap"",""rap""]"
2023,6,1,33,null,Yeat,"[""canadian hip hop"",""canadian pop"",""hip hop"",""pop rap"",""rap""]"
2023,6,1,34,null,Grupo Frontera,"[""musica chihuahuense""]"
2023,6,1,35,null,Beyoncé,"[""pop"",""r&b""]"
2023,6,1,36,null,XXXTENTACION,"[""emo rap"",""miami hip hop""]"
2023,6,1,37,null,Ed Sheeran,"[""pop"",""singer-songwriter pop"",""uk pop""]"
2023,6,1,38,null,Nicki Minaj,"[""hip pop"",""pop"",""queens hip hop"",""rap""]"
2023,6,1,39,null,Ariana Grande,"[""pop""]"
2023,6,1,40,null,Harry Styles,"[""pop""]"
2023,6,1,41,null,KAROL G,"[""reggaeton"",""reggaeton colombiano"",""trap latino"",""urbano latino""]"
2023,6,1,42,null,Brent Faiyaz,"[""r&b"",""rap""]"
2023,6,1,43,null,Billie Eilish,"[""indie hip hop""]"
2023,6,1,44,null,Frank Ocean,"[""lgbtq+ hip hop"",""neo soul""]"
2023,6,1,45,null,Lil Wayne,"[""hip hop"",""new orleans rap"",""pop rap"",""rap"",""trap""]"
2023,6,1,46,null,Doja Cat,"[""dance pop"",""pop""]"
2023,6,1,47,null,Playboi Carti,"[""atl hip hop"",""plugg"",""pluggnb"",""rage rap"",""rap""]"
2023,6,1,48,null,Polo G,"[""chicago rap"",""rap""]"
2023,6,1,49,null,Miley Cyrus,"[""pop""]"
2023,6,1,50,null,Justin Bieber,"[""canadian pop"",""pop""]"
2023,6,1,51,null,Rauw Alejandro,"[""puerto rican pop"",""reggaeton"",""trap latino"",""urbano latino""]"
2023,6,1,52,null,Natanael Cano,"[""corrido"",""corridos tumbados"",""musica mexicana"",""sad sierreno"",""sierreno""]"
2023,6,1,53,null,Kali Uchis,"[""colombian pop""]"
2023,6,1,54,null,Young Thug,"[""atl hip hop"",""atl trap"",""gangster rap"",""melodic rap"",""rap"",""trap""]"
2023,6,1,55,null,Bruno Mars,"[""dance pop"",""pop""]"
2023,6,1,56,null,Feid,"[""colombian pop"",""pop reggaeton"",""reggaeton"",""reggaeton colombiano"",""trap latino"",""urbano latino""]"
2023,6,1,57,null,Gunna,"[""atl hip hop"",""melodic rap"",""rap"",""trap""]"
2023,6,1,58,null,Ice Spice,"[""bronx drill""]"
2023,6,1,59,null,Chris Brown,"[""r&b"",""rap""]"
2023,6,1,60,null,Tyler Childers,"[""kentucky indie"",""kentucky roots"",""outlaw country""]"
2023,6,1,61,null,Khalid,"[""pop"",""pop r&b""]"
2023,6,1,62,null,Lil Peep,"[""cloud rap"",""emo rap"",""lgbtq+ hip hop""]"
2023,6,1,63,null,A Boogie Wit da Hoodie,"[""melodic rap"",""rap"",""trap""]"
2023,6,1,64,null,Rod Wave,"[""florida rap""]"
2023,6,1,65,null,NLE Choppa,"[""memphis hip hop"",""rap""]"
2023,6,1,66,null,Chris Stapleton,"[""contemporary country"",""outlaw country""]"
2023,6,1,67,null,The Beatles,"[""british invasion"",""classic rock"",""merseybeat"",""psychedelic rock"",""rock""]"
2023,6,1,68,null,Melanie Martinez,"[""alt z"",""electropop"",""pop""]"
2023,6,1,69,null,Dua Lipa,"[""dance pop"",""pop"",""uk pop""]"
2023,6,1,70,null,NF,"[""hip hop"",""pop rap""]"
2023,6,1,71,null,Steve Lacy,"[""afrofuturism""]"
2023,6,1,72,null,Imagine Dragons,"[""modern rock"",""pop"",""rock""]"
2023,6,1,73,null,Trippie Redd,"[""melodic rap"",""rap"",""trap""]"
2023,6,1,74,null,Fleetwood Mac,"[""album rock"",""classic rock"",""rock"",""soft rock"",""yacht rock""]"
2023,6,1,75,null,BTS,"[""k-pop"",""k-pop boy group"",""pop""]"
2023,6,1,76,null,Shakira,"[""colombian pop"",""dance pop"",""latin pop"",""pop""]"
2023,6,1,77,null,Baby Keem,"[""hip hop"",""rap""]"
2023,6,1,78,null,DaBaby,"[""hip hop"",""north carolina hip hop"",""pop rap"",""rap"",""trap""]"
2023,6,1,79,null,Lady Gaga,"[""corridos tumbados"",""sad sierreno""]"
2023,6,1,80,null,Linkin Park,"[""alternative metal"",""nu metal"",""post-grunge"",""rap metal"",""rock""]"
2023,6,1,81,null,Anuel AA,"[""reggaeton"",""reggaeton flow"",""trap boricua"",""trap latino"",""urbano latino""]"
2023,6,1,82,null,Summer Walker,"[""r&b"",""rap""]"
2023,6,1,83,null,Calvin Harris,"[""dance pop"",""edm"",""electro house"",""house"",""pop"",""pop dance"",""progressive house"",""uk dance""]"
2023,6,1,84,null,Coldplay,"[""permanent wave"",""pop""]"
2023,6,1,85,null,Luis R Conriquez,"[""corrido"",""corridos tumbados"",""norteno"",""sad sierreno"",""sierreno""]"
2023,6,1,86,null,Don Toliver,"[""pop rap"",""rap"",""trap""]"
2023,6,1,87,null,Marshmello,"[""brostep"",""edm"",""pop"",""progressive electro house""]"
2023,6,1,88,null,Jack Harlow,"[""deep underground hip hop"",""kentucky hip hop"",""pop rap"",""rap""]"
2023,6,1,89,null,Jelly Roll,"[""country rap"",""nashville hip hop"",""tennessee hip hop""]"
2023,6,1,90,null,JAY-Z,"[""east coast hip hop"",""gangster rap"",""hip hop"",""pop rap"",""rap""]"
2023,6,1,91,null,Mac DeMarco,"[""edmonton indie"",""lo-fi indie"",""pov: indie""]"
2023,6,1,92,null,J Balvin,"[""reggaeton"",""reggaeton colombiano"",""trap latino"",""urbano latino""]"
2023,6,1,93,null,Arctic Monkeys,"[""garage rock"",""modern rock"",""permanent wave"",""rock"",""sheffield indie""]"
2023,6,1,94,null,Carin Leon,"[""corrido"",""musica mexicana"",""sad sierreno"",""sierreno""]"
2023,6,1,95,null,The Neighbourhood,"[""modern alternative rock"",""modern rock"",""pop"",""pov: indie""]"
2023,6,1,96,null,David Guetta,"[""big room"",""dance pop"",""edm"",""pop"",""pop dance""]"
2023,6,1,97,null,Tame Impala,"[""australian psych"",""modern rock"",""neo-psychedelic"",""rock""]"
2023,6,1,98,null,Maroon 5,"[""pop""]"
2023,6,1,99,null,Katy Perry,"[""pop""]"
2023,6,1,100,null,Kid Cudi,"[""hip hop"",""ohio hip hop"",""pop rap"",""rap""]"
2023,6,1,101,null,Childish Gambino,"[""atl hip hop"",""hip hop"",""rap""]"
2023,6,1,102,null,Daddy Yankee,"[""latin hip hop"",""reggaeton"",""trap latino"",""urbano latino""]"
2023,6,1,103,null,A$AP Rocky,"[""east coast hip hop"",""hip hop"",""rap"",""trap""]"
2023,6,1,104,null,Jason Aldean,"[""contemporary country"",""country"",""country road"",""modern country rock""]"
2023,6,1,105,null,Ozuna,"[""puerto rican pop"",""reggaeton"",""trap latino"",""urbano latino""]"
2023,6,1,106,null,HARDY,[]
2023,6,1,107,null,TV Girl,"[""pov: indie""]"
2023,6,1,108,null,Halsey,"[""electropop"",""etherpop"",""indie poptimism"",""pop""]"
2023,6,1,109,null,Noah Kahan,"[""pov: indie""]"
2023,6,1,110,null,Bailey Zimmerman,"[""contemporary country"",""modern country pop""]"
2023,6,1,111,null,Pop Smoke,"[""brooklyn drill"",""rap""]"
2023,6,1,112,null,Elton John,"[""glam rock"",""mellow gold"",""piano rock"",""rock""]"
2023,6,1,113,null,Luke Bryan,"[""contemporary country"",""country"",""country road"",""modern country rock""]"
2023,6,1,114,null,Queen,"[""k-pop girl group""]"
2023,6,1,115,null,Deftones,"[""alternative metal"",""nu metal"",""rap metal"",""rock"",""sacramento indie""]"
2023,6,1,116,null,Red Hot Chili Peppers,"[""alternative rock"",""funk metal"",""funk rock"",""permanent wave"",""rock""]"
2023,6,1,117,null,Moneybagg Yo,"[""memphis hip hop"",""rap"",""southern hip hop"",""tennessee hip hop"",""trap""]"
2023,6,1,118,null,Tory Lanez,"[""canadian hip hop"",""canadian trap"",""melodic rap"",""pop rap"",""r&b"",""rap"",""trap""]"
2023,6,1,119,null,Lin-Manuel Miranda,"[""broadway"",""show tunes""]"
2023,6,1,120,null,Metallica,"[""hard rock"",""metal"",""old school thrash"",""rock"",""thrash metal""]"
2023,6,1,121,null,Hozier,"[""irish singer-songwriter"",""modern rock"",""pov: indie""]"
2023,6,1,122,null,Fall Out Boy,"[""emo"",""modern rock"",""pop"",""rock""]"
2023,6,1,123,null,Jordan Davis,"[""contemporary country"",""country road""]"
2023,6,1,124,null,Paramore,"[""candy pop"",""modern rock"",""pixie"",""pop"",""pop emo"",""pop punk"",""rock""]"
2023,6,1,125,null,Adele,"[""british soul"",""pop"",""pop soul"",""uk pop""]"
2023,6,1,126,null,Michael Jackson,"[""r&b"",""soul""]"
2023,6,1,127,null,Nirvana,"[""grunge"",""permanent wave"",""rock""]"
2023,6,1,128,null,Joji,"[""viral pop""]"
2023,6,1,129,null,Lil Tjay,"[""brooklyn drill"",""melodic rap"",""nyc rap"",""rap""]"
2023,6,1,130,null,OneRepublic,"[""piano rock"",""pop""]"
2023,6,1,131,null,Bryson Tiller,"[""kentucky hip hop"",""r&b"",""rap""]"
2023,6,1,132,null,2Pac,"[""g funk"",""gangster rap"",""hip hop"",""rap"",""west coast rap""]"
2023,6,1,133,null,Kenny Chesney,"[""contemporary country"",""country"",""country road""]"
2023,6,1,134,null,One Direction,"[""boy band"",""pop"",""post-teen pop"",""talent show""]"
2023,6,1,135,null,Kane Brown,"[""black americana"",""contemporary country"",""country"",""country road""]"
2023,6,1,136,null,Florida Georgia Line,"[""contemporary country"",""country"",""country pop"",""country road"",""modern country rock""]"
2023,6,1,137,null,Olivia Rodrigo,"[""pop""]"
2023,6,1,138,null,Megan Thee Stallion,"[""houston rap"",""pop"",""r&b"",""rap"",""trap queen""]"
2023,6,1,139,null,Zac Brown Band,"[""contemporary country"",""country"",""country road"",""modern country rock""]"
2023,6,1,140,null,King Von,"[""chicago rap""]"
2023,6,1,141,null,Creedence Clearwater Revival,"[""classic rock"",""country rock"",""rock"",""southern rock"",""swamp rock""]"
2023,6,1,142,null,Alan Menken,"[""broadway"",""movie tunes"",""orchestral soundtrack""]"
2023,6,1,143,null,Selena Gomez,"[""pop"",""post-teen pop""]"
2023,6,1,144,null,Jon Pardi,"[""contemporary country"",""country"",""country road"",""modern country rock""]"
2023,6,1,145,null,PinkPantheress,"[""bedroom pop""]"
2023,6,1,146,null,d4vd,"[""bedroom pop"",""bedroom r&b""]"
2023,6,1,147,null,LUCKI,"[""plugg""]"
2023,6,1,148,null,Machine Gun Kelly,"[""ohio hip hop"",""pop rap""]"
2023,6,1,149,null,Roddy Ricch,"[""melodic rap"",""rap"",""trap""]"
2023,6,1,150,null,Miguel,"[""r&b"",""urban contemporary""]"
2023,6,1,151,null,George Strait,"[""contemporary country"",""country"",""country road""]"
2023,6,1,152,null,Pitbull,"[""dance pop"",""miami hip hop"",""pop""]"
2023,6,1,153,null,blink-182,"[""alternative metal"",""modern rock"",""pop punk"",""punk"",""rock"",""socal pop punk""]"
2023,6,1,154,null,Eric Church,"[""contemporary country"",""country"",""country road"",""modern country rock""]"
2023,6,1,155,null,Thomas Rhett,"[""contemporary country"",""country"",""country road"",""modern country rock""]"
2023,6,1,156,null,Daniel Caesar,"[""canadian contemporary r&b""]"
2023,6,1,157,null,AC/DC,"[""australian rock"",""hard rock"",""rock""]"
2023,6,1,158,null,Cardi B,"[""pop"",""rap""]"
2023,6,1,159,null,Eladio Carrion,"[""argentine hip hop"",""pop venezolano"",""trap argentino"",""trap latino"",""urbano latino""]"
2023,6,1,160,null,Romeo Santos,"[""bachata"",""latin hip hop"",""latin pop"",""urbano latino""]"
2023,6,1,161,null,Cigarettes After Sex,"[""ambient pop"",""dream pop"",""el paso indie"",""shoegaze""]"
2023,6,1,162,null,Cody Johnson,"[""classic texas country"",""contemporary country""]"
2023,6,1,163,null,Radiohead,"[""alternative rock"",""art rock"",""melancholia"",""oxford indie"",""permanent wave"",""rock""]"
2023,6,1,164,null,Jonas Brothers,"[""boy band"",""pop""]"
2023,6,1,165,null,Foo Fighters,"[""alternative metal"",""alternative rock"",""modern rock"",""permanent wave"",""post-grunge"",""rock""]"
2023,6,1,166,null,Billy Joel,"[""album rock"",""classic rock"",""heartland rock"",""mellow gold"",""piano rock"",""rock"",""singer-songwriter"",""soft rock""]"
2023,6,1,167,null,The Kid LAROI,"[""australian hip hop""]"
2023,6,1,168,null,Sam Smith,"[""pop"",""uk pop""]"
2023,6,1,169,null,Led Zeppelin,"[""album rock"",""classic rock"",""hard rock"",""rock""]"
2023,6,1,170,null,Ivan Cornejo,"[""sad sierreno""]"
2023,6,1,171,null,Key Glock,"[""memphis hip hop"",""rap"",""southern hip hop"",""tennessee hip hop"",""trap""]"
2023,6,1,172,null,Gorillaz,"[""alternative hip hop"",""modern rock"",""rock""]"
2023,6,1,173,null,Bob Marley & The Wailers,"[""reggae"",""roots reggae""]"
2023,6,1,174,null,Young Dolph,"[""memphis hip hop"",""rap"",""southern hip hop"",""tennessee hip hop"",""trap""]"
2023,6,1,175,null,USHER,"[""atl hip hop"",""contemporary r&b"",""dance pop"",""pop"",""r&b"",""rap"",""south carolina hip hop"",""urban contemporary""]"
2023,6,1,176,null,Gucci Mane,"[""atl hip hop"",""dirty south rap"",""hip hop"",""pop rap"",""rap"",""southern hip hop"",""trap""]"
2023,6,1,177,null,PARTYNEXTDOOR,"[""r&b"",""rap"",""urban contemporary""]"
2023,6,1,178,null,Mitski,"[""brooklyn indie"",""pov: indie""]"
2023,6,1,179,null,Sleepy Hallow,"[""brooklyn drill"",""nyc rap""]"
2023,6,1,180,null,Panic! At The Disco,"[""modern rock"",""pop""]"
2023,6,1,181,null,Lil Tecca,"[""melodic rap"",""pluggnb"",""rap""]"
2023,6,1,182,null,Wiz Khalifa,"[""hip hop"",""pittsburgh rap"",""pop rap"",""rap"",""southern hip hop"",""trap""]"
2023,6,1,183,null,Migos,"[""atl hip hop"",""hip hop"",""pop rap"",""rap"",""trap""]"
2023,6,1,184,null,Gabito Ballesteros,"[""corrido"",""corridos tumbados"",""musica mexicana"",""sad sierreno"",""sierreno""]"
2023,6,1,185,null,The Lumineers,"[""folk-pop"",""modern rock"",""stomp and holler""]"
2023,6,1,186,null,Grupo Marca Registrada,[]
2023,6,1,187,null,Kevin Gates,"[""baton rouge rap"",""rap"",""southern hip hop"",""trap""]"
2023,6,1,188,null,Logic,"[""conscious hip hop"",""hip hop"",""pop rap"",""rap""]"
2023,6,1,189,null,Russ,[]
2023,6,1,190,null,DJ Khaled,"[""hip hop"",""miami hip hop"",""pop rap"",""rap""]"
2023,6,1,191,null,Green Day,"[""modern rock"",""permanent wave"",""punk"",""rock""]"
2023,6,1,192,null,The Notorious B.I.G.,"[""east coast hip hop"",""gangster rap"",""hardcore hip hop"",""hip hop"",""rap""]"
2023,6,1,193,null,The Rolling Stones,"[""album rock"",""british invasion"",""classic rock"",""rock""]"
2023,6,1,194,null,P!nk,"[""dance pop"",""pop""]"
2023,6,1,195,null,Diplo,"[""dance pop"",""edm"",""electro house"",""moombahton"",""pop dance""]"
2023,6,1,196,null,50 Cent,"[""east coast hip hop"",""gangster rap"",""hip hop"",""pop rap"",""queens hip hop"",""rap""]"
2023,6,1,197,null,System Of A Down,"[""alternative metal"",""nu metal"",""rap metal"",""rock""]"
2023,6,1,198,null,Conan Gray,"[""bedroom pop"",""pop"",""pov: indie""]"
2023,6,1,199,null,ROSALÍA,"[""rap latina"",""trap dominicano""]"
2023,6,1,200,null,Sleep Token,"[""prog metal""]"
2023,7,1,1,null,Taylor Swift,"[""pop""]"
2023,7,1,2,null,Lil Uzi Vert,"[""hip hop"",""melodic rap"",""philly rap"",""rage rap"",""rap""]"
2023,7,1,3,null,Drake,"[""canadian hip hop"",""canadian pop"",""hip hop"",""pop rap"",""rap""]"
2023,7,1,4,null,Morgan Wallen,"[""contemporary country""]"
2023,7,1,5,null,Peso Pluma,"[""corrido"",""corridos tumbados"",""sad sierreno"",""sierreno""]"
2023,7,1,6,null,Bad Bunny,"[""reggaeton"",""trap latino"",""urbano latino""]"
2023,7,1,7,null,The Weeknd,"[""canadian contemporary r&b"",""canadian pop"",""pop""]"
2023,7,1,8,null,Metro Boomin,"[""rap""]"
2023,7,1,9,null,21 Savage,"[""atl hip hop"",""hip hop"",""rap""]"
2023,7,1,10,null,Kanye West,"[""chicago rap"",""hip hop"",""rap""]"
2023,7,1,11,null,Future,"[""atl hip hop"",""hip hop"",""rap"",""southern hip hop"",""trap""]"
2023,7,1,12,null,Zach Bryan,"[""classic oklahoma country"",""modern country pop""]"
2023,7,1,13,null,Luke Combs,"[""contemporary country"",""country""]"
2023,7,1,14,null,Kendrick Lamar,"[""conscious hip hop"",""hip hop"",""rap"",""west coast rap""]"
2023,7,1,15,null,Lil Baby,"[""atl hip hop"",""atl trap"",""rap"",""trap""]"
2023,7,1,16,null,Juice WRLD,"[""chicago rap"",""melodic rap"",""rap""]"
2023,7,1,17,null,SZA,"[""pop"",""r&b"",""rap""]"
2023,7,1,18,null,$uicideboy$,"[""cloud rap"",""dark trap"",""new orleans rap"",""underground hip hop""]"
2023,7,1,19,null,J. Cole,"[""conscious hip hop"",""hip hop"",""north carolina hip hop"",""rap""]"
2023,7,1,20,null,Olivia Rodrigo,"[""pop""]"
2023,7,1,21,null,Post Malone,"[""dfw rap"",""melodic rap"",""pop"",""rap""]"
2023,7,1,22,null,Junior H,"[""corrido"",""corridos tumbados"",""musica mexicana"",""sad sierreno"",""sierreno""]"
2023,7,1,23,null,Travis Scott,"[""hip hop"",""rap"",""slap house""]"
2023,7,1,24,null,Gunna,"[""atl hip hop"",""melodic rap"",""rap"",""trap""]"
2023,7,1,25,null,Lana Del Rey,"[""art pop"",""pop""]"
2023,7,1,26,null,Nicki Minaj,"[""hip pop"",""pop"",""queens hip hop"",""rap""]"
2023,7,1,27,null,YoungBoy Never Broke Again,"[""baton rouge rap"",""rap""]"
2023,7,1,28,null,"Tyler, The Creator","[""hip hop"",""rap""]"
2023,7,1,29,null,Lil Durk,"[""chicago drill"",""chicago rap"",""drill"",""hip hop"",""rap"",""trap""]"
2023,7,1,30,null,Fuerza Regida,"[""corrido"",""corridos tumbados"",""sad sierreno"",""sierreno""]"
2023,7,1,31,null,Young Thug,"[""atl hip hop"",""atl trap"",""gangster rap"",""melodic rap"",""rap"",""trap""]"
2023,7,1,32,null,Eminem,"[""detroit hip hop"",""hip hop"",""rap""]"
2023,7,1,33,null,Rihanna,"[""barbadian pop"",""pop"",""urban contemporary""]"
2023,7,1,34,null,Natanael Cano,"[""corrido"",""corridos tumbados"",""musica mexicana"",""sad sierreno"",""sierreno""]"
2023,7,1,35,null,Grupo Frontera,"[""musica chihuahuense""]"
2023,7,1,36,null,Mac Miller,"[""hip hop"",""pittsburgh rap"",""pop rap"",""rap""]"
2023,7,1,37,null,XXXTENTACION,"[""emo rap"",""miami hip hop""]"
2023,7,1,38,null,Noah Kahan,"[""pov: indie""]"
2023,7,1,39,null,Doja Cat,"[""dance pop"",""pop""]"
2023,7,1,40,null,Harry Styles,"[""pop""]"
2023,7,1,41,null,Lil Wayne,"[""hip hop"",""new orleans rap"",""pop rap"",""rap"",""trap""]"
2023,7,1,42,null,Ariana Grande,"[""pop""]"
2023,7,1,43,null,Billie Eilish,"[""indie hip hop""]"
2023,7,1,44,null,Tainy,"[""pop reggaeton"",""reggaeton"",""trap latino"",""urbano latino""]"
2023,7,1,45,null,Eslabon Armado,"[""corrido"",""corridos tumbados"",""sad sierreno"",""sierreno""]"
2023,7,1,46,null,Ed Sheeran,"[""pop"",""singer-songwriter pop"",""uk pop""]"
2023,7,1,47,null,KAROL G,"[""reggaeton"",""reggaeton colombiano"",""trap latino"",""urbano latino""]"
2023,7,1,48,null,Beyoncé,"[""pop"",""r&b""]"
2023,7,1,49,null,Playboi Carti,"[""atl hip hop"",""plugg"",""pluggnb"",""rage rap"",""rap""]"
2023,7,1,50,null,Brent Faiyaz,"[""r&b"",""rap""]"
2023,7,1,51,null,Tyler Childers,"[""kentucky indie"",""kentucky roots"",""outlaw country""]"
2023,7,1,52,null,Bruno Mars,"[""dance pop"",""pop""]"
2023,7,1,53,null,Kodak Black,"[""florida drill"",""florida rap"",""melodic rap"",""miami hip hop"",""rap"",""trap"",""trap latino""]"
2023,7,1,54,null,Frank Ocean,"[""lgbtq+ hip hop"",""neo soul""]"
2023,7,1,55,null,Miley Cyrus,"[""pop""]"
2023,7,1,56,null,Rauw Alejandro,"[""puerto rican pop"",""reggaeton"",""trap latino"",""urbano latino""]"
2023,7,1,57,null,Feid,"[""colombian pop"",""pop reggaeton"",""reggaeton"",""reggaeton colombiano"",""trap latino"",""urbano latino""]"
2023,7,1,58,null,Justin Bieber,"[""canadian pop"",""pop""]"
2023,7,1,59,null,Yeat,"[""canadian hip hop"",""canadian pop"",""hip hop"",""pop rap"",""rap""]"
2023,7,1,60,null,Polo G,"[""chicago rap"",""rap""]"
2023,7,1,61,null,Chris Brown,"[""r&b"",""rap""]"
2023,7,1,62,null,Fall Out Boy,"[""emo"",""modern rock"",""pop"",""rock""]"
2023,7,1,63,null,Chris Stapleton,"[""contemporary country"",""outlaw country""]"
2023,7,1,64,null,Trippie Redd,"[""melodic rap"",""rap"",""trap""]"
2023,7,1,65,null,Rod Wave,"[""florida rap""]"
2023,7,1,66,null,Steve Lacy,"[""afrofuturism""]"
2023,7,1,67,null,Kali Uchis,"[""colombian pop""]"
2023,7,1,68,null,Melanie Martinez,"[""alt z"",""electropop"",""pop""]"
2023,7,1,69,null,Khalid,"[""pop"",""pop r&b""]"
2023,7,1,70,null,A$AP Rocky,"[""east coast hip hop"",""hip hop"",""rap"",""trap""]"
2023,7,1,71,null,Lil Peep,"[""cloud rap"",""emo rap"",""lgbtq+ hip hop""]"
2023,7,1,72,null,The Beatles,"[""british invasion"",""classic rock"",""merseybeat"",""psychedelic rock"",""rock""]"
2023,7,1,73,null,Fleetwood Mac,"[""album rock"",""classic rock"",""rock"",""soft rock"",""yacht rock""]"
2023,7,1,74,null,Luis R Conriquez,"[""corrido"",""corridos tumbados"",""norteno"",""sad sierreno"",""sierreno""]"
2023,7,1,75,null,BTS,"[""k-pop"",""k-pop boy group"",""pop""]"
2023,7,1,76,null,Imagine Dragons,"[""modern rock"",""pop"",""rock""]"
2023,7,1,77,null,Jelly Roll,"[""country rap"",""nashville hip hop"",""tennessee hip hop""]"
2023,7,1,78,null,Don Toliver,"[""pop rap"",""rap"",""trap""]"
2023,7,1,79,null,A Boogie Wit da Hoodie,"[""melodic rap"",""rap"",""trap""]"
2023,7,1,80,null,Ice Spice,"[""bronx drill""]"
2023,7,1,81,null,Dua Lipa,"[""dance pop"",""pop"",""uk pop""]"
2023,7,1,82,null,Daddy Yankee,"[""latin hip hop"",""reggaeton"",""trap latino"",""urbano latino""]"
2023,7,1,83,null,Lady Gaga,"[""corridos tumbados"",""sad sierreno""]"
2023,7,1,84,null,Shakira,"[""colombian pop"",""dance pop"",""latin pop"",""pop""]"
2023,7,1,85,null,Linkin Park,"[""alternative metal"",""nu metal"",""post-grunge"",""rap metal"",""rock""]"
2023,7,1,86,null,Baby Keem,"[""hip hop"",""rap""]"
2023,7,1,87,null,Katy Perry,"[""pop""]"
2023,7,1,88,null,Coldplay,"[""permanent wave"",""pop""]"
2023,7,1,89,null,NF,"[""hip hop"",""pop rap""]"
2023,7,1,90,null,TV Girl,"[""pov: indie""]"
2023,7,1,91,null,Luke Bryan,"[""contemporary country"",""country"",""country road"",""modern country rock""]"
2023,7,1,92,null,NLE Choppa,"[""memphis hip hop"",""rap""]"
2023,7,1,93,null,Moneybagg Yo,"[""memphis hip hop"",""rap"",""southern hip hop"",""tennessee hip hop"",""trap""]"
2023,7,1,94,null,Calvin Harris,"[""dance pop"",""edm"",""electro house"",""house"",""pop"",""pop dance"",""progressive house"",""uk dance""]"
2023,7,1,95,null,Tory Lanez,"[""canadian hip hop"",""canadian trap"",""melodic rap"",""pop rap"",""r&b"",""rap"",""trap""]"
2023,7,1,96,null,Arctic Monkeys,"[""garage rock"",""modern rock"",""permanent wave"",""rock"",""sheffield indie""]"
2023,7,1,97,null,Swae Lee,"[""dfw rap"",""melodic rap"",""pop"",""rap""]"
2023,7,1,98,null,David Guetta,"[""big room"",""dance pop"",""edm"",""pop"",""pop dance""]"
2023,7,1,99,null,Gabito Ballesteros,"[""corrido"",""corridos tumbados"",""musica mexicana"",""sad sierreno"",""sierreno""]"
2023,7,1,100,null,Maroon 5,"[""pop""]"
2023,7,1,101,null,JAY-Z,"[""east coast hip hop"",""gangster rap"",""hip hop"",""pop rap"",""rap""]"
2023,7,1,102,null,Creedence Clearwater Revival,"[""classic rock"",""country rock"",""rock"",""southern rock"",""swamp rock""]"
2023,7,1,103,null,J Balvin,"[""reggaeton"",""reggaeton colombiano"",""trap latino"",""urbano latino""]"
2023,7,1,104,null,The Neighbourhood,"[""modern alternative rock"",""modern rock"",""pop"",""pov: indie""]"
2023,7,1,105,null,Halsey,"[""electropop"",""etherpop"",""indie poptimism"",""pop""]"
2023,7,1,106,null,DaBaby,"[""hip hop"",""north carolina hip hop"",""pop rap"",""rap"",""trap""]"
2023,7,1,107,null,HARDY,[]
2023,7,1,108,null,Zac Brown Band,"[""contemporary country"",""country"",""country road"",""modern country rock""]"
2023,7,1,109,null,Carin Leon,"[""corrido"",""musica mexicana"",""sad sierreno"",""sierreno""]"
2023,7,1,110,null,Marshmello,"[""brostep"",""edm"",""pop"",""progressive electro house""]"
2023,7,1,111,null,Kid Cudi,"[""hip hop"",""ohio hip hop"",""pop rap"",""rap""]"
2023,7,1,112,null,Hozier,"[""irish singer-songwriter"",""modern rock"",""pov: indie""]"
2023,7,1,113,null,Jordan Davis,"[""contemporary country"",""country road""]"
2023,7,1,114,null,Queen,"[""k-pop girl group""]"
2023,7,1,115,null,Mac DeMarco,"[""edmonton indie"",""lo-fi indie"",""pov: indie""]"
2023,7,1,116,null,Kenny Chesney,"[""contemporary country"",""country"",""country road""]"
2023,7,1,117,null,Ozuna,"[""puerto rican pop"",""reggaeton"",""trap latino"",""urbano latino""]"
2023,7,1,118,null,Key Glock,"[""memphis hip hop"",""rap"",""southern hip hop"",""tennessee hip hop"",""trap""]"
2023,7,1,119,null,Jon Pardi,"[""contemporary country"",""country"",""country road"",""modern country rock""]"
2023,7,1,120,null,Elton John,"[""glam rock"",""mellow gold"",""piano rock"",""rock""]"
2023,7,1,121,null,Childish Gambino,"[""atl hip hop"",""hip hop"",""rap""]"
2023,7,1,122,null,Anuel AA,"[""reggaeton"",""reggaeton flow"",""trap boricua"",""trap latino"",""urbano latino""]"
2023,7,1,123,null,Deftones,"[""alternative metal"",""nu metal"",""rap metal"",""rock"",""sacramento indie""]"
2023,7,1,124,null,Lin-Manuel Miranda,"[""broadway"",""show tunes""]"
2023,7,1,125,null,Summer Walker,"[""r&b"",""rap""]"
2023,7,1,126,null,Red Hot Chili Peppers,"[""alternative rock"",""funk metal"",""funk rock"",""permanent wave"",""rock""]"
2023,7,1,127,null,Jack Harlow,"[""deep underground hip hop"",""kentucky hip hop"",""pop rap"",""rap""]"
2023,7,1,128,null,Bailey Zimmerman,"[""contemporary country"",""modern country pop""]"
2023,7,1,129,null,Pop Smoke,"[""brooklyn drill"",""rap""]"
2023,7,1,130,null,Tame Impala,"[""australian psych"",""modern rock"",""neo-psychedelic"",""rock""]"
2023,7,1,131,null,Jason Aldean,"[""contemporary country"",""country"",""country road"",""modern country rock""]"
2023,7,1,132,null,Florida Georgia Line,"[""contemporary country"",""country"",""country pop"",""country road"",""modern country rock""]"
2023,7,1,133,null,Paramore,"[""candy pop"",""modern rock"",""pixie"",""pop"",""pop emo"",""pop punk"",""rock""]"
2023,7,1,134,null,Michael Jackson,"[""r&b"",""soul""]"
2023,7,1,135,null,Bryson Tiller,"[""kentucky hip hop"",""r&b"",""rap""]"
2023,7,1,136,null,Adele,"[""british soul"",""pop"",""pop soul"",""uk pop""]"
2023,7,1,137,null,Nirvana,"[""grunge"",""permanent wave"",""rock""]"
2023,7,1,138,null,Metallica,"[""hard rock"",""metal"",""old school thrash"",""rock"",""thrash metal""]"
2023,7,1,139,null,Lil Tjay,"[""brooklyn drill"",""melodic rap"",""nyc rap"",""rap""]"
2023,7,1,140,null,Kane Brown,"[""black americana"",""contemporary country"",""country"",""country road""]"
2023,7,1,141,null,Bizarrap,"[""argentine hip hop"",""pop venezolano"",""trap argentino"",""trap latino"",""urbano latino""]"
2023,7,1,142,null,OneRepublic,"[""piano rock"",""pop""]"
2023,7,1,143,null,Cardi B,"[""pop"",""rap""]"
2023,7,1,144,null,Joji,"[""viral pop""]"
2023,7,1,145,null,Eric Church,"[""contemporary country"",""country"",""country road"",""modern country rock""]"
2023,7,1,146,null,Thomas Rhett,"[""contemporary country"",""country"",""country road"",""modern country rock""]"
2023,7,1,147,null,Pitbull,"[""dance pop"",""miami hip hop"",""pop""]"
2023,7,1,148,null,King Von,"[""chicago rap""]"
2023,7,1,149,null,Jhayco,"[""reggaeton"",""trap latino"",""urbano latino""]"
2023,7,1,150,null,Megan Thee Stallion,"[""houston rap"",""pop"",""r&b"",""rap"",""trap queen""]"
2023,7,1,151,null,Daniel Caesar,"[""canadian contemporary r&b""]"
2023,7,1,152,null,2Pac,"[""g funk"",""gangster rap"",""hip hop"",""rap"",""west coast rap""]"
2023,7,1,153,null,George Strait,"[""contemporary country"",""country"",""country road""]"
2023,7,1,154,null,One Direction,"[""boy band"",""pop"",""post-teen pop"",""talent show""]"
2023,7,1,155,null,Myke Towers,"[""reggaeton"",""trap latino"",""urbano latino""]"
2023,7,1,156,null,PinkPantheress,"[""bedroom pop""]"
2023,7,1,157,null,AC/DC,"[""australian rock"",""hard rock"",""rock""]"
2023,7,1,158,null,blink-182,"[""alternative metal"",""modern rock"",""pop punk"",""punk"",""rock"",""socal pop punk""]"
2023,7,1,159,null,Stray Kids,"[""k-pop"",""k-pop boy group"",""pop""]"
2023,7,1,160,null,Bob Marley & The Wailers,"[""reggae"",""roots reggae""]"
2023,7,1,161,null,LUCKI,"[""plugg""]"
2023,7,1,162,null,Selena Gomez,"[""pop"",""post-teen pop""]"
2023,7,1,163,null,Billy Joel,"[""album rock"",""classic rock"",""heartland rock"",""mellow gold"",""piano rock"",""rock"",""singer-songwriter"",""soft rock""]"
2023,7,1,164,null,Cody Johnson,"[""classic texas country"",""contemporary country""]"
2023,7,1,165,null,Machine Gun Kelly,"[""ohio hip hop"",""pop rap""]"
2023,7,1,166,null,Cigarettes After Sex,"[""ambient pop"",""dream pop"",""el paso indie"",""shoegaze""]"
2023,7,1,167,null,Offset,"[""atl hip hop"",""hip hop"",""pop rap"",""rap"",""trap""]"
2023,7,1,168,null,Toby Keith,"[""classic oklahoma country"",""contemporary country"",""country"",""country road""]"
2023,7,1,169,null,USHER,"[""atl hip hop"",""contemporary r&b"",""dance pop"",""pop"",""r&b"",""rap"",""south carolina hip hop"",""urban contemporary""]"
2023,7,1,170,null,Gucci Mane,"[""atl hip hop"",""dirty south rap"",""hip hop"",""pop rap"",""rap"",""southern hip hop"",""trap""]"
2023,7,1,171,null,Dominic Fike,"[""alternative pop rock"",""pov: indie""]"
2023,7,1,172,null,Eagles,"[""album rock"",""classic rock"",""heartland rock"",""mellow gold"",""rock"",""soft rock"",""yacht rock""]"
2023,7,1,173,null,Panic! At The Disco,"[""modern rock"",""pop""]"
2023,7,1,174,null,Miguel,"[""r&b"",""urban contemporary""]"
2023,7,1,175,null,Wiz Khalifa,"[""hip hop"",""pittsburgh rap"",""pop rap"",""rap"",""southern hip hop"",""trap""]"
2023,7,1,176,null,Sam Smith,"[""pop"",""uk pop""]"
2023,7,1,177,null,Roddy Ricch,"[""melodic rap"",""rap"",""trap""]"
2023,7,1,178,null,Led Zeppelin,"[""album rock"",""classic rock"",""hard rock"",""rock""]"
2023,7,1,179,null,The Rolling Stones,"[""album rock"",""british invasion"",""classic rock"",""rock""]"
2023,7,1,180,null,Romeo Santos,"[""bachata"",""latin hip hop"",""latin pop"",""urbano latino""]"
2023,7,1,181,null,Radiohead,"[""alternative rock"",""art rock"",""melancholia"",""oxford indie"",""permanent wave"",""rock""]"
2023,7,1,182,null,Twenty One Pilots,"[""modern rock"",""pop"",""pov: indie"",""rock""]"
2023,7,1,183,null,Green Day,"[""modern rock"",""permanent wave"",""punk"",""rock""]"
2023,7,1,184,null,P!nk,"[""dance pop"",""pop""]"
2023,7,1,185,null,JVKE,"[""modern indie pop"",""pov: indie"",""singer-songwriter pop""]"
2023,7,1,186,null,Ivan Cornejo,"[""sad sierreno""]"
2023,7,1,187,null,Mitski,"[""brooklyn indie"",""pov: indie""]"
2023,7,1,188,null,Young Dolph,"[""memphis hip hop"",""rap"",""southern hip hop"",""tennessee hip hop"",""trap""]"
2023,7,1,189,null,Gorillaz,"[""alternative hip hop"",""modern rock"",""rock""]"
2023,7,1,190,null,The Kid LAROI,"[""australian hip hop""]"
2023,7,1,191,null,Old Dominion,"[""contemporary country"",""country"",""country road"",""modern country rock""]"
2023,7,1,192,null,PARTYNEXTDOOR,"[""r&b"",""rap"",""urban contemporary""]"
2023,7,1,193,null,Diplo,"[""dance pop"",""edm"",""electro house"",""moombahton"",""pop dance""]"
2023,7,1,194,null,Foo Fighters,"[""alternative metal"",""alternative rock"",""modern rock"",""permanent wave"",""post-grunge"",""rock""]"
2023,7,1,195,null,Tim McGraw,"[""pop""]"
2023,7,1,196,null,The Lumineers,"[""folk-pop"",""modern rock"",""stomp and holler""]"
2023,7,1,197,null,The Notorious B.I.G.,"[""east coast hip hop"",""gangster rap"",""hardcore hip hop"",""hip hop"",""rap""]"
2023,7,1,198,null,YNW Melly,"[""melodic rap"",""rap""]"
2023,7,1,199,null,Sublime,"[""rap rock"",""reggae fusion"",""ska mexicano"",""ska punk""]"
2023,7,1,200,null,Migos,"[""atl hip hop"",""hip hop"",""pop rap"",""rap"",""trap""]"
2023,8,1,1,null,Taylor Swift,"[""pop""]"
2023,8,1,2,null,Travis Scott,"[""hip hop"",""rap"",""slap house""]"
2023,8,1,3,null,Drake,"[""canadian hip hop"",""canadian pop"",""hip hop"",""pop rap"",""rap""]"
2023,8,1,4,null,Post Malone,"[""dfw rap"",""melodic rap"",""pop"",""rap""]"
2023,8,1,5,null,Morgan Wallen,"[""contemporary country""]"
2023,8,1,6,null,Peso Pluma,"[""corrido"",""corridos tumbados"",""sad sierreno"",""sierreno""]"
2023,8,1,7,null,The Weeknd,"[""canadian contemporary r&b"",""canadian pop"",""pop""]"
2023,8,1,8,null,21 Savage,"[""atl hip hop"",""hip hop"",""rap""]"
2023,8,1,9,null,Bad Bunny,"[""reggaeton"",""trap latino"",""urbano latino""]"
2023,8,1,10,null,Future,"[""atl hip hop"",""hip hop"",""rap"",""southern hip hop"",""trap""]"
2023,8,1,11,null,Kanye West,"[""chicago rap"",""hip hop"",""rap""]"
2023,8,1,12,null,SZA,"[""pop"",""r&b"",""rap""]"
2023,8,1,13,null,Zach Bryan,"[""classic oklahoma country"",""modern country pop""]"
2023,8,1,14,null,Metro Boomin,"[""rap""]"
2023,8,1,15,null,$uicideboy$,"[""cloud rap"",""dark trap"",""new orleans rap"",""underground hip hop""]"
2023,8,1,16,null,Luke Combs,"[""contemporary country"",""country""]"
2023,8,1,17,null,Lil Uzi Vert,"[""hip hop"",""melodic rap"",""philly rap"",""rage rap"",""rap""]"
2023,8,1,18,null,Juice WRLD,"[""chicago rap"",""melodic rap"",""rap""]"
2023,8,1,19,null,Kendrick Lamar,"[""conscious hip hop"",""hip hop"",""rap"",""west coast rap""]"
2023,8,1,20,null,Lil Baby,"[""atl hip hop"",""atl trap"",""rap"",""trap""]"
2023,8,1,21,null,J. Cole,"[""conscious hip hop"",""hip hop"",""north carolina hip hop"",""rap""]"
2023,8,1,22,null,Billie Eilish,"[""indie hip hop""]"
2023,8,1,23,null,Lana Del Rey,"[""art pop"",""pop""]"
2023,8,1,24,null,Beyoncé,"[""pop"",""r&b""]"
2023,8,1,25,null,Playboi Carti,"[""atl hip hop"",""plugg"",""pluggnb"",""rage rap"",""rap""]"
2023,8,1,26,null,Gunna,"[""atl hip hop"",""melodic rap"",""rap"",""trap""]"
2023,8,1,27,null,Nicki Minaj,"[""hip pop"",""pop"",""queens hip hop"",""rap""]"
2023,8,1,28,null,Junior H,"[""corrido"",""corridos tumbados"",""musica mexicana"",""sad sierreno"",""sierreno""]"
2023,8,1,29,null,YoungBoy Never Broke Again,"[""baton rouge rap"",""rap""]"
2023,8,1,30,null,Eminem,"[""detroit hip hop"",""hip hop"",""rap""]"
2023,8,1,31,null,Young Thug,"[""atl hip hop"",""atl trap"",""gangster rap"",""melodic rap"",""rap"",""trap""]"
2023,8,1,32,null,"Tyler, The Creator","[""hip hop"",""rap""]"
2023,8,1,33,null,Noah Kahan,"[""pov: indie""]"
2023,8,1,34,null,Rihanna,"[""barbadian pop"",""pop"",""urban contemporary""]"
2023,8,1,35,null,Tyler Childers,"[""kentucky indie"",""kentucky roots"",""outlaw country""]"
2023,8,1,36,null,Fuerza Regida,"[""corrido"",""corridos tumbados"",""sad sierreno"",""sierreno""]"
2023,8,1,37,null,Lil Durk,"[""chicago drill"",""chicago rap"",""drill"",""hip hop"",""rap"",""trap""]"
2023,8,1,38,null,Ice Spice,"[""bronx drill""]"
2023,8,1,39,null,Mac Miller,"[""hip hop"",""pittsburgh rap"",""pop rap"",""rap""]"
2023,8,1,40,null,XXXTENTACION,"[""emo rap"",""miami hip hop""]"
2023,8,1,41,null,Grupo Frontera,"[""musica chihuahuense""]"
2023,8,1,42,null,KAROL G,"[""reggaeton"",""reggaeton colombiano"",""trap latino"",""urbano latino""]"
2023,8,1,43,null,Ariana Grande,"[""pop""]"
2023,8,1,44,null,Lil Wayne,"[""hip hop"",""new orleans rap"",""pop rap"",""rap"",""trap""]"
2023,8,1,45,null,Olivia Rodrigo,"[""pop""]"
2023,8,1,46,null,Harry Styles,"[""pop""]"
2023,8,1,47,null,Rauw Alejandro,"[""puerto rican pop"",""reggaeton"",""trap latino"",""urbano latino""]"
2023,8,1,48,null,Brent Faiyaz,"[""r&b"",""rap""]"
2023,8,1,49,null,Ed Sheeran,"[""pop"",""singer-songwriter pop"",""uk pop""]"
2023,8,1,50,null,Polo G,"[""chicago rap"",""rap""]"
2023,8,1,51,null,Bruno Mars,"[""dance pop"",""pop""]"
2023,8,1,52,null,NewJeans,"[""k-pop"",""k-pop girl group""]"
2023,8,1,53,null,Justin Bieber,"[""canadian pop"",""pop""]"
2023,8,1,54,null,Frank Ocean,"[""lgbtq+ hip hop"",""neo soul""]"
2023,8,1,55,null,Doja Cat,"[""dance pop"",""pop""]"
2023,8,1,56,null,Chris Stapleton,"[""contemporary country"",""outlaw country""]"
2023,8,1,57,null,Dua Lipa,"[""dance pop"",""pop"",""uk pop""]"
2023,8,1,58,null,Kid Cudi,"[""hip hop"",""ohio hip hop"",""pop rap"",""rap""]"
2023,8,1,59,null,Natanael Cano,"[""corrido"",""corridos tumbados"",""musica mexicana"",""sad sierreno"",""sierreno""]"
2023,8,1,60,null,Eslabon Armado,"[""corrido"",""corridos tumbados"",""sad sierreno"",""sierreno""]"
2023,8,1,61,null,Trippie Redd,"[""melodic rap"",""rap"",""trap""]"
2023,8,1,62,null,Rod Wave,"[""florida rap""]"
2023,8,1,63,null,Swae Lee,"[""dfw rap"",""melodic rap"",""pop"",""rap""]"
2023,8,1,64,null,Yeat,"[""canadian hip hop"",""canadian pop"",""hip hop"",""pop rap"",""rap""]"
2023,8,1,65,null,Kodak Black,"[""florida drill"",""florida rap"",""melodic rap"",""miami hip hop"",""rap"",""trap"",""trap latino""]"
2023,8,1,66,null,Khalid,"[""pop"",""pop r&b""]"
2023,8,1,67,null,Chris Brown,"[""r&b"",""rap""]"
2023,8,1,68,null,Steve Lacy,"[""afrofuturism""]"
2023,8,1,69,null,Jason Aldean,"[""contemporary country"",""country"",""country road"",""modern country rock""]"
2023,8,1,70,null,Lil Peep,"[""cloud rap"",""emo rap"",""lgbtq+ hip hop""]"
2023,8,1,71,null,Imagine Dragons,"[""modern rock"",""pop"",""rock""]"
2023,8,1,72,null,NF,"[""hip hop"",""pop rap""]"
2023,8,1,73,null,Fall Out Boy,"[""emo"",""modern rock"",""pop"",""rock""]"
2023,8,1,74,null,Feid,"[""colombian pop"",""pop reggaeton"",""reggaeton"",""reggaeton colombiano"",""trap latino"",""urbano latino""]"
2023,8,1,75,null,Miley Cyrus,"[""pop""]"
2023,8,1,76,null,Kali Uchis,"[""colombian pop""]"
2023,8,1,77,null,Jelly Roll,"[""country rap"",""nashville hip hop"",""tennessee hip hop""]"
2023,8,1,78,null,Linkin Park,"[""alternative metal"",""nu metal"",""post-grunge"",""rap metal"",""rock""]"
2023,8,1,79,null,The Beatles,"[""british invasion"",""classic rock"",""merseybeat"",""psychedelic rock"",""rock""]"
2023,8,1,80,null,A$AP Rocky,"[""east coast hip hop"",""hip hop"",""rap"",""trap""]"
2023,8,1,81,null,A Boogie Wit da Hoodie,"[""melodic rap"",""rap"",""trap""]"
2023,8,1,82,null,Fleetwood Mac,"[""album rock"",""classic rock"",""rock"",""soft rock"",""yacht rock""]"
2023,8,1,83,null,Calvin Harris,"[""dance pop"",""edm"",""electro house"",""house"",""pop"",""pop dance"",""progressive house"",""uk dance""]"
2023,8,1,84,null,Lady Gaga,"[""corridos tumbados"",""sad sierreno""]"
2023,8,1,85,null,Luis R Conriquez,"[""corrido"",""corridos tumbados"",""norteno"",""sad sierreno"",""sierreno""]"
2023,8,1,86,null,BTS,"[""k-pop"",""k-pop boy group"",""pop""]"
2023,8,1,87,null,Melanie Martinez,"[""alt z"",""electropop"",""pop""]"
2023,8,1,88,null,Carin Leon,"[""corrido"",""musica mexicana"",""sad sierreno"",""sierreno""]"
2023,8,1,89,null,Cardi B,"[""pop"",""rap""]"
2023,8,1,90,null,Coldplay,"[""permanent wave"",""pop""]"
2023,8,1,91,null,Tory Lanez,"[""canadian hip hop"",""canadian trap"",""melodic rap"",""pop rap"",""r&b"",""rap"",""trap""]"
2023,8,1,92,null,Baby Keem,"[""hip hop"",""rap""]"
2023,8,1,93,null,Arctic Monkeys,"[""garage rock"",""modern rock"",""permanent wave"",""rock"",""sheffield indie""]"
2023,8,1,94,null,Hozier,"[""irish singer-songwriter"",""modern rock"",""pov: indie""]"
2023,8,1,95,null,Bailey Zimmerman,"[""contemporary country"",""modern country pop""]"
2023,8,1,96,null,Moneybagg Yo,"[""memphis hip hop"",""rap"",""southern hip hop"",""tennessee hip hop"",""trap""]"
2023,8,1,97,null,Lil Tjay,"[""brooklyn drill"",""melodic rap"",""nyc rap"",""rap""]"
2023,8,1,98,null,Paramore,"[""candy pop"",""modern rock"",""pixie"",""pop"",""pop emo"",""pop punk"",""rock""]"
2023,8,1,99,null,Maroon 5,"[""pop""]"
2023,8,1,100,null,The Neighbourhood,"[""modern alternative rock"",""modern rock"",""pop"",""pov: indie""]"
2023,8,1,101,null,Shakira,"[""colombian pop"",""dance pop"",""latin pop"",""pop""]"
2023,8,1,102,null,JAY-Z,"[""east coast hip hop"",""gangster rap"",""hip hop"",""pop rap"",""rap""]"
2023,8,1,103,null,Dominic Fike,"[""alternative pop rock"",""pov: indie""]"
2023,8,1,104,null,Tame Impala,"[""australian psych"",""modern rock"",""neo-psychedelic"",""rock""]"
2023,8,1,105,null,Halsey,"[""electropop"",""etherpop"",""indie poptimism"",""pop""]"
2023,8,1,106,null,Katy Perry,"[""pop""]"
2023,8,1,107,null,David Guetta,"[""big room"",""dance pop"",""edm"",""pop"",""pop dance""]"
2023,8,1,108,null,Daddy Yankee,"[""latin hip hop"",""reggaeton"",""trap latino"",""urbano latino""]"
2023,8,1,109,null,Marshmello,"[""brostep"",""edm"",""pop"",""progressive electro house""]"
2023,8,1,110,null,NLE Choppa,"[""memphis hip hop"",""rap""]"
2023,8,1,111,null,HARDY,[]
2023,8,1,112,null,Luke Bryan,"[""contemporary country"",""country"",""country road"",""modern country rock""]"
2023,8,1,113,null,J Balvin,"[""reggaeton"",""reggaeton colombiano"",""trap latino"",""urbano latino""]"
2023,8,1,114,null,Jordan Davis,"[""contemporary country"",""country road""]"
2023,8,1,115,null,Anuel AA,"[""reggaeton"",""reggaeton flow"",""trap boricua"",""trap latino"",""urbano latino""]"
2023,8,1,116,null,Don Toliver,"[""pop rap"",""rap"",""trap""]"
2023,8,1,117,null,DaBaby,"[""hip hop"",""north carolina hip hop"",""pop rap"",""rap"",""trap""]"
2023,8,1,118,null,Mac DeMarco,"[""edmonton indie"",""lo-fi indie"",""pov: indie""]"
2023,8,1,119,null,Ivan Cornejo,"[""sad sierreno""]"
2023,8,1,120,null,Myke Towers,"[""reggaeton"",""trap latino"",""urbano latino""]"
2023,8,1,121,null,Odetari,"[""sigilkore"",""sped up""]"
2023,8,1,122,null,Deftones,"[""alternative metal"",""nu metal"",""rap metal"",""rock"",""sacramento indie""]"
2023,8,1,123,null,Sam Smith,"[""pop"",""uk pop""]"
2023,8,1,124,null,LUCKI,"[""plugg""]"
2023,8,1,125,null,King Von,"[""chicago rap""]"
2023,8,1,126,null,Aqua,[]
2023,8,1,127,null,Queen,"[""k-pop girl group""]"
2023,8,1,128,null,Summer Walker,"[""r&b"",""rap""]"
2023,8,1,129,null,Childish Gambino,"[""atl hip hop"",""hip hop"",""rap""]"
2023,8,1,130,null,PinkPantheress,"[""bedroom pop""]"
2023,8,1,131,null,Adele,"[""british soul"",""pop"",""pop soul"",""uk pop""]"
2023,8,1,132,null,Metallica,"[""hard rock"",""metal"",""old school thrash"",""rock"",""thrash metal""]"
2023,8,1,133,null,Pop Smoke,"[""brooklyn drill"",""rap""]"
2023,8,1,134,null,Red Hot Chili Peppers,"[""alternative rock"",""funk metal"",""funk rock"",""permanent wave"",""rock""]"
2023,8,1,135,null,Gabito Ballesteros,"[""corrido"",""corridos tumbados"",""musica mexicana"",""sad sierreno"",""sierreno""]"
2023,8,1,136,null,Lin-Manuel Miranda,"[""broadway"",""show tunes""]"
2023,8,1,137,null,Latto,"[""trap queen""]"
2023,8,1,138,null,TV Girl,"[""pov: indie""]"
2023,8,1,139,null,Nirvana,"[""grunge"",""permanent wave"",""rock""]"
2023,8,1,140,null,Bryson Tiller,"[""kentucky hip hop"",""r&b"",""rap""]"
2023,8,1,141,null,Ozuna,"[""puerto rican pop"",""reggaeton"",""trap latino"",""urbano latino""]"
2023,8,1,142,null,Elton John,"[""glam rock"",""mellow gold"",""piano rock"",""rock""]"
2023,8,1,143,null,Jon Pardi,"[""contemporary country"",""country"",""country road"",""modern country rock""]"
2023,8,1,144,null,Key Glock,"[""memphis hip hop"",""rap"",""southern hip hop"",""tennessee hip hop"",""trap""]"
2023,8,1,145,null,Mitski,"[""brooklyn indie"",""pov: indie""]"
2023,8,1,146,null,Michael Jackson,"[""r&b"",""soul""]"
2023,8,1,147,null,OneRepublic,"[""piano rock"",""pop""]"
2023,8,1,148,null,Jack Harlow,"[""deep underground hip hop"",""kentucky hip hop"",""pop rap"",""rap""]"
2023,8,1,149,null,Laufey,"[""gen z singer-songwriter""]"
2023,8,1,150,null,Kane Brown,"[""black americana"",""contemporary country"",""country"",""country road""]"
2023,8,1,151,null,Joji,"[""viral pop""]"
2023,8,1,152,null,Diplo,"[""dance pop"",""edm"",""electro house"",""moombahton"",""pop dance""]"
2023,8,1,153,null,Rob49,"[""new orleans rap""]"
2023,8,1,154,null,Creedence Clearwater Revival,"[""classic rock"",""country rock"",""rock"",""southern rock"",""swamp rock""]"
2023,8,1,155,null,One Direction,"[""boy band"",""pop"",""post-teen pop"",""talent show""]"
2023,8,1,156,null,Daniel Caesar,"[""canadian contemporary r&b""]"
2023,8,1,157,null,Megan Thee Stallion,"[""houston rap"",""pop"",""r&b"",""rap"",""trap queen""]"
2023,8,1,158,null,The Kid LAROI,"[""australian hip hop""]"
2023,8,1,159,null,Pitbull,"[""dance pop"",""miami hip hop"",""pop""]"
2023,8,1,160,null,2Pac,"[""g funk"",""gangster rap"",""hip hop"",""rap"",""west coast rap""]"
2023,8,1,161,null,Thomas Rhett,"[""contemporary country"",""country"",""country road"",""modern country rock""]"
2023,8,1,162,null,Lil Tecca,"[""melodic rap"",""pluggnb"",""rap""]"
2023,8,1,163,null,Cigarettes After Sex,"[""ambient pop"",""dream pop"",""el paso indie"",""shoegaze""]"
2023,8,1,164,null,Tainy,"[""pop reggaeton"",""reggaeton"",""trap latino"",""urbano latino""]"
2023,8,1,165,null,Offset,"[""atl hip hop"",""hip hop"",""pop rap"",""rap"",""trap""]"
2023,8,1,166,null,Zac Brown Band,"[""contemporary country"",""country"",""country road"",""modern country rock""]"
2023,8,1,167,null,Florida Georgia Line,"[""contemporary country"",""country"",""country pop"",""country road"",""modern country rock""]"
2023,8,1,168,null,P!nk,"[""dance pop"",""pop""]"
2023,8,1,169,null,James Blake,"[""art pop"",""indie soul"",""indietronica"",""uk alternative pop""]"
2023,8,1,170,null,Selena Gomez,"[""pop"",""post-teen pop""]"
2023,8,1,171,null,Teezo Touchdown,[]
2023,8,1,172,null,George Strait,"[""contemporary country"",""country"",""country road""]"
2023,8,1,173,null,Stray Kids,"[""k-pop"",""k-pop boy group"",""pop""]"
2023,8,1,174,null,Lizzo,"[""escape room"",""minnesota hip hop"",""pop"",""trap queen""]"
2023,8,1,175,null,Young Dolph,"[""memphis hip hop"",""rap"",""southern hip hop"",""tennessee hip hop"",""trap""]"
2023,8,1,176,null,AC/DC,"[""australian rock"",""hard rock"",""rock""]"
2023,8,1,177,null,Machine Gun Kelly,"[""ohio hip hop"",""pop rap""]"
2023,8,1,178,null,Jonas Brothers,"[""boy band"",""pop""]"
2023,8,1,179,null,Radiohead,"[""alternative rock"",""art rock"",""melancholia"",""oxford indie"",""permanent wave"",""rock""]"
2023,8,1,180,null,Central Cee,"[""melodic drill""]"
2023,8,1,181,null,USHER,"[""atl hip hop"",""contemporary r&b"",""dance pop"",""pop"",""r&b"",""rap"",""south carolina hip hop"",""urban contemporary""]"
2023,8,1,182,null,Cody Johnson,"[""classic texas country"",""contemporary country""]"
2023,8,1,183,null,The Rolling Stones,"[""album rock"",""british invasion"",""classic rock"",""rock""]"
2023,8,1,184,null,Kenny Chesney,"[""contemporary country"",""country"",""country road""]"
2023,8,1,185,null,Panic! At The Disco,"[""modern rock"",""pop""]"
2023,8,1,186,null,Jung Kook,"[""k-pop""]"
2023,8,1,187,null,PARTYNEXTDOOR,"[""r&b"",""rap"",""urban contemporary""]"
2023,8,1,188,null,Miguel,"[""r&b"",""urban contemporary""]"
2023,8,1,189,null,Eric Church,"[""contemporary country"",""country"",""country road"",""modern country rock""]"
2023,8,1,190,null,Billy Joel,"[""album rock"",""classic rock"",""heartland rock"",""mellow gold"",""piano rock"",""rock"",""singer-songwriter"",""soft rock""]"
2023,8,1,191,null,50 Cent,"[""east coast hip hop"",""gangster rap"",""hip hop"",""pop rap"",""queens hip hop"",""rap""]"
2023,8,1,192,null,Gucci Mane,"[""atl hip hop"",""dirty south rap"",""hip hop"",""pop rap"",""rap"",""southern hip hop"",""trap""]"
2023,8,1,193,null,blink-182,"[""alternative metal"",""modern rock"",""pop punk"",""punk"",""rock"",""socal pop punk""]"
2023,8,1,194,null,Russ,[]
2023,8,1,195,null,Eagles,"[""album rock"",""classic rock"",""heartland rock"",""mellow gold"",""rock"",""soft rock"",""yacht rock""]"
2023,8,1,196,null,Twenty One Pilots,"[""modern rock"",""pop"",""pov: indie"",""rock""]"
2023,8,1,197,null,Romeo Santos,"[""bachata"",""latin hip hop"",""latin pop"",""urbano latino""]"
2023,8,1,198,null,Green Day,"[""modern rock"",""permanent wave"",""punk"",""rock""]"
2023,8,1,199,null,Roddy Ricch,"[""melodic rap"",""rap"",""trap""]"
2023,8,1,200,null,The Lumineers,"[""folk-pop"",""modern rock"",""stomp and holler""]"
2023,9,1,1,null,Taylor Swift,"[""pop""]"
2023,9,1,2,null,Drake,"[""canadian hip hop"",""canadian pop"",""hip hop"",""pop rap"",""rap""]"
2023,9,1,3,null,Zach Bryan,"[""classic oklahoma country"",""modern country pop""]"
2023,9,1,4,null,Travis Scott,"[""hip hop"",""rap"",""slap house""]"
2023,9,1,5,null,Morgan Wallen,"[""contemporary country""]"
2023,9,1,6,null,Peso Pluma,"[""corrido"",""corridos tumbados"",""sad sierreno"",""sierreno""]"
2023,9,1,7,null,The Weeknd,"[""canadian contemporary r&b"",""canadian pop"",""pop""]"
2023,9,1,8,null,21 Savage,"[""atl hip hop"",""hip hop"",""rap""]"
2023,9,1,9,null,Kanye West,"[""chicago rap"",""hip hop"",""rap""]"
2023,9,1,10,null,Bad Bunny,"[""reggaeton"",""trap latino"",""urbano latino""]"
2023,9,1,11,null,Future,"[""atl hip hop"",""hip hop"",""rap"",""southern hip hop"",""trap""]"
2023,9,1,12,null,SZA,"[""pop"",""r&b"",""rap""]"
2023,9,1,13,null,$uicideboy$,"[""cloud rap"",""dark trap"",""new orleans rap"",""underground hip hop""]"
2023,9,1,14,null,Post Malone,"[""dfw rap"",""melodic rap"",""pop"",""rap""]"
2023,9,1,15,null,Metro Boomin,"[""rap""]"
2023,9,1,16,null,KAROL G,"[""reggaeton"",""reggaeton colombiano"",""trap latino"",""urbano latino""]"
2023,9,1,17,null,Kendrick Lamar,"[""conscious hip hop"",""hip hop"",""rap"",""west coast rap""]"
2023,9,1,18,null,Doja Cat,"[""dance pop"",""pop""]"
2023,9,1,19,null,Lana Del Rey,"[""art pop"",""pop""]"
2023,9,1,20,null,Lil Baby,"[""atl hip hop"",""atl trap"",""rap"",""trap""]"
2023,9,1,21,null,Juice WRLD,"[""chicago rap"",""melodic rap"",""rap""]"
2023,9,1,22,null,J. Cole,"[""conscious hip hop"",""hip hop"",""north carolina hip hop"",""rap""]"
2023,9,1,23,null,Lil Uzi Vert,"[""hip hop"",""melodic rap"",""philly rap"",""rage rap"",""rap""]"
2023,9,1,24,null,Jimmy Buffett,"[""trop rock""]"
2023,9,1,25,null,Luke Combs,"[""contemporary country"",""country""]"
2023,9,1,26,null,YoungBoy Never Broke Again,"[""baton rouge rap"",""rap""]"
2023,9,1,27,null,Junior H,"[""corrido"",""corridos tumbados"",""musica mexicana"",""sad sierreno"",""sierreno""]"
2023,9,1,28,null,Nicki Minaj,"[""hip pop"",""pop"",""queens hip hop"",""rap""]"
2023,9,1,29,null,Gunna,"[""atl hip hop"",""melodic rap"",""rap"",""trap""]"
2023,9,1,30,null,"Tyler, The Creator","[""hip hop"",""rap""]"
2023,9,1,31,null,Billie Eilish,"[""indie hip hop""]"
2023,9,1,32,null,Eminem,"[""detroit hip hop"",""hip hop"",""rap""]"
2023,9,1,33,null,Rihanna,"[""barbadian pop"",""pop"",""urban contemporary""]"
2023,9,1,34,null,Noah Kahan,"[""pov: indie""]"
2023,9,1,35,null,Beyoncé,"[""pop"",""r&b""]"
2023,9,1,36,null,Playboi Carti,"[""atl hip hop"",""plugg"",""pluggnb"",""rage rap"",""rap""]"
2023,9,1,37,null,Fuerza Regida,"[""corrido"",""corridos tumbados"",""sad sierreno"",""sierreno""]"
2023,9,1,38,null,Olivia Rodrigo,"[""pop""]"
2023,9,1,39,null,Mac Miller,"[""hip hop"",""pittsburgh rap"",""pop rap"",""rap""]"
2023,9,1,40,null,XXXTENTACION,"[""emo rap"",""miami hip hop""]"
2023,9,1,41,null,Ariana Grande,"[""pop""]"
2023,9,1,42,null,Lil Durk,"[""chicago drill"",""chicago rap"",""drill"",""hip hop"",""rap"",""trap""]"
2023,9,1,43,null,Brent Faiyaz,"[""r&b"",""rap""]"
2023,9,1,44,null,Tyler Childers,"[""kentucky indie"",""kentucky roots"",""outlaw country""]"
2023,9,1,45,null,Lil Wayne,"[""hip hop"",""new orleans rap"",""pop rap"",""rap"",""trap""]"
2023,9,1,46,null,Rod Wave,"[""florida rap""]"
2023,9,1,47,null,Frank Ocean,"[""lgbtq+ hip hop"",""neo soul""]"
2023,9,1,48,null,Grupo Frontera,"[""musica chihuahuense""]"
2023,9,1,49,null,Bruno Mars,"[""dance pop"",""pop""]"
2023,9,1,50,null,Hozier,"[""irish singer-songwriter"",""modern rock"",""pov: indie""]"
2023,9,1,51,null,Polo G,"[""chicago rap"",""rap""]"
2023,9,1,52,null,Miley Cyrus,"[""pop""]"
2023,9,1,53,null,Young Thug,"[""atl hip hop"",""atl trap"",""gangster rap"",""melodic rap"",""rap"",""trap""]"
2023,9,1,54,null,Trippie Redd,"[""melodic rap"",""rap"",""trap""]"
2023,9,1,55,null,Justin Bieber,"[""canadian pop"",""pop""]"
2023,9,1,56,null,Chris Stapleton,"[""contemporary country"",""outlaw country""]"
2023,9,1,57,null,Yeat,"[""canadian hip hop"",""canadian pop"",""hip hop"",""pop rap"",""rap""]"
2023,9,1,58,null,Harry Styles,"[""pop""]"
2023,9,1,59,null,Kodak Black,"[""florida drill"",""florida rap"",""melodic rap"",""miami hip hop"",""rap"",""trap"",""trap latino""]"
2023,9,1,60,null,Steve Lacy,"[""afrofuturism""]"
2023,9,1,61,null,Ed Sheeran,"[""pop"",""singer-songwriter pop"",""uk pop""]"
2023,9,1,62,null,Lil Peep,"[""cloud rap"",""emo rap"",""lgbtq+ hip hop""]"
2023,9,1,63,null,Kali Uchis,"[""colombian pop""]"
2023,9,1,64,null,Rauw Alejandro,"[""puerto rican pop"",""reggaeton"",""trap latino"",""urbano latino""]"
2023,9,1,65,null,Natanael Cano,"[""corrido"",""corridos tumbados"",""musica mexicana"",""sad sierreno"",""sierreno""]"
2023,9,1,66,null,Chris Brown,"[""r&b"",""rap""]"
2023,9,1,67,null,Ice Spice,"[""bronx drill""]"
2023,9,1,68,null,Arctic Monkeys,"[""garage rock"",""modern rock"",""permanent wave"",""rock"",""sheffield indie""]"
2023,9,1,69,null,Dua Lipa,"[""dance pop"",""pop"",""uk pop""]"
2023,9,1,70,null,Eslabon Armado,"[""corrido"",""corridos tumbados"",""sad sierreno"",""sierreno""]"
2023,9,1,71,null,Fleetwood Mac,"[""album rock"",""classic rock"",""rock"",""soft rock"",""yacht rock""]"
2023,9,1,72,null,Imagine Dragons,"[""modern rock"",""pop"",""rock""]"
2023,9,1,73,null,Carin Leon,"[""corrido"",""musica mexicana"",""sad sierreno"",""sierreno""]"
2023,9,1,74,null,Feid,"[""colombian pop"",""pop reggaeton"",""reggaeton"",""reggaeton colombiano"",""trap latino"",""urbano latino""]"
2023,9,1,75,null,Khalid,"[""pop"",""pop r&b""]"
2023,9,1,76,null,A Boogie Wit da Hoodie,"[""melodic rap"",""rap"",""trap""]"
2023,9,1,77,null,Odetari,"[""sigilkore"",""sped up""]"
2023,9,1,78,null,Kacey Musgraves,"[""classic texas country"",""contemporary country"",""country dawn""]"
2023,9,1,79,null,A$AP Rocky,"[""east coast hip hop"",""hip hop"",""rap"",""trap""]"
2023,9,1,80,null,The Lumineers,"[""folk-pop"",""modern rock"",""stomp and holler""]"
2023,9,1,81,null,The Beatles,"[""british invasion"",""classic rock"",""merseybeat"",""psychedelic rock"",""rock""]"
2023,9,1,82,null,Linkin Park,"[""alternative metal"",""nu metal"",""post-grunge"",""rap metal"",""rock""]"
2023,9,1,83,null,The Neighbourhood,"[""modern alternative rock"",""modern rock"",""pop"",""pov: indie""]"
2023,9,1,84,null,Baby Keem,"[""hip hop"",""rap""]"
2023,9,1,85,null,Tory Lanez,"[""canadian hip hop"",""canadian trap"",""melodic rap"",""pop rap"",""r&b"",""rap"",""trap""]"
2023,9,1,86,null,NF,"[""hip hop"",""pop rap""]"
2023,9,1,87,null,Coldplay,"[""permanent wave"",""pop""]"
2023,9,1,88,null,Lady Gaga,"[""corridos tumbados"",""sad sierreno""]"
2023,9,1,89,null,NewJeans,"[""k-pop"",""k-pop girl group""]"
2023,9,1,90,null,Jelly Roll,"[""country rap"",""nashville hip hop"",""tennessee hip hop""]"
2023,9,1,91,null,NLE Choppa,"[""memphis hip hop"",""rap""]"
2023,9,1,92,null,Oliver Anthony Music,"[""modern country pop""]"
2023,9,1,93,null,BTS,"[""k-pop"",""k-pop boy group"",""pop""]"
2023,9,1,94,null,Mac DeMarco,"[""edmonton indie"",""lo-fi indie"",""pov: indie""]"
2023,9,1,95,null,Selena Gomez,"[""pop"",""post-teen pop""]"
2023,9,1,96,null,Deftones,"[""alternative metal"",""nu metal"",""rap metal"",""rock"",""sacramento indie""]"
2023,9,1,97,null,Fall Out Boy,"[""emo"",""modern rock"",""pop"",""rock""]"
2023,9,1,98,null,Kid Cudi,"[""hip hop"",""ohio hip hop"",""pop rap"",""rap""]"
2023,9,1,99,null,Bailey Zimmerman,"[""contemporary country"",""modern country pop""]"
2023,9,1,100,null,JAY-Z,"[""east coast hip hop"",""gangster rap"",""hip hop"",""pop rap"",""rap""]"
2023,9,1,101,null,TV Girl,"[""pov: indie""]"
2023,9,1,102,null,Melanie Martinez,"[""alt z"",""electropop"",""pop""]"
2023,9,1,103,null,Luis R Conriquez,"[""corrido"",""corridos tumbados"",""norteno"",""sad sierreno"",""sierreno""]"
2023,9,1,104,null,Marshmello,"[""brostep"",""edm"",""pop"",""progressive electro house""]"
2023,9,1,105,null,Summer Walker,"[""r&b"",""rap""]"
2023,9,1,106,null,Adele,"[""british soul"",""pop"",""pop soul"",""uk pop""]"
2023,9,1,107,null,Maroon 5,"[""pop""]"
2023,9,1,108,null,Key Glock,"[""memphis hip hop"",""rap"",""southern hip hop"",""tennessee hip hop"",""trap""]"
2023,9,1,109,null,Childish Gambino,"[""atl hip hop"",""hip hop"",""rap""]"
2023,9,1,110,null,LUCKI,"[""plugg""]"
2023,9,1,111,null,Lil Tecca,"[""melodic rap"",""pluggnb"",""rap""]"
2023,9,1,112,null,Daniel Caesar,"[""canadian contemporary r&b""]"
2023,9,1,113,null,Moneybagg Yo,"[""memphis hip hop"",""rap"",""southern hip hop"",""tennessee hip hop"",""trap""]"
2023,9,1,114,null,Jason Aldean,"[""contemporary country"",""country"",""country road"",""modern country rock""]"
2023,9,1,115,null,Metallica,"[""hard rock"",""metal"",""old school thrash"",""rock"",""thrash metal""]"
2023,9,1,116,null,Calvin Harris,"[""dance pop"",""edm"",""electro house"",""house"",""pop"",""pop dance"",""progressive house"",""uk dance""]"
2023,9,1,117,null,Halsey,"[""electropop"",""etherpop"",""indie poptimism"",""pop""]"
2023,9,1,118,null,Laufey,"[""gen z singer-songwriter""]"
2023,9,1,119,null,Anuel AA,"[""reggaeton"",""reggaeton flow"",""trap boricua"",""trap latino"",""urbano latino""]"
2023,9,1,120,null,Bryson Tiller,"[""kentucky hip hop"",""r&b"",""rap""]"
2023,9,1,121,null,Katy Perry,"[""pop""]"
2023,9,1,122,null,HARDY,[]
2023,9,1,123,null,Tame Impala,"[""australian psych"",""modern rock"",""neo-psychedelic"",""rock""]"
2023,9,1,124,null,J Balvin,"[""reggaeton"",""reggaeton colombiano"",""trap latino"",""urbano latino""]"
2023,9,1,125,null,David Guetta,"[""big room"",""dance pop"",""edm"",""pop"",""pop dance""]"
2023,9,1,126,null,Cardi B,"[""pop"",""rap""]"
2023,9,1,127,null,Don Toliver,"[""pop rap"",""rap"",""trap""]"
2023,9,1,128,null,Pop Smoke,"[""brooklyn drill"",""rap""]"
2023,9,1,129,null,Luke Bryan,"[""contemporary country"",""country"",""country road"",""modern country rock""]"
2023,9,1,130,null,Shakira,"[""colombian pop"",""dance pop"",""latin pop"",""pop""]"
2023,9,1,131,null,DaBaby,"[""hip hop"",""north carolina hip hop"",""pop rap"",""rap"",""trap""]"
2023,9,1,132,null,Daddy Yankee,"[""latin hip hop"",""reggaeton"",""trap latino"",""urbano latino""]"
2023,9,1,133,null,Queen,"[""k-pop girl group""]"
2023,9,1,134,null,Myke Towers,"[""reggaeton"",""trap latino"",""urbano latino""]"
2023,9,1,135,null,Gabito Ballesteros,"[""corrido"",""corridos tumbados"",""musica mexicana"",""sad sierreno"",""sierreno""]"
2023,9,1,136,null,Cigarettes After Sex,"[""ambient pop"",""dream pop"",""el paso indie"",""shoegaze""]"
2023,9,1,137,null,Nirvana,"[""grunge"",""permanent wave"",""rock""]"
2023,9,1,138,null,Michael Jackson,"[""r&b"",""soul""]"
2023,9,1,139,null,Lin-Manuel Miranda,"[""broadway"",""show tunes""]"
2023,9,1,140,null,Lil Tjay,"[""brooklyn drill"",""melodic rap"",""nyc rap"",""rap""]"
2023,9,1,141,null,Joji,"[""viral pop""]"
2023,9,1,142,null,Jonas Brothers,"[""boy band"",""pop""]"
2023,9,1,143,null,PinkPantheress,"[""bedroom pop""]"
2023,9,1,144,null,King Von,"[""chicago rap""]"
2023,9,1,145,null,Red Hot Chili Peppers,"[""alternative rock"",""funk metal"",""funk rock"",""permanent wave"",""rock""]"
2023,9,1,146,null,Zac Brown Band,"[""contemporary country"",""country"",""country road"",""modern country rock""]"
2023,9,1,147,null,Jhayco,"[""reggaeton"",""trap latino"",""urbano latino""]"
2023,9,1,148,null,Radiohead,"[""alternative rock"",""art rock"",""melancholia"",""oxford indie"",""permanent wave"",""rock""]"
2023,9,1,149,null,Ozuna,"[""puerto rican pop"",""reggaeton"",""trap latino"",""urbano latino""]"
2023,9,1,150,null,Jordan Davis,"[""contemporary country"",""country road""]"
2023,9,1,151,null,Elton John,"[""glam rock"",""mellow gold"",""piano rock"",""rock""]"
2023,9,1,152,null,That Mexican OT,"[""texas latin rap""]"
2023,9,1,153,null,Paramore,"[""candy pop"",""modern rock"",""pixie"",""pop"",""pop emo"",""pop punk"",""rock""]"
2023,9,1,154,null,George Strait,"[""contemporary country"",""country"",""country road""]"
2023,9,1,155,null,Mora,"[""alt z""]"
2023,9,1,156,null,Jack Harlow,"[""deep underground hip hop"",""kentucky hip hop"",""pop rap"",""rap""]"
2023,9,1,157,null,Mitski,"[""brooklyn indie"",""pov: indie""]"
2023,9,1,158,null,Dominic Fike,"[""alternative pop rock"",""pov: indie""]"
2023,9,1,159,null,Jon Pardi,"[""contemporary country"",""country"",""country road"",""modern country rock""]"
2023,9,1,160,null,Cody Johnson,"[""classic texas country"",""contemporary country""]"
2023,9,1,161,null,Green Day,"[""modern rock"",""permanent wave"",""punk"",""rock""]"
2023,9,1,162,null,Creedence Clearwater Revival,"[""classic rock"",""country rock"",""rock"",""southern rock"",""swamp rock""]"
2023,9,1,163,null,PARTYNEXTDOOR,"[""r&b"",""rap"",""urban contemporary""]"
2023,9,1,164,null,2Pac,"[""g funk"",""gangster rap"",""hip hop"",""rap"",""west coast rap""]"
2023,9,1,165,null,Ivan Cornejo,"[""sad sierreno""]"
2023,9,1,166,null,Russ,[]
2023,9,1,167,null,Swae Lee,"[""dfw rap"",""melodic rap"",""pop"",""rap""]"
2023,9,1,168,null,Miguel,"[""r&b"",""urban contemporary""]"
2023,9,1,169,null,USHER,"[""atl hip hop"",""contemporary r&b"",""dance pop"",""pop"",""r&b"",""rap"",""south carolina hip hop"",""urban contemporary""]"
2023,9,1,170,null,Pitbull,"[""dance pop"",""miami hip hop"",""pop""]"
2023,9,1,171,null,Lil Yachty,"[""atl hip hop"",""melodic rap"",""rap"",""trap""]"
2023,9,1,172,null,Sam Smith,"[""pop"",""uk pop""]"
2023,9,1,173,null,Maluma,"[""latin pop"",""reggaeton"",""reggaeton colombiano"",""trap latino"",""urbano latino""]"
2023,9,1,174,null,One Direction,"[""boy band"",""pop"",""post-teen pop"",""talent show""]"
2023,9,1,175,null,Diplo,"[""dance pop"",""edm"",""electro house"",""moombahton"",""pop dance""]"
2023,9,1,176,null,Grupo Firme,"[""musica mexicana"",""norteno"",""sierreno""]"
2023,9,1,177,null,Megan Thee Stallion,"[""houston rap"",""pop"",""r&b"",""rap"",""trap queen""]"
2023,9,1,178,null,OneRepublic,"[""piano rock"",""pop""]"
2023,9,1,179,null,Eric Church,"[""contemporary country"",""country"",""country road"",""modern country rock""]"
2023,9,1,180,null,Kane Brown,"[""black americana"",""contemporary country"",""country"",""country road""]"
2023,9,1,181,null,Young Miko,"[""trap latino"",""urbano latino""]"
2023,9,1,182,null,Stray Kids,"[""k-pop"",""k-pop boy group"",""pop""]"
2023,9,1,183,null,Latto,"[""trap queen""]"
2023,9,1,184,null,AC/DC,"[""australian rock"",""hard rock"",""rock""]"
2023,9,1,185,null,Young Dolph,"[""memphis hip hop"",""rap"",""southern hip hop"",""tennessee hip hop"",""trap""]"
2023,9,1,186,null,Gucci Mane,"[""atl hip hop"",""dirty south rap"",""hip hop"",""pop rap"",""rap"",""southern hip hop"",""trap""]"
2023,9,1,187,null,Sleepy Hallow,"[""brooklyn drill"",""nyc rap""]"
2023,9,1,188,null,Romeo Santos,"[""bachata"",""latin hip hop"",""latin pop"",""urbano latino""]"
2023,9,1,189,null,Migos,"[""atl hip hop"",""hip hop"",""pop rap"",""rap"",""trap""]"
2023,9,1,190,null,Justin Timberlake,"[""dance pop"",""pop""]"
2023,9,1,191,null,JID,"[""hip hop"",""pop rap"",""rap"",""underground hip hop""]"
2023,9,1,192,null,50 Cent,"[""east coast hip hop"",""gangster rap"",""hip hop"",""pop rap"",""queens hip hop"",""rap""]"
2023,9,1,193,null,Machine Gun Kelly,"[""ohio hip hop"",""pop rap""]"
2023,9,1,194,null,The Kid LAROI,"[""australian hip hop""]"
2023,9,1,195,null,Conan Gray,"[""bedroom pop"",""pop"",""pov: indie""]"
2023,9,1,196,null,Tiësto,"[""big room"",""brostep"",""dutch edm"",""edm"",""house"",""pop dance"",""slap house"",""trance""]"
2023,9,1,197,null,Panic! At The Disco,"[""modern rock"",""pop""]"
2023,9,1,198,null,Jhené Aiko,"[""r&b""]"
2023,9,1,199,null,Florida Georgia Line,"[""contemporary country"",""country"",""country pop"",""country road"",""modern country rock""]"
2023,9,1,200,null,Kenny Chesney,"[""contemporary country"",""country"",""country road""]"
2023,10,1,1,null,Taylor Swift,"[""pop""]"
2023,10,1,2,null,Drake,"[""canadian hip hop"",""canadian pop"",""hip hop"",""pop rap"",""rap""]"
2023,10,1,3,null,Zach Bryan,"[""classic oklahoma country"",""modern country pop""]"
2023,10,1,4,null,Morgan Wallen,"[""contemporary country""]"
2023,10,1,5,null,Travis Scott,"[""hip hop"",""rap"",""slap house""]"
2023,10,1,6,null,Peso Pluma,"[""corrido"",""corridos tumbados"",""sad sierreno"",""sierreno""]"
2023,10,1,7,null,21 Savage,"[""atl hip hop"",""hip hop"",""rap""]"
2023,10,1,8,null,The Weeknd,"[""canadian contemporary r&b"",""canadian pop"",""pop""]"
2023,10,1,9,null,Kanye West,"[""chicago rap"",""hip hop"",""rap""]"
2023,10,1,10,null,SZA,"[""pop"",""r&b"",""rap""]"
2023,10,1,11,null,Bad Bunny,"[""reggaeton"",""trap latino"",""urbano latino""]"
2023,10,1,12,null,Olivia Rodrigo,"[""pop""]"
2023,10,1,13,null,$uicideboy$,"[""cloud rap"",""dark trap"",""new orleans rap"",""underground hip hop""]"
2023,10,1,14,null,Future,"[""atl hip hop"",""hip hop"",""rap"",""southern hip hop"",""trap""]"
2023,10,1,15,null,Doja Cat,"[""dance pop"",""pop""]"
2023,10,1,16,null,Metro Boomin,"[""rap""]"
2023,10,1,17,null,Lana Del Rey,"[""art pop"",""pop""]"
2023,10,1,18,null,Kendrick Lamar,"[""conscious hip hop"",""hip hop"",""rap"",""west coast rap""]"
2023,10,1,19,null,Post Malone,"[""dfw rap"",""melodic rap"",""pop"",""rap""]"
2023,10,1,20,null,J. Cole,"[""conscious hip hop"",""hip hop"",""north carolina hip hop"",""rap""]"
2023,10,1,21,null,Lil Baby,"[""atl hip hop"",""atl trap"",""rap"",""trap""]"
2023,10,1,22,null,Juice WRLD,"[""chicago rap"",""melodic rap"",""rap""]"
2023,10,1,23,null,Rod Wave,"[""florida rap""]"
2023,10,1,24,null,Noah Kahan,"[""pov: indie""]"
2023,10,1,25,null,Junior H,"[""corrido"",""corridos tumbados"",""musica mexicana"",""sad sierreno"",""sierreno""]"
2023,10,1,26,null,KAROL G,"[""reggaeton"",""reggaeton colombiano"",""trap latino"",""urbano latino""]"
2023,10,1,27,null,YoungBoy Never Broke Again,"[""baton rouge rap"",""rap""]"
2023,10,1,28,null,Lil Uzi Vert,"[""hip hop"",""melodic rap"",""philly rap"",""rage rap"",""rap""]"
2023,10,1,29,null,Luke Combs,"[""contemporary country"",""country""]"
2023,10,1,30,null,Lil Wayne,"[""hip hop"",""new orleans rap"",""pop rap"",""rap"",""trap""]"
2023,10,1,31,null,Rihanna,"[""barbadian pop"",""pop"",""urban contemporary""]"
2023,10,1,32,null,Eminem,"[""detroit hip hop"",""hip hop"",""rap""]"
2023,10,1,33,null,Gunna,"[""atl hip hop"",""melodic rap"",""rap"",""trap""]"
2023,10,1,34,null,"Tyler, The Creator","[""hip hop"",""rap""]"
2023,10,1,35,null,Billie Eilish,"[""indie hip hop""]"
2023,10,1,36,null,Fuerza Regida,"[""corrido"",""corridos tumbados"",""sad sierreno"",""sierreno""]"
2023,10,1,37,null,Ed Sheeran,"[""pop"",""singer-songwriter pop"",""uk pop""]"
2023,10,1,38,null,Playboi Carti,"[""atl hip hop"",""plugg"",""pluggnb"",""rage rap"",""rap""]"
2023,10,1,39,null,Brent Faiyaz,"[""r&b"",""rap""]"
2023,10,1,40,null,XXXTENTACION,"[""emo rap"",""miami hip hop""]"
2023,10,1,41,null,Mac Miller,"[""hip hop"",""pittsburgh rap"",""pop rap"",""rap""]"
2023,10,1,42,null,Frank Ocean,"[""lgbtq+ hip hop"",""neo soul""]"
2023,10,1,43,null,Lil Durk,"[""chicago drill"",""chicago rap"",""drill"",""hip hop"",""rap"",""trap""]"
2023,10,1,44,null,Nicki Minaj,"[""hip pop"",""pop"",""queens hip hop"",""rap""]"
2023,10,1,45,null,Bruno Mars,"[""dance pop"",""pop""]"
2023,10,1,46,null,Lil Tecca,"[""melodic rap"",""pluggnb"",""rap""]"
2023,10,1,47,null,Feid,"[""colombian pop"",""pop reggaeton"",""reggaeton"",""reggaeton colombiano"",""trap latino"",""urbano latino""]"
2023,10,1,48,null,Beyoncé,"[""pop"",""r&b""]"
2023,10,1,49,null,Mitski,"[""brooklyn indie"",""pov: indie""]"
2023,10,1,50,null,Ariana Grande,"[""pop""]"
2023,10,1,51,null,Hozier,"[""irish singer-songwriter"",""modern rock"",""pov: indie""]"
2023,10,1,52,null,Tyler Childers,"[""kentucky indie"",""kentucky roots"",""outlaw country""]"
2023,10,1,53,null,Grupo Frontera,"[""musica chihuahuense""]"
2023,10,1,54,null,Polo G,"[""chicago rap"",""rap""]"
2023,10,1,55,null,Justin Bieber,"[""canadian pop"",""pop""]"
2023,10,1,56,null,Steve Lacy,"[""afrofuturism""]"
2023,10,1,57,null,Chris Stapleton,"[""contemporary country"",""outlaw country""]"
2023,10,1,58,null,Natanael Cano,"[""corrido"",""corridos tumbados"",""musica mexicana"",""sad sierreno"",""sierreno""]"
2023,10,1,59,null,Kodak Black,"[""florida drill"",""florida rap"",""melodic rap"",""miami hip hop"",""rap"",""trap"",""trap latino""]"
2023,10,1,60,null,Trippie Redd,"[""melodic rap"",""rap"",""trap""]"
2023,10,1,61,null,Young Thug,"[""atl hip hop"",""atl trap"",""gangster rap"",""melodic rap"",""rap"",""trap""]"
2023,10,1,62,null,Yeat,"[""canadian hip hop"",""canadian pop"",""hip hop"",""pop rap"",""rap""]"
2023,10,1,63,null,Harry Styles,"[""pop""]"
2023,10,1,64,null,Carin Leon,"[""corrido"",""musica mexicana"",""sad sierreno"",""sierreno""]"
2023,10,1,65,null,Arctic Monkeys,"[""garage rock"",""modern rock"",""permanent wave"",""rock"",""sheffield indie""]"
2023,10,1,66,null,Kali Uchis,"[""colombian pop""]"
2023,10,1,67,null,A Boogie Wit da Hoodie,"[""melodic rap"",""rap"",""trap""]"
2023,10,1,68,null,Lil Peep,"[""cloud rap"",""emo rap"",""lgbtq+ hip hop""]"
2023,10,1,69,null,Coldplay,"[""permanent wave"",""pop""]"
2023,10,1,70,null,Chris Brown,"[""r&b"",""rap""]"
2023,10,1,71,null,Fleetwood Mac,"[""album rock"",""classic rock"",""rock"",""soft rock"",""yacht rock""]"
2023,10,1,72,null,Rauw Alejandro,"[""puerto rican pop"",""reggaeton"",""trap latino"",""urbano latino""]"
2023,10,1,73,null,The Neighbourhood,"[""modern alternative rock"",""modern rock"",""pop"",""pov: indie""]"
2023,10,1,74,null,Eslabon Armado,"[""corrido"",""corridos tumbados"",""sad sierreno"",""sierreno""]"
2023,10,1,75,null,Jack Harlow,"[""deep underground hip hop"",""kentucky hip hop"",""pop rap"",""rap""]"
2023,10,1,76,null,Imagine Dragons,"[""modern rock"",""pop"",""rock""]"
2023,10,1,77,null,Lady Gaga,"[""corridos tumbados"",""sad sierreno""]"
2023,10,1,78,null,Miley Cyrus,"[""pop""]"
2023,10,1,79,null,Khalid,"[""pop"",""pop r&b""]"
2023,10,1,80,null,Linkin Park,"[""alternative metal"",""nu metal"",""post-grunge"",""rap metal"",""rock""]"
2023,10,1,81,null,Odetari,"[""sigilkore"",""sped up""]"
2023,10,1,82,null,TV Girl,"[""pov: indie""]"
2023,10,1,83,null,Baby Keem,"[""hip hop"",""rap""]"
2023,10,1,84,null,Tate McRae,"[""alt z"",""pop""]"
2023,10,1,85,null,A$AP Rocky,"[""east coast hip hop"",""hip hop"",""rap"",""trap""]"
2023,10,1,86,null,Daniel Caesar,"[""canadian contemporary r&b""]"
2023,10,1,87,null,The Beatles,"[""british invasion"",""classic rock"",""merseybeat"",""psychedelic rock"",""rock""]"
2023,10,1,88,null,Dua Lipa,"[""dance pop"",""pop"",""uk pop""]"
2023,10,1,89,null,Tory Lanez,"[""canadian hip hop"",""canadian trap"",""melodic rap"",""pop rap"",""r&b"",""rap"",""trap""]"
2023,10,1,90,null,NF,"[""hip hop"",""pop rap""]"
2023,10,1,91,null,Laufey,"[""gen z singer-songwriter""]"
2023,10,1,92,null,Mac DeMarco,"[""edmonton indie"",""lo-fi indie"",""pov: indie""]"
2023,10,1,93,null,Jelly Roll,"[""country rap"",""nashville hip hop"",""tennessee hip hop""]"
2023,10,1,94,null,Moneybagg Yo,"[""memphis hip hop"",""rap"",""southern hip hop"",""tennessee hip hop"",""trap""]"
2023,10,1,95,null,Key Glock,"[""memphis hip hop"",""rap"",""southern hip hop"",""tennessee hip hop"",""trap""]"
2023,10,1,96,null,Shakira,"[""colombian pop"",""dance pop"",""latin pop"",""pop""]"
2023,10,1,97,null,Kid Cudi,"[""hip hop"",""ohio hip hop"",""pop rap"",""rap""]"
2023,10,1,98,null,Sleepy Hallow,"[""brooklyn drill"",""nyc rap""]"
2023,10,1,99,null,Summer Walker,"[""r&b"",""rap""]"
2023,10,1,100,null,Deftones,"[""alternative metal"",""nu metal"",""rap metal"",""rock"",""sacramento indie""]"
2023,10,1,101,null,Childish Gambino,"[""atl hip hop"",""hip hop"",""rap""]"
2023,10,1,102,null,Katy Perry,"[""pop""]"
2023,10,1,103,null,Gabito Ballesteros,"[""corrido"",""corridos tumbados"",""musica mexicana"",""sad sierreno"",""sierreno""]"
2023,10,1,104,null,Jung Kook,"[""k-pop""]"
2023,10,1,105,null,NLE Choppa,"[""memphis hip hop"",""rap""]"
2023,10,1,106,null,Ice Spice,"[""bronx drill""]"
2023,10,1,107,null,Adele,"[""british soul"",""pop"",""pop soul"",""uk pop""]"
2023,10,1,108,null,Fall Out Boy,"[""emo"",""modern rock"",""pop"",""rock""]"
2023,10,1,109,null,Maroon 5,"[""pop""]"
2023,10,1,110,null,Cardi B,"[""pop"",""rap""]"
2023,10,1,111,null,Luis R Conriquez,"[""corrido"",""corridos tumbados"",""norteno"",""sad sierreno"",""sierreno""]"
2023,10,1,112,null,JAY-Z,"[""east coast hip hop"",""gangster rap"",""hip hop"",""pop rap"",""rap""]"
2023,10,1,113,null,Bryson Tiller,"[""kentucky hip hop"",""r&b"",""rap""]"
2023,10,1,114,null,Anuel AA,"[""reggaeton"",""reggaeton flow"",""trap boricua"",""trap latino"",""urbano latino""]"
2023,10,1,115,null,Nirvana,"[""grunge"",""permanent wave"",""rock""]"
2023,10,1,116,null,The Lumineers,"[""folk-pop"",""modern rock"",""stomp and holler""]"
2023,10,1,117,null,BTS,"[""k-pop"",""k-pop boy group"",""pop""]"
2023,10,1,118,null,Lin-Manuel Miranda,"[""broadway"",""show tunes""]"
2023,10,1,119,null,LUCKI,"[""plugg""]"
2023,10,1,120,null,Halsey,"[""electropop"",""etherpop"",""indie poptimism"",""pop""]"
2023,10,1,121,null,Lil Yachty,"[""atl hip hop"",""melodic rap"",""rap"",""trap""]"
2023,10,1,122,null,Kacey Musgraves,"[""classic texas country"",""contemporary country"",""country dawn""]"
2023,10,1,123,null,Melanie Martinez,"[""alt z"",""electropop"",""pop""]"
2023,10,1,124,null,Joji,"[""viral pop""]"
2023,10,1,125,null,Bailey Zimmerman,"[""contemporary country"",""modern country pop""]"
2023,10,1,126,null,Cody Johnson,"[""classic texas country"",""contemporary country""]"
2023,10,1,127,null,Michael Jackson,"[""r&b"",""soul""]"
2023,10,1,128,null,Red Hot Chili Peppers,"[""alternative rock"",""funk metal"",""funk rock"",""permanent wave"",""rock""]"
2023,10,1,129,null,Tame Impala,"[""australian psych"",""modern rock"",""neo-psychedelic"",""rock""]"
2023,10,1,130,null,Marshmello,"[""brostep"",""edm"",""pop"",""progressive electro house""]"
2023,10,1,131,null,Cigarettes After Sex,"[""ambient pop"",""dream pop"",""el paso indie"",""shoegaze""]"
2023,10,1,132,null,King Von,"[""chicago rap""]"
2023,10,1,133,null,Metallica,"[""hard rock"",""metal"",""old school thrash"",""rock"",""thrash metal""]"
2023,10,1,134,null,DaBaby,"[""hip hop"",""north carolina hip hop"",""pop rap"",""rap"",""trap""]"
2023,10,1,135,null,Pop Smoke,"[""brooklyn drill"",""rap""]"
2023,10,1,136,null,J Balvin,"[""reggaeton"",""reggaeton colombiano"",""trap latino"",""urbano latino""]"
2023,10,1,137,null,Queen,"[""k-pop girl group""]"
2023,10,1,138,null,Don Toliver,"[""pop rap"",""rap"",""trap""]"
2023,10,1,139,null,HARDY,[]
2023,10,1,140,null,Thomas Rhett,"[""contemporary country"",""country"",""country road"",""modern country rock""]"
2023,10,1,141,null,Ivan Cornejo,"[""sad sierreno""]"
2023,10,1,142,null,blink-182,"[""alternative metal"",""modern rock"",""pop punk"",""punk"",""rock"",""socal pop punk""]"
2023,10,1,143,null,Myke Towers,"[""reggaeton"",""trap latino"",""urbano latino""]"
2023,10,1,144,null,NewJeans,"[""k-pop"",""k-pop girl group""]"
2023,10,1,145,null,Green Day,"[""modern rock"",""permanent wave"",""punk"",""rock""]"
2023,10,1,146,null,Lil Tjay,"[""brooklyn drill"",""melodic rap"",""nyc rap"",""rap""]"
2023,10,1,147,null,Calvin Harris,"[""dance pop"",""edm"",""electro house"",""house"",""pop"",""pop dance"",""progressive house"",""uk dance""]"
2023,10,1,148,null,Radiohead,"[""alternative rock"",""art rock"",""melancholia"",""oxford indie"",""permanent wave"",""rock""]"
2023,10,1,149,null,USHER,"[""atl hip hop"",""contemporary r&b"",""dance pop"",""pop"",""r&b"",""rap"",""south carolina hip hop"",""urban contemporary""]"
2023,10,1,150,null,Megan Thee Stallion,"[""houston rap"",""pop"",""r&b"",""rap"",""trap queen""]"
2023,10,1,151,null,David Guetta,"[""big room"",""dance pop"",""edm"",""pop"",""pop dance""]"
2023,10,1,152,null,Jason Aldean,"[""contemporary country"",""country"",""country road"",""modern country rock""]"
2023,10,1,153,null,2Pac,"[""g funk"",""gangster rap"",""hip hop"",""rap"",""west coast rap""]"
2023,10,1,154,null,Selena Gomez,"[""pop"",""post-teen pop""]"
2023,10,1,155,null,Daddy Yankee,"[""latin hip hop"",""reggaeton"",""trap latino"",""urbano latino""]"
2023,10,1,156,null,PinkPantheress,"[""bedroom pop""]"
2023,10,1,157,null,PARTYNEXTDOOR,"[""r&b"",""rap"",""urban contemporary""]"
2023,10,1,158,null,Jon Pardi,"[""contemporary country"",""country"",""country road"",""modern country rock""]"
2023,10,1,159,null,Justin Timberlake,"[""dance pop"",""pop""]"
2023,10,1,160,null,Luke Bryan,"[""contemporary country"",""country"",""country road"",""modern country rock""]"
2023,10,1,161,null,Miguel,"[""r&b"",""urban contemporary""]"
2023,10,1,162,null,Becky G,"[""latin pop"",""latin viral pop"",""rap latina"",""reggaeton"",""trap latino"",""urbano latino""]"
2023,10,1,163,null,Ozuna,"[""puerto rican pop"",""reggaeton"",""trap latino"",""urbano latino""]"
2023,10,1,164,null,Paramore,"[""candy pop"",""modern rock"",""pixie"",""pop"",""pop emo"",""pop punk"",""rock""]"
2023,10,1,165,null,Dominic Fike,"[""alternative pop rock"",""pov: indie""]"
2023,10,1,166,null,Jordan Davis,"[""contemporary country"",""country road""]"
2023,10,1,167,null,Maluma,"[""latin pop"",""reggaeton"",""reggaeton colombiano"",""trap latino"",""urbano latino""]"
2023,10,1,168,null,Elton John,"[""glam rock"",""mellow gold"",""piano rock"",""rock""]"
2023,10,1,169,null,Migos,"[""atl hip hop"",""hip hop"",""pop rap"",""rap"",""trap""]"
2023,10,1,170,null,Creedence Clearwater Revival,"[""classic rock"",""country rock"",""rock"",""southern rock"",""swamp rock""]"
2023,10,1,171,null,OneRepublic,"[""piano rock"",""pop""]"
2023,10,1,172,null,Pitbull,"[""dance pop"",""miami hip hop"",""pop""]"
2023,10,1,173,null,Young Dolph,"[""memphis hip hop"",""rap"",""southern hip hop"",""tennessee hip hop"",""trap""]"
2023,10,1,174,null,One Direction,"[""boy band"",""pop"",""post-teen pop"",""talent show""]"
2023,10,1,175,null,That Mexican OT,"[""texas latin rap""]"
2023,10,1,176,null,Bon Iver,"[""chamber pop"",""eau claire indie"",""indie folk"",""melancholia"",""modern rock""]"
2023,10,1,177,null,Sam Smith,"[""pop"",""uk pop""]"
2023,10,1,178,null,Romeo Santos,"[""bachata"",""latin hip hop"",""latin pop"",""urbano latino""]"
2023,10,1,179,null,Jhayco,"[""reggaeton"",""trap latino"",""urbano latino""]"
2023,10,1,180,null,Jhené Aiko,"[""r&b""]"
2023,10,1,181,null,AC/DC,"[""australian rock"",""hard rock"",""rock""]"
2023,10,1,182,null,P!nk,"[""dance pop"",""pop""]"
2023,10,1,183,null,Russ,[]
2023,10,1,184,null,Grupo Firme,"[""musica mexicana"",""norteno"",""sierreno""]"
2023,10,1,185,null,Tyga,"[""hip hop"",""pop rap"",""rap"",""trap""]"
2023,10,1,186,null,Twenty One Pilots,"[""modern rock"",""pop"",""pov: indie"",""rock""]"
2023,10,1,187,null,Panic! At The Disco,"[""modern rock"",""pop""]"
2023,10,1,188,null,Kane Brown,"[""black americana"",""contemporary country"",""country"",""country road""]"
2023,10,1,189,null,Sexyy Red,"[""trap queen""]"
2023,10,1,190,null,Foo Fighters,"[""alternative metal"",""alternative rock"",""modern rock"",""permanent wave"",""post-grunge"",""rock""]"
2023,10,1,191,null,Lefty Sm,"[""mexican hip hop""]"
2023,10,1,192,null,The Rolling Stones,"[""album rock"",""british invasion"",""classic rock"",""rock""]"
2023,10,1,193,null,Jonas Brothers,"[""boy band"",""pop""]"
2023,10,1,194,null,Grupo Marca Registrada,[]
2023,10,1,195,null,Latto,"[""trap queen""]"
2023,10,1,196,null,Conan Gray,"[""bedroom pop"",""pop"",""pov: indie""]"
2023,10,1,197,null,George Strait,"[""contemporary country"",""country"",""country road""]"
2023,10,1,198,null,Diplo,"[""dance pop"",""edm"",""electro house"",""moombahton"",""pop dance""]"
2023,10,1,199,null,Sabrina Carpenter,"[""pop""]"
2023,10,1,200,null,Machine Gun Kelly,"[""ohio hip hop"",""pop rap""]"
2023,11,1,1,null,Taylor Swift,"[""pop""]"
2023,11,1,2,null,Drake,"[""canadian hip hop"",""canadian pop"",""hip hop"",""pop rap"",""rap""]"
2023,11,1,3,null,Bad Bunny,"[""reggaeton"",""trap latino"",""urbano latino""]"
2023,11,1,4,null,Zach Bryan,"[""classic oklahoma country"",""modern country pop""]"
2023,11,1,5,null,Morgan Wallen,"[""contemporary country""]"
2023,11,1,6,null,Travis Scott,"[""hip hop"",""rap"",""slap house""]"
2023,11,1,7,null,Kanye West,"[""chicago rap"",""hip hop"",""rap""]"
2023,11,1,8,null,The Weeknd,"[""canadian contemporary r&b"",""canadian pop"",""pop""]"
2023,11,1,9,null,21 Savage,"[""atl hip hop"",""hip hop"",""rap""]"
2023,11,1,10,null,Peso Pluma,"[""corrido"",""corridos tumbados"",""sad sierreno"",""sierreno""]"
2023,11,1,11,null,SZA,"[""pop"",""r&b"",""rap""]"
2023,11,1,12,null,$uicideboy$,"[""cloud rap"",""dark trap"",""new orleans rap"",""underground hip hop""]"
2023,11,1,13,null,Future,"[""atl hip hop"",""hip hop"",""rap"",""southern hip hop"",""trap""]"
2023,11,1,14,null,Brent Faiyaz,"[""r&b"",""rap""]"
2023,11,1,15,null,Kendrick Lamar,"[""conscious hip hop"",""hip hop"",""rap"",""west coast rap""]"
2023,11,1,16,null,J. Cole,"[""conscious hip hop"",""hip hop"",""north carolina hip hop"",""rap""]"
2023,11,1,17,null,Metro Boomin,"[""rap""]"
2023,11,1,18,null,Junior H,"[""corrido"",""corridos tumbados"",""musica mexicana"",""sad sierreno"",""sierreno""]"
2023,11,1,19,null,Juice WRLD,"[""chicago rap"",""melodic rap"",""rap""]"
2023,11,1,20,null,Lana Del Rey,"[""art pop"",""pop""]"
2023,11,1,21,null,Olivia Rodrigo,"[""pop""]"
2023,11,1,22,null,Post Malone,"[""dfw rap"",""melodic rap"",""pop"",""rap""]"
2023,11,1,23,null,Doja Cat,"[""dance pop"",""pop""]"
2023,11,1,24,null,Lil Baby,"[""atl hip hop"",""atl trap"",""rap"",""trap""]"
2023,11,1,25,null,Noah Kahan,"[""pov: indie""]"
2023,11,1,26,null,Fuerza Regida,"[""corrido"",""corridos tumbados"",""sad sierreno"",""sierreno""]"
2023,11,1,27,null,YoungBoy Never Broke Again,"[""baton rouge rap"",""rap""]"
2023,11,1,28,null,Rod Wave,"[""florida rap""]"
2023,11,1,29,null,Lil Uzi Vert,"[""hip hop"",""melodic rap"",""philly rap"",""rage rap"",""rap""]"
2023,11,1,30,null,Rihanna,"[""barbadian pop"",""pop"",""urban contemporary""]"
2023,11,1,31,null,Eminem,"[""detroit hip hop"",""hip hop"",""rap""]"
2023,11,1,32,null,Yeat,"[""canadian hip hop"",""canadian pop"",""hip hop"",""pop rap"",""rap""]"
2023,11,1,33,null,KAROL G,"[""reggaeton"",""reggaeton colombiano"",""trap latino"",""urbano latino""]"
2023,11,1,34,null,Billie Eilish,"[""indie hip hop""]"
2023,11,1,35,null,Luke Combs,"[""contemporary country"",""country""]"
2023,11,1,36,null,"Tyler, The Creator","[""hip hop"",""rap""]"
2023,11,1,37,null,XXXTENTACION,"[""emo rap"",""miami hip hop""]"
2023,11,1,38,null,Playboi Carti,"[""atl hip hop"",""plugg"",""pluggnb"",""rage rap"",""rap""]"
2023,11,1,39,null,Gunna,"[""atl hip hop"",""melodic rap"",""rap"",""trap""]"
2023,11,1,40,null,Lil Wayne,"[""hip hop"",""new orleans rap"",""pop rap"",""rap"",""trap""]"
2023,11,1,41,null,Frank Ocean,"[""lgbtq+ hip hop"",""neo soul""]"
2023,11,1,42,null,Mac Miller,"[""hip hop"",""pittsburgh rap"",""pop rap"",""rap""]"
2023,11,1,43,null,Ariana Grande,"[""pop""]"
2023,11,1,44,null,Lil Durk,"[""chicago drill"",""chicago rap"",""drill"",""hip hop"",""rap"",""trap""]"
2023,11,1,45,null,Nicki Minaj,"[""hip pop"",""pop"",""queens hip hop"",""rap""]"
2023,11,1,46,null,Mitski,"[""brooklyn indie"",""pov: indie""]"
2023,11,1,47,null,Bruno Mars,"[""dance pop"",""pop""]"
2023,11,1,48,null,Justin Bieber,"[""canadian pop"",""pop""]"
2023,11,1,49,null,Kodak Black,"[""florida drill"",""florida rap"",""melodic rap"",""miami hip hop"",""rap"",""trap"",""trap latino""]"
2023,11,1,50,null,Lil Tecca,"[""melodic rap"",""pluggnb"",""rap""]"
2023,11,1,51,null,Natanael Cano,"[""corrido"",""corridos tumbados"",""musica mexicana"",""sad sierreno"",""sierreno""]"
2023,11,1,52,null,Polo G,"[""chicago rap"",""rap""]"
2023,11,1,53,null,Steve Lacy,"[""afrofuturism""]"
2023,11,1,54,null,Hozier,"[""irish singer-songwriter"",""modern rock"",""pov: indie""]"
2023,11,1,55,null,Feid,"[""colombian pop"",""pop reggaeton"",""reggaeton"",""reggaeton colombiano"",""trap latino"",""urbano latino""]"
2023,11,1,56,null,Grupo Frontera,"[""musica chihuahuense""]"
2023,11,1,57,null,Chris Stapleton,"[""contemporary country"",""outlaw country""]"
2023,11,1,58,null,Michael Jackson,"[""r&b"",""soul""]"
2023,11,1,59,null,Lil Peep,"[""cloud rap"",""emo rap"",""lgbtq+ hip hop""]"
2023,11,1,60,null,Young Thug,"[""atl hip hop"",""atl trap"",""gangster rap"",""melodic rap"",""rap"",""trap""]"
2023,11,1,61,null,Tyler Childers,"[""kentucky indie"",""kentucky roots"",""outlaw country""]"
2023,11,1,62,null,Beyoncé,"[""pop"",""r&b""]"
2023,11,1,63,null,Trippie Redd,"[""melodic rap"",""rap"",""trap""]"
2023,11,1,64,null,Harry Styles,"[""pop""]"
2023,11,1,65,null,Chris Brown,"[""r&b"",""rap""]"
2023,11,1,66,null,blink-182,"[""alternative metal"",""modern rock"",""pop punk"",""punk"",""rock"",""socal pop punk""]"
2023,11,1,67,null,Ed Sheeran,"[""pop"",""singer-songwriter pop"",""uk pop""]"
2023,11,1,68,null,A Boogie Wit da Hoodie,"[""melodic rap"",""rap"",""trap""]"
2023,11,1,69,null,Carin Leon,"[""corrido"",""musica mexicana"",""sad sierreno"",""sierreno""]"
2023,11,1,70,null,Kali Uchis,"[""colombian pop""]"
2023,11,1,71,null,Ken Carson,"[""rage rap""]"
2023,11,1,72,null,Lady Gaga,"[""corridos tumbados"",""sad sierreno""]"
2023,11,1,73,null,Fleetwood Mac,"[""album rock"",""classic rock"",""rock"",""soft rock"",""yacht rock""]"
2023,11,1,74,null,Arctic Monkeys,"[""garage rock"",""modern rock"",""permanent wave"",""rock"",""sheffield indie""]"
2023,11,1,75,null,A$AP Rocky,"[""east coast hip hop"",""hip hop"",""rap"",""trap""]"
2023,11,1,76,null,The Neighbourhood,"[""modern alternative rock"",""modern rock"",""pop"",""pov: indie""]"
2023,11,1,77,null,Rauw Alejandro,"[""puerto rican pop"",""reggaeton"",""trap latino"",""urbano latino""]"
2023,11,1,78,null,The Beatles,"[""british invasion"",""classic rock"",""merseybeat"",""psychedelic rock"",""rock""]"
2023,11,1,79,null,NLE Choppa,"[""memphis hip hop"",""rap""]"
2023,11,1,80,null,Eslabon Armado,"[""corrido"",""corridos tumbados"",""sad sierreno"",""sierreno""]"
2023,11,1,81,null,Key Glock,"[""memphis hip hop"",""rap"",""southern hip hop"",""tennessee hip hop"",""trap""]"
2023,11,1,82,null,Linkin Park,"[""alternative metal"",""nu metal"",""post-grunge"",""rap metal"",""rock""]"
2023,11,1,83,null,TV Girl,"[""pov: indie""]"
2023,11,1,84,null,Imagine Dragons,"[""modern rock"",""pop"",""rock""]"
2023,11,1,85,null,Tory Lanez,"[""canadian hip hop"",""canadian trap"",""melodic rap"",""pop rap"",""r&b"",""rap"",""trap""]"
2023,11,1,86,null,Jelly Roll,"[""country rap"",""nashville hip hop"",""tennessee hip hop""]"
2023,11,1,87,null,Coldplay,"[""permanent wave"",""pop""]"
2023,11,1,88,null,Offset,"[""atl hip hop"",""hip hop"",""pop rap"",""rap"",""trap""]"
2023,11,1,89,null,Gabito Ballesteros,"[""corrido"",""corridos tumbados"",""musica mexicana"",""sad sierreno"",""sierreno""]"
2023,11,1,90,null,Marshmello,"[""brostep"",""edm"",""pop"",""progressive electro house""]"
2023,11,1,91,null,Katy Perry,"[""pop""]"
2023,11,1,92,null,Khalid,"[""pop"",""pop r&b""]"
2023,11,1,93,null,Odetari,"[""sigilkore"",""sped up""]"
2023,11,1,94,null,Baby Keem,"[""hip hop"",""rap""]"
2023,11,1,95,null,Daniel Caesar,"[""canadian contemporary r&b""]"
2023,11,1,96,null,Laufey,"[""gen z singer-songwriter""]"
2023,11,1,97,null,Miley Cyrus,"[""pop""]"
2023,11,1,98,null,Adele,"[""british soul"",""pop"",""pop soul"",""uk pop""]"
2023,11,1,99,null,Mac DeMarco,"[""edmonton indie"",""lo-fi indie"",""pov: indie""]"
2023,11,1,100,null,NF,"[""hip hop"",""pop rap""]"
2023,11,1,101,null,Summer Walker,"[""r&b"",""rap""]"
2023,11,1,102,null,Kid Cudi,"[""hip hop"",""ohio hip hop"",""pop rap"",""rap""]"
2023,11,1,103,null,Deftones,"[""alternative metal"",""nu metal"",""rap metal"",""rock"",""sacramento indie""]"
2023,11,1,104,null,JAY-Z,"[""east coast hip hop"",""gangster rap"",""hip hop"",""pop rap"",""rap""]"
2023,11,1,105,null,Nirvana,"[""grunge"",""permanent wave"",""rock""]"
2023,11,1,106,null,Tate McRae,"[""alt z"",""pop""]"
2023,11,1,107,null,LUCKI,"[""plugg""]"
2023,11,1,108,null,Bryson Tiller,"[""kentucky hip hop"",""r&b"",""rap""]"
2023,11,1,109,null,Childish Gambino,"[""atl hip hop"",""hip hop"",""rap""]"
2023,11,1,110,null,Maroon 5,"[""pop""]"
2023,11,1,111,null,Dua Lipa,"[""dance pop"",""pop"",""uk pop""]"
2023,11,1,112,null,Anuel AA,"[""reggaeton"",""reggaeton flow"",""trap boricua"",""trap latino"",""urbano latino""]"
2023,11,1,113,null,Luis R Conriquez,"[""corrido"",""corridos tumbados"",""norteno"",""sad sierreno"",""sierreno""]"
2023,11,1,114,null,Fall Out Boy,"[""emo"",""modern rock"",""pop"",""rock""]"
2023,11,1,115,null,The Kid LAROI,"[""australian hip hop""]"
2023,11,1,116,null,Sexyy Red,"[""trap queen""]"
2023,11,1,117,null,Lin-Manuel Miranda,"[""broadway"",""show tunes""]"
2023,11,1,118,null,Ivan Cornejo,"[""sad sierreno""]"
2023,11,1,119,null,Kacey Musgraves,"[""classic texas country"",""contemporary country"",""country dawn""]"
2023,11,1,120,null,Halsey,"[""electropop"",""etherpop"",""indie poptimism"",""pop""]"
2023,11,1,121,null,Joji,"[""viral pop""]"
2023,11,1,122,null,J Balvin,"[""reggaeton"",""reggaeton colombiano"",""trap latino"",""urbano latino""]"
2023,11,1,123,null,BTS,"[""k-pop"",""k-pop boy group"",""pop""]"
2023,11,1,124,null,Don Toliver,"[""pop rap"",""rap"",""trap""]"
2023,11,1,125,null,Moneybagg Yo,"[""memphis hip hop"",""rap"",""southern hip hop"",""tennessee hip hop"",""trap""]"
2023,11,1,126,null,Red Hot Chili Peppers,"[""alternative rock"",""funk metal"",""funk rock"",""permanent wave"",""rock""]"
2023,11,1,127,null,Jack Harlow,"[""deep underground hip hop"",""kentucky hip hop"",""pop rap"",""rap""]"
2023,11,1,128,null,Queen,"[""k-pop girl group""]"
2023,11,1,129,null,PARTYNEXTDOOR,"[""r&b"",""rap"",""urban contemporary""]"
2023,11,1,130,null,Lil Yachty,"[""atl hip hop"",""melodic rap"",""rap"",""trap""]"
2023,11,1,131,null,Melanie Martinez,"[""alt z"",""electropop"",""pop""]"
2023,11,1,132,null,The Lumineers,"[""folk-pop"",""modern rock"",""stomp and holler""]"
2023,11,1,133,null,Cardi B,"[""pop"",""rap""]"
2023,11,1,134,null,Cigarettes After Sex,"[""ambient pop"",""dream pop"",""el paso indie"",""shoegaze""]"
2023,11,1,135,null,King Von,"[""chicago rap""]"
2023,11,1,136,null,Radiohead,"[""alternative rock"",""art rock"",""melancholia"",""oxford indie"",""permanent wave"",""rock""]"
2023,11,1,137,null,Shakira,"[""colombian pop"",""dance pop"",""latin pop"",""pop""]"
2023,11,1,138,null,Metallica,"[""hard rock"",""metal"",""old school thrash"",""rock"",""thrash metal""]"
2023,11,1,139,null,Pop Smoke,"[""brooklyn drill"",""rap""]"
2023,11,1,140,null,Green Day,"[""modern rock"",""permanent wave"",""punk"",""rock""]"
2023,11,1,141,null,Ice Spice,"[""bronx drill""]"
2023,11,1,142,null,Cody Johnson,"[""classic texas country"",""contemporary country""]"
2023,11,1,143,null,David Guetta,"[""big room"",""dance pop"",""edm"",""pop"",""pop dance""]"
2023,11,1,144,null,DaBaby,"[""hip hop"",""north carolina hip hop"",""pop rap"",""rap"",""trap""]"
2023,11,1,145,null,Tame Impala,"[""australian psych"",""modern rock"",""neo-psychedelic"",""rock""]"
2023,11,1,146,null,Lil Tjay,"[""brooklyn drill"",""melodic rap"",""nyc rap"",""rap""]"
2023,11,1,147,null,Sleepy Hallow,"[""brooklyn drill"",""nyc rap""]"
2023,11,1,148,null,Daddy Yankee,"[""latin hip hop"",""reggaeton"",""trap latino"",""urbano latino""]"
2023,11,1,149,null,Britney Spears,"[""dance pop"",""pop""]"
2023,11,1,150,null,Calvin Harris,"[""dance pop"",""edm"",""electro house"",""house"",""pop"",""pop dance"",""progressive house"",""uk dance""]"
2023,11,1,151,null,Young Miko,"[""trap latino"",""urbano latino""]"
2023,11,1,152,null,USHER,"[""atl hip hop"",""contemporary r&b"",""dance pop"",""pop"",""r&b"",""rap"",""south carolina hip hop"",""urban contemporary""]"
2023,11,1,153,null,Migos,"[""atl hip hop"",""hip hop"",""pop rap"",""rap"",""trap""]"
2023,11,1,154,null,Jon Pardi,"[""contemporary country"",""country"",""country road"",""modern country rock""]"
2023,11,1,155,null,Bailey Zimmerman,"[""contemporary country"",""modern country pop""]"
2023,11,1,156,null,Megan Thee Stallion,"[""houston rap"",""pop"",""r&b"",""rap"",""trap queen""]"
2023,11,1,157,null,Jason Aldean,"[""contemporary country"",""country"",""country road"",""modern country rock""]"
2023,11,1,158,null,HARDY,[]
2023,11,1,159,null,BigXthaPlug,"[""southern hip hop""]"
2023,11,1,160,null,Sam Smith,"[""pop"",""uk pop""]"
2023,11,1,161,null,Elton John,"[""glam rock"",""mellow gold"",""piano rock"",""rock""]"
2023,11,1,162,null,Myke Towers,"[""reggaeton"",""trap latino"",""urbano latino""]"
2023,11,1,163,null,Paramore,"[""candy pop"",""modern rock"",""pixie"",""pop"",""pop emo"",""pop punk"",""rock""]"
2023,11,1,164,null,Pitbull,"[""dance pop"",""miami hip hop"",""pop""]"
2023,11,1,165,null,Luke Bryan,"[""contemporary country"",""country"",""country road"",""modern country rock""]"
2023,11,1,166,null,Frank Sinatra,"[""adult standards"",""easy listening"",""lounge""]"
2023,11,1,167,null,Maluma,"[""latin pop"",""reggaeton"",""reggaeton colombiano"",""trap latino"",""urbano latino""]"
2023,11,1,168,null,2Pac,"[""g funk"",""gangster rap"",""hip hop"",""rap"",""west coast rap""]"
2023,11,1,169,null,Chief Keef,"[""chicago bop"",""chicago drill"",""chicago rap"",""drill"",""hip hop"",""rap"",""southern hip hop"",""trap""]"
2023,11,1,170,null,Miguel,"[""r&b"",""urban contemporary""]"
2023,11,1,171,null,Creedence Clearwater Revival,"[""classic rock"",""country rock"",""rock"",""southern rock"",""swamp rock""]"
2023,11,1,172,null,Jhené Aiko,"[""r&b""]"
2023,11,1,173,null,Selena Gomez,"[""pop"",""post-teen pop""]"
2023,11,1,174,null,Young Dolph,"[""memphis hip hop"",""rap"",""southern hip hop"",""tennessee hip hop"",""trap""]"
2023,11,1,175,null,Jung Kook,"[""k-pop""]"
2023,11,1,176,null,Ozuna,"[""puerto rican pop"",""reggaeton"",""trap latino"",""urbano latino""]"
2023,11,1,177,null,The Rolling Stones,"[""album rock"",""british invasion"",""classic rock"",""rock""]"
2023,11,1,178,null,Romeo Santos,"[""bachata"",""latin hip hop"",""latin pop"",""urbano latino""]"
2023,11,1,179,null,Troye Sivan,"[""australian pop"",""pop"",""viral pop""]"
2023,11,1,180,null,Gucci Mane,"[""atl hip hop"",""dirty south rap"",""hip hop"",""pop rap"",""rap"",""southern hip hop"",""trap""]"
2023,11,1,181,null,NewJeans,"[""k-pop"",""k-pop girl group""]"
2023,11,1,182,null,OneRepublic,"[""piano rock"",""pop""]"
2023,11,1,183,null,Conan Gray,"[""bedroom pop"",""pop"",""pov: indie""]"
2023,11,1,184,null,Jordan Davis,"[""contemporary country"",""country road""]"
2023,11,1,185,null,PinkPantheress,"[""bedroom pop""]"
2023,11,1,186,null,Mariah Carey,"[""dance pop"",""pop"",""urban contemporary""]"
2023,11,1,187,null,Panic! At The Disco,"[""modern rock"",""pop""]"
2023,11,1,188,null,AC/DC,"[""australian rock"",""hard rock"",""rock""]"
2023,11,1,189,null,BabyTron,"[""detroit hip hop"",""scam rap""]"
2023,11,1,190,null,Chino Pacas,"[""corrido"",""corridos tumbados"",""sierreno""]"
2023,11,1,191,null,Twenty One Pilots,"[""modern rock"",""pop"",""pov: indie"",""rock""]"
2023,11,1,192,null,Russ,[]
2023,11,1,193,null,Sabrina Carpenter,"[""pop""]"
2023,11,1,194,null,50 Cent,"[""east coast hip hop"",""gangster rap"",""hip hop"",""pop rap"",""queens hip hop"",""rap""]"
2023,11,1,195,null,One Direction,"[""boy band"",""pop"",""post-teen pop"",""talent show""]"
2023,11,1,196,null,System Of A Down,"[""alternative metal"",""nu metal"",""rap metal"",""rock""]"
2023,11,1,197,null,Grupo Firme,"[""musica mexicana"",""norteno"",""sierreno""]"
2023,11,1,198,null,Justin Timberlake,"[""dance pop"",""pop""]"
2023,11,1,199,null,Foo Fighters,"[""alternative metal"",""alternative rock"",""modern rock"",""permanent wave"",""post-grunge"",""rock""]"
2023,11,1,200,null,Dominic Fike,"[""alternative pop rock"",""pov: indie""]"
