year,month,week,rank,track title,artist name
2020,12,1,1,DÁKITI,"Bad Bunny, Jhayco"
2020,12,1,2,All I Want for Christmas Is You,Mariah Carey
2020,12,1,3,Rockin' Around The Christmas Tree,Brenda Lee
2020,12,1,4,Jingle Bell Rock,Bobby Helms
2020,12,1,5,positions,Ariana Grande
2020,12,1,6,It's the Most Wonderful Time of the Year,Andy Williams
2020,12,1,7,34+35,Ariana Grande
2020,12,1,8,Last Christmas,Wham!
2020,12,1,9,Lemonade (feat. NAV),"Internet Money, Gunna, Don Toliver, NAV"
2020,12,1,10,Santa Tell Me,Ariana Grande
2020,12,1,11,Mood (feat. iann dior),"24kGoldn, iann dior"
2020,12,1,12,It's Beginning to Look a Lot like Christmas,Michael Bublé
2020,12,1,13,Body,Megan Thee Stallion
2020,12,1,14,Therefore I Am,Billie Eilish
2020,12,1,15,For The Night (feat. Lil Baby & DaBaby),"Pop Smoke, Lil Baby, DaBaby"
2020,12,1,16,Blinding Lights,The Weeknd
2020,12,1,17,Underneath the Tree,Kelly Clarkson
2020,12,1,18,LA NOCHE DE ANOCHE,"Bad Bunny, ROSALÍA"
2020,12,1,19,WAP (feat. Megan Thee Stallion),"Cardi B, Megan Thee Stallion"
2020,12,1,20,HOLIDAY,Lil Nas X
2020,12,1,21,Laugh Now Cry Later (feat. Lil Durk),"Drake, Lil Durk"
2020,12,1,22,TE MUDASTE,Bad Bunny
2020,12,1,23,What You Know Bout Love,Pop Smoke
2020,12,1,24,YO VISTO ASÍ,Bad Bunny
2020,12,1,25,Let It Snow! Let It Snow! Let It Snow! (with The B. Swanson Quartet),"Frank Sinatra, B. Swanson Quartet"
2020,12,1,26,Let It Snow! Let It Snow! Let It Snow!,Dean Martin
2020,12,1,27,pov,Ariana Grande
2020,12,1,28,Feliz Navidad,José Feliciano
2020,12,1,29,Sleigh Ride,The Ronettes
2020,12,1,30,A Holly Jolly Christmas,Burl Ives
2020,12,1,31,Monster (Shawn Mendes & Justin Bieber),"Shawn Mendes, Justin Bieber"
2020,12,1,32,Prisoner (feat. Dua Lipa),"Miley Cyrus, Dua Lipa"
2020,12,1,33,Mistletoe,Justin Bieber
2020,12,1,34,Whoopty,CJ
2020,12,1,35,Holly Jolly Christmas,Michael Bublé
2020,12,1,36,The Christmas Song (Merry Christmas To You),Nat King Cole
2020,12,1,37,Wishing Well,Juice WRLD
2020,12,1,38,ROCKSTAR (feat. Roddy Ricch),"DaBaby, Roddy Ricch"
2020,12,1,39,HACIENDO QUE ME AMAS,Bad Bunny
2020,12,1,40,Heather,Conan Gray
2020,12,1,41,Come & Go (with Marshmello),"Juice WRLD, Marshmello"
2020,12,1,42,Wonderful Christmastime - Edited Version / Remastered 2011,Paul McCartney
2020,12,1,43,TE DESEO LO MEJOR,Bad Bunny
2020,12,1,44,BOOKER T,Bad Bunny
2020,12,1,45,Tyler Herro,Jack Harlow
2020,12,1,46,Lonely (with benny blanco),"Justin Bieber, benny blanco"
2020,12,1,47,Do They Know It's Christmas? - 1984 Version,Band Aid
2020,12,1,48,MALDITA POBREZA,Bad Bunny
2020,12,1,49,HOY COBRÉ,Bad Bunny
2020,12,1,50,Dynamite,BTS
2020,12,1,51,EL MUNDO ES MÍO,Bad Bunny
2020,12,1,52,SO DONE,The Kid LAROI
2020,12,1,53,All Girls Are The Same,Juice WRLD
2020,12,1,54,"WHATS POPPIN (feat. DaBaby, Tory Lanez & Lil Wayne) - Remix","Jack Harlow, Tory Lanez, DaBaby, Lil Wayne"
2020,12,1,55,Blueberry Faygo,Lil Mosey
2020,12,1,56,Watermelon Sugar,Harry Styles
2020,12,1,57,Holy (feat. Chance The Rapper),"Justin Bieber, Chance the Rapper"
2020,12,1,58,you broke me first,Tate McRae
2020,12,1,59,Put Your Records On,Ritt Momney
2020,12,1,60,White Christmas - 1947 Version,"Bing Crosby, Ken Darby Singers, John Scott Trotter & His Orchestra"
2020,12,1,61,Levitating (feat. DaBaby),"Dua Lipa, DaBaby"
2020,12,1,62,Lucid Dreams,Juice WRLD
2020,12,1,63,The Box,Roddy Ricch
2020,12,1,64,Angels Like You,Miley Cyrus
2020,12,1,65,Martin & Gina,Polo G
2020,12,1,66,LA DROGA,Bad Bunny
2020,12,1,67,Forever After All,Luke Combs
2020,12,1,68,Sweater Weather,The Neighbourhood
2020,12,1,69,PRACTICE,DaBaby
2020,12,1,70,It's Beginning to Look a Lot Like Christmas (with Mitchell Ayres & His Orchestra),"Perry Como, The Fontane Sisters, Mitchell Ayres & His Orchestra"
2020,12,1,71,Robbery,Juice WRLD
2020,12,1,72,Somebody’s Problem,Morgan Wallen
2020,12,1,73,Life Goes On,BTS
2020,12,1,74,my ex's best friend (with blackbear),"Machine Gun Kelly, blackbear"
2020,12,1,75,Sofia,Clairo
2020,12,1,76,Sunflower - Spider-Man: Into the Spider-Verse,"Post Malone, Swae Lee"
2020,12,1,77,Christmas (Baby Please Come Home),Darlene Love
2020,12,1,78,SORRY PAPI,"Bad Bunny, ABRA"
2020,12,1,79,Blue Christmas,Elvis Presley
2020,12,1,80,Circles,Post Malone
2020,12,1,81,ANTES QUE SE ACABE,Bad Bunny
2020,12,1,82,Runnin,"21 Savage, Metro Boomin"
2020,12,1,83,120,Bad Bunny
2020,12,1,84,Run Rudolph Run,Chuck Berry
2020,12,1,85,Mr. Right Now (feat. Drake),"21 Savage, Metro Boomin, Drake"
2020,12,1,86,Wonder,Shawn Mendes
2020,12,1,87,Santa Claus Is Coming To Town,The Jackson 5
2020,12,1,88,TRELLAS,Bad Bunny
2020,12,1,89,Hello (feat. A Boogie Wit da Hoodie),"Pop Smoke, A Boogie Wit da Hoodie"
2020,12,1,90,Dreams - 2004 Remaster,Fleetwood Mac
2020,12,1,91,"Baby, It's Cold Outside (feat. Meghan Trainor)","Brett Eldredge, Meghan Trainor"
2020,12,1,92,Midnight Sky,Miley Cyrus
2020,12,1,93,Someone You Loved,Lewis Capaldi
2020,12,1,94,GO (feat. Juice WRLD),"The Kid LAROI, Juice WRLD"
2020,12,1,95,Happy Xmas (War Is Over) - Remastered 2010,"John Lennon, Yoko Ono"
2020,12,1,96,Mood Swings (feat. Lil Tjay),"Pop Smoke, Lil Tjay"
2020,12,1,97,Hawái - Remix,"Maluma, The Weeknd"
2020,12,1,98,7 Summers,Morgan Wallen
2020,12,1,99,Took Her To The O,King Von
2020,12,1,100,WITHOUT YOU,The Kid LAROI
2020,12,1,101,Moonwalking in Calabasas (feat. Blueface) - Remix,"DDG, Blueface"
2020,12,1,102,More Than My Hometown,Morgan Wallen
2020,12,1,103,Life Is Good (feat. Drake),"Future, Drake"
2020,12,1,104,Daisy,Ashnikko
2020,12,1,105,Before You Go,Lewis Capaldi
2020,12,1,106,Line Without a Hook,Ricky Montgomery
2020,12,1,107,Adore You,Harry Styles
2020,12,1,108,Jocelyn Flores,XXXTENTACION
2020,12,1,109,SLOW DANCING IN THE DARK,Joji
2020,12,1,110,Smile (with The Weeknd),"Juice WRLD, The Weeknd"
2020,12,1,111,"Baby, It's Cold Outside",Dean Martin
2020,12,1,112,POPSTAR (feat. Drake),"DJ Khaled, Drake"
2020,12,1,113,ALWAYS DO,The Kid LAROI
2020,12,1,114,Drankin N Smokin,"Future, Lil Uzi Vert"
2020,12,1,115,Righteous,Juice WRLD
2020,12,1,116,Carol of the Bells,"Mykola Dmytrovych Leontovych, John Williams"
2020,12,1,117,goosebumps,Travis Scott
2020,12,1,118,Plastic Hearts,Miley Cyrus
2020,12,1,119,Do You Hear What I Hear? - Remastered 2006,Bing Crosby
2020,12,1,120,death bed (coffee for your head),"Powfu, beabadoobee"
2020,12,1,121,I Saw Mommy Kissing Santa Claus,The Jackson 5
2020,12,1,122,Whiskey Glasses,Morgan Wallen
2020,12,1,123,Roses - Imanbek Remix,"SAINt JHN, Imanbek"
2020,12,1,124,Are You Bored Yet? (feat. Clairo),"Wallows, Clairo"
2020,12,1,125,Daddy Issues,The Neighbourhood
2020,12,1,126,E-GIRLS ARE RUINING MY LIFE!,"CORPSE, Savage Ga$p"
2020,12,1,127,Train Wreck,James Arthur
2020,12,1,128,Christmas (Baby Please Come Home),Mariah Carey
2020,12,1,129,Joy To The World,Nat King Cole
2020,12,1,130,hot girl bummer,blackbear
2020,12,1,131,Be Like That - feat. Swae Lee & Khalid,"Kane Brown, Swae Lee, Khalid"
2020,12,1,132,Bandit (with YoungBoy Never Broke Again),"Juice WRLD, YoungBoy Never Broke Again"
2020,12,1,133,Heart Of Glass (Live from the iHeart Festival),Miley Cyrus
2020,12,1,134,Electric Love,BØRNS
2020,12,1,135,HIGHEST IN THE ROOM,Travis Scott
2020,12,1,136,Santa Baby (with Henri René & His Orchestra),"Eartha Kitt, Henri René and His Orchestra"
2020,12,1,137,Hate The Other Side (with Marshmello & The Kid Laroi),"Juice WRLD, Marshmello, The Kid LAROI, Polo G"
2020,12,1,138,After Party,Don Toliver
2020,12,1,139,If the World Was Ending (feat. Julia Michaels),"JP Saxe, Julia Michaels"
2020,12,1,140,ROXANNE,Arizona Zervas
2020,12,1,141,Star Shopping,Lil Peep
2020,12,1,142,Winter Wonderland - Remastered,Bing Crosby
2020,12,1,143,Wolves (feat. Post Malone),"Big Sean, Post Malone"
2020,12,1,144,lovely (with Khalid),"Billie Eilish, Khalid"
2020,12,1,145,No Role Modelz,J. Cole
2020,12,1,146,Go Crazy,"Chris Brown, Young Thug"
2020,12,1,147,O Tannenbaum,Vince Guaraldi Trio
2020,12,1,148,BOP,DaBaby
2020,12,1,149,Ballin' (with Roddy Ricch),"Mustard, Roddy Ricch"
2020,12,1,150,Dior,Pop Smoke
2020,12,1,151,This Christmas,Donny Hathaway
2020,12,1,152,21,Polo G
2020,12,1,153,Chasin' You,Morgan Wallen
2020,12,1,154,Falling,Harry Styles
2020,12,1,155,Golden,Harry Styles
2020,12,1,156,Bang!,AJR
2020,12,1,157,WHATS POPPIN,Jack Harlow
2020,12,1,158,The Woo (feat. 50 Cent & Roddy Ricch),"Pop Smoke, 50 Cent, Roddy Ricch"
2020,12,1,159,BICHOTA,KAROL G
2020,12,1,160,Still Goin Down,Morgan Wallen
2020,12,1,161,Blastoff (feat. Juice WRLD),"Internet Money, Trippie Redd, Diplo, Juice WRLD"
2020,12,1,162,WTF Do I Know,Miley Cyrus
2020,12,1,163,Kacey Talk,YoungBoy Never Broke Again
2020,12,1,164,Silver Bells,Dean Martin
2020,12,1,165,Better Together,Luke Combs
2020,12,1,166,We Paid (feat. 42 Dugg),"Lil Baby, 42 Dugg"
2020,12,1,167,July,Noah Cyrus
2020,12,1,168,Mistletoe And Holly - Remastered 1999,Frank Sinatra
2020,12,1,169,Sunday Best,Surfaces
2020,12,1,170,20 Min,Lil Uzi Vert
2020,12,1,171,motive (with Doja Cat),"Ariana Grande, Doja Cat"
2020,12,1,172,Godzilla (feat. Juice WRLD),"Eminem, Juice WRLD"
2020,12,1,173,Girls in the Hood,Megan Thee Stallion
2020,12,1,174,Mr. Loverman,Ricky Montgomery
2020,12,1,175,Beautiful Crazy,Luke Combs
2020,12,1,176,everything i wanted,Billie Eilish
2020,12,1,177,Falling,Trevor Daniel
2020,12,1,178,MIDDLE CHILD,J. Cole
2020,12,1,179,Intentions (feat. Quavo),"Justin Bieber, Quavo"
2020,12,1,180,Pretty Heart,Parker McCollum
2020,12,1,181,SAD!,XXXTENTACION
2020,12,1,182,Have Yourself A Merry Little Christmas,Judy Garland
2020,12,1,183,SICKO MODE,Travis Scott
2020,12,1,184,Driving Home for Christmas,Chris Rea
2020,12,1,185,Party Girl,StaySolidRocky
2020,12,1,186,Like It's Christmas,Jonas Brothers
2020,12,1,187,XO Tour Llif3,Lil Uzi Vert
2020,12,1,188,DOLLAZ ON MY HEAD (feat. Young Thug),"Gunna, Young Thug"
2020,12,1,189,Don't Start Now,Dua Lipa
2020,12,1,190,Flex Up (feat. Future & Playboi Carti),"Lil Yachty, Future, Playboi Carti"
2020,12,1,191,Gimme What I Want,Miley Cyrus
2020,12,1,192,Maniac,Conan Gray
2020,12,1,193,Night Crawling (feat. Billy Idol),"Miley Cyrus, Billy Idol"
2020,12,1,194,Everybody Dies In Their Nightmares,XXXTENTACION
2020,12,1,195,Fuck Love,"XXXTENTACION, Trippie Redd"
2020,12,1,196,The Less I Know The Better,Tame Impala
2020,12,1,197,Armed And Dangerous,Juice WRLD
2020,12,1,198,cardigan,Taylor Swift
2020,12,1,199,Drip Too Hard (Lil Baby & Gunna),"Lil Baby, Gunna"
2020,12,1,200,exile (feat. Bon Iver),"Taylor Swift, Bon Iver"
2021,1,1,1,Good Days,SZA
2021,1,1,2,Anyone,Justin Bieber
2021,1,1,3,34+35,Ariana Grande
2021,1,1,4,Mood (feat. iann dior),"24kGoldn, iann dior"
2021,1,1,5,Lemonade (feat. NAV),"Internet Money, Gunna, Don Toliver, NAV"
2021,1,1,6,DÁKITI,"Bad Bunny, Jhayco"
2021,1,1,7,positions,Ariana Grande
2021,1,1,8,Whoopty,CJ
2021,1,1,9,WITHOUT YOU,The Kid LAROI
2021,1,1,10,Blinding Lights,The Weeknd
2021,1,1,11,Levitating (feat. DaBaby),"Dua Lipa, DaBaby"
2021,1,1,12,For The Night (feat. Lil Baby & DaBaby),"Pop Smoke, Lil Baby, DaBaby"
2021,1,1,13,WAP (feat. Megan Thee Stallion),"Cardi B, Megan Thee Stallion"
2021,1,1,14,willow,Taylor Swift
2021,1,1,15,What You Know Bout Love,Pop Smoke
2021,1,1,16,Therefore I Am,Billie Eilish
2021,1,1,17,Body,Megan Thee Stallion
2021,1,1,18,Laugh Now Cry Later (feat. Lil Durk),"Drake, Lil Durk"
2021,1,1,19,HOLIDAY,Lil Nas X
2021,1,1,20,ROCKSTAR (feat. Roddy Ricch),"DaBaby, Roddy Ricch"
2021,1,1,21,Wishing Well,Juice WRLD
2021,1,1,22,Sweater Weather,The Neighbourhood
2021,1,1,23,Blueberry Faygo,Lil Mosey
2021,1,1,24,Way Out (feat. Big Sean),"Jack Harlow, Big Sean"
2021,1,1,25,Come & Go (with Marshmello),"Juice WRLD, Marshmello"
2021,1,1,26,Tyler Herro,Jack Harlow
2021,1,1,27,All Girls Are The Same,Juice WRLD
2021,1,1,28,Reminds Me Of You,"Juice WRLD, The Kid LAROI"
2021,1,1,29,Monster (Shawn Mendes & Justin Bieber),"Shawn Mendes, Justin Bieber"
2021,1,1,30,champagne problems,Taylor Swift
2021,1,1,31,"Whats Poppin (feat. DaBaby, Tory Lanez & Lil Wayne) [Remix] - Bonus Track","Jack Harlow, Tory Lanez, DaBaby, Lil Wayne"
2021,1,1,32,Hello (feat. A Boogie Wit da Hoodie),"Pop Smoke, A Boogie Wit da Hoodie"
2021,1,1,33,Watermelon Sugar,Harry Styles
2021,1,1,34,The Box,Roddy Ricch
2021,1,1,35,Circles,Post Malone
2021,1,1,36,you broke me first,Tate McRae
2021,1,1,37,my ex's best friend (with blackbear),"Machine Gun Kelly, blackbear"
2021,1,1,38,Lucid Dreams,Juice WRLD
2021,1,1,39,pov,Ariana Grande
2021,1,1,40,Forever After All,Luke Combs
2021,1,1,41,Heather,Conan Gray
2021,1,1,42,Put Your Records On,Ritt Momney
2021,1,1,43,Cry Baby (feat. DaBaby),"Megan Thee Stallion, DaBaby"
2021,1,1,44,Lonely (with benny blanco),"Justin Bieber, benny blanco"
2021,1,1,45,Tequila Shots,Kid Cudi
2021,1,1,46,SO DONE,The Kid LAROI
2021,1,1,47,Robbery,Juice WRLD
2021,1,1,48,Heat Waves,Glass Animals
2021,1,1,49,Somebody’s Problem,Morgan Wallen
2021,1,1,50,Afterglow,Ed Sheeran
2021,1,1,51,Sunflower - Spider-Man: Into the Spider-Verse,"Post Malone, Swae Lee"
2021,1,1,52,Dynamite,BTS
2021,1,1,53,Dreams - 2004 Remaster,Fleetwood Mac
2021,1,1,54,On Me,Lil Baby
2021,1,1,55,Someone You Loved,Lewis Capaldi
2021,1,1,56,Bang!,AJR
2021,1,1,57,Runnin,"21 Savage, Metro Boomin"
2021,1,1,58,Prisoner (feat. Dua Lipa),"Miley Cyrus, Dua Lipa"
2021,1,1,59,Life Is Good (feat. Drake),"Future, Drake"
2021,1,1,60,Roses - Imanbek Remix,"SAINt JHN, Imanbek"
2021,1,1,61,Daddy Issues,The Neighbourhood
2021,1,1,62,Martin & Gina,Polo G
2021,1,1,63,LA NOCHE DE ANOCHE,"Bad Bunny, ROSALÍA"
2021,1,1,64,Hayloft,Mother Mother
2021,1,1,65,Wonder,Shawn Mendes
2021,1,1,66,Still Trappin',"Lil Durk, King Von"
2021,1,1,67,Sofia,Clairo
2021,1,1,68,Holy (feat. Chance The Rapper),"Justin Bieber, Chance the Rapper"
2021,1,1,69,More Than My Hometown,Morgan Wallen
2021,1,1,70,Before You Go,Lewis Capaldi
2021,1,1,71,Dead Man Walking,Brent Faiyaz
2021,1,1,72,Adore You,Harry Styles
2021,1,1,73,Mr. Right Now (feat. Drake),"21 Savage, Metro Boomin, Drake"
2021,1,1,74,7 Summers,Morgan Wallen
2021,1,1,75,PRACTICE,DaBaby
2021,1,1,76,"no body, no crime (feat. HAIM)","Taylor Swift, HAIM"
2021,1,1,77,Moonwalking in Calabasas (feat. Blueface) - Remix,"DDG, Blueface"
2021,1,1,78,Jocelyn Flores,XXXTENTACION
2021,1,1,79,death bed (coffee for your head),"Powfu, beabadoobee"
2021,1,1,80,gold rush,Taylor Swift
2021,1,1,81,‘tis the damn season,Taylor Swift
2021,1,1,82,GO (feat. Juice WRLD),"The Kid LAROI, Juice WRLD"
2021,1,1,83,Go Crazy,"Chris Brown, Young Thug"
2021,1,1,84,hot girl bummer,blackbear
2021,1,1,85,Don't Start Now,Dua Lipa
2021,1,1,86,Godzilla (feat. Juice WRLD),"Eminem, Juice WRLD"
2021,1,1,87,Adderall (Corvette Corvette) [feat. Lil Uzi Vert] - Remix,"Popp Hunna, Lil Uzi Vert"
2021,1,1,88,Mood Swings (feat. Lil Tjay),"Pop Smoke, Lil Tjay"
2021,1,1,89,Daisy,Ashnikko
2021,1,1,90,SLOW DANCING IN THE DARK,Joji
2021,1,1,91,POPSTAR (feat. Drake),"DJ Khaled, Drake"
2021,1,1,92,E-GIRLS ARE RUINING MY LIFE!,"CORPSE, Savage Ga$p"
2021,1,1,93,Sunday Best,Surfaces
2021,1,1,94,goosebumps,Travis Scott
2021,1,1,95,Electric Love,BØRNS
2021,1,1,96,No Role Modelz,J. Cole
2021,1,1,97,Are You Bored Yet? (feat. Clairo),"Wallows, Clairo"
2021,1,1,98,Whiskey Glasses,Morgan Wallen
2021,1,1,99,WHATS POPPIN,Jack Harlow
2021,1,1,100,If the World Was Ending (feat. Julia Michaels),"JP Saxe, Julia Michaels"
2021,1,1,101,Kacey Talk,YoungBoy Never Broke Again
2021,1,1,102,Drankin N Smokin,"Future, Lil Uzi Vert"
2021,1,1,103,BICHOTA,KAROL G
2021,1,1,104,Took Her To The O,King Von
2021,1,1,105,Righteous,Juice WRLD
2021,1,1,106,Dance Monkey,Tones And I
2021,1,1,107,Train Wreck,James Arthur
2021,1,1,108,ROXANNE,Arizona Zervas
2021,1,1,109,Show Out (with Skepta & Pop Smoke),"Kid Cudi, Skepta, Pop Smoke"
2021,1,1,110,Bandit (with YoungBoy Never Broke Again),"Juice WRLD, YoungBoy Never Broke Again"
2021,1,1,111,BOP,DaBaby
2021,1,1,112,Dior,Pop Smoke
2021,1,1,113,Ballin' (with Roddy Ricch),"Mustard, Roddy Ricch"
2021,1,1,114,Rain On Me (with Ariana Grande),"Lady Gaga, Ariana Grande"
2021,1,1,115,Golden,Harry Styles
2021,1,1,116,Hit Different,"SZA, The Neptunes, Pharrell Williams, Ty Dolla $ign"
2021,1,1,117,Snowman,Sia
2021,1,1,118,Chasin' You,Morgan Wallen
2021,1,1,119,Star Shopping,Lil Peep
2021,1,1,120,Hate The Other Side (with Marshmello & The Kid Laroi),"Juice WRLD, Marshmello, The Kid LAROI, Polo G"
2021,1,1,121,After Party,Don Toliver
2021,1,1,122,HIGHEST IN THE ROOM,Travis Scott
2021,1,1,123,Hawái - Remix,"Maluma, The Weeknd"
2021,1,1,124,Starting Over,Chris Stapleton
2021,1,1,125,Why'd You Only Call Me When You're High?,Arctic Monkeys
2021,1,1,126,Intentions (feat. Quavo),"Justin Bieber, Quavo"
2021,1,1,127,tolerate it,Taylor Swift
2021,1,1,128,lovely (with Khalid),"Billie Eilish, Khalid"
2021,1,1,129,Be Like That - feat. Swae Lee & Khalid,"Kane Brown, Swae Lee, Khalid"
2021,1,1,130,Say So,Doja Cat
2021,1,1,131,TE MUDASTE,Bad Bunny
2021,1,1,132,Savage Love (Laxed - Siren Beat),"Jawsh 685, Jason Derulo"
2021,1,1,133,Better Together,Luke Combs
2021,1,1,134,21,Polo G
2021,1,1,135,Slay3r,Playboi Carti
2021,1,1,136,20 Min,Lil Uzi Vert
2021,1,1,137,Smile (with The Weeknd),"Juice WRLD, The Weeknd"
2021,1,1,138,We Paid (feat. 42 Dugg),"Lil Baby, 42 Dugg"
2021,1,1,139,Goosebumps,HVME
2021,1,1,140,Falling,Harry Styles
2021,1,1,141,SAD!,XXXTENTACION
2021,1,1,142,Line Without a Hook,Ricky Montgomery
2021,1,1,143,Everybody Dies In Their Nightmares,XXXTENTACION
2021,1,1,144,The Woo (feat. 50 Cent & Roddy Ricch),"Pop Smoke, 50 Cent, Roddy Ricch"
2021,1,1,145,505,Arctic Monkeys
2021,1,1,146,Falling,Trevor Daniel
2021,1,1,147,Beautiful Crazy,Luke Combs
2021,1,1,148,MIDDLE CHILD,J. Cole
2021,1,1,149,XO Tour Llif3,Lil Uzi Vert
2021,1,1,150,The Less I Know The Better,Tame Impala
2021,1,1,151,Party Girl,StaySolidRocky
2021,1,1,152,ivy,Taylor Swift
2021,1,1,153,bad guy,Billie Eilish
2021,1,1,154,Drip Too Hard (Lil Baby & Gunna),"Lil Baby, Gunna"
2021,1,1,155,Still Goin Down,Morgan Wallen
2021,1,1,156,July,Noah Cyrus
2021,1,1,157,Fuck Love,"XXXTENTACION, Trippie Redd"
2021,1,1,158,PTSD,"G Herbo, Lil Uzi Vert, Juice WRLD, Chance the Rapper"
2021,1,1,159,SICKO MODE,Travis Scott
2021,1,1,160,Spicy (feat. Post Malone),"Ty Dolla $ign, Post Malone"
2021,1,1,161,Mr. Loverman,Ricky Montgomery
2021,1,1,162,DOLLAZ ON MY HEAD (feat. Young Thug),"Gunna, Young Thug"
2021,1,1,163,Maniac,Conan Gray
2021,1,1,164,Savage Remix (feat. Beyoncé),"Megan Thee Stallion, Beyoncé"
2021,1,1,165,THE SCOTTS,"THE SCOTTS, Travis Scott, Kid Cudi"
2021,1,1,166,Wolves (feat. Post Malone),"Big Sean, Post Malone"
2021,1,1,167,rockstar (feat. 21 Savage),"Post Malone, 21 Savage"
2021,1,1,168,happiness,Taylor Swift
2021,1,1,169,High Fashion (feat. Mustard),"Roddy Ricch, Mustard"
2021,1,1,170,Face Of My City (feat. Lil Baby),"Jack Harlow, Lil Baby"
2021,1,1,171,Armed And Dangerous,Juice WRLD
2021,1,1,172,Tongue Tied,GROUPLOVE
2021,1,1,173,Errbody,Lil Baby
2021,1,1,174,long story short,Taylor Swift
2021,1,1,175,everything i wanted,Billie Eilish
2021,1,1,176,Livin’ The Dream,Morgan Wallen
2021,1,1,177,"10,000 Hours (with Justin Bieber)","Dan + Shay, Justin Bieber"
2021,1,1,178,Toosie Slide,Drake
2021,1,1,179,Mr. Brightside,The Killers
2021,1,1,180,Girls in the Hood,Megan Thee Stallion
2021,1,1,181,I Fall Apart,Post Malone
2021,1,1,182,Say You Won't Let Go,James Arthur
2021,1,1,183,Chicago Freestyle (feat. Giveon),"Drake, Giveon"
2021,1,1,184,I Hope,Gabby Barrett
2021,1,1,185,Paradise (feat. Dermot Kennedy),"MEDUZA, Dermot Kennedy"
2021,1,1,186,cardigan,Taylor Swift
2021,1,1,187,Take You Dancing,Jason Derulo
2021,1,1,188,Head & Heart (feat. MNEK),"Joel Corry, MNEK"
2021,1,1,189,Your New Boyfriend,Wilbur Soot
2021,1,1,190,Walk Em Down (feat. Roddy Ricch),"NLE Choppa, Roddy Ricch"
2021,1,1,191,Blastoff (feat. Juice WRLD),"Internet Money, Trippie Redd, Diplo, Juice WRLD"
2021,1,1,192,7 rings,Ariana Grande
2021,1,1,193,Cover Me Up,Morgan Wallen
2021,1,1,194,Money Trees,"Kendrick Lamar, Jay Rock"
2021,1,1,195,Wow.,Post Malone
2021,1,1,196,No Guidance (feat. Drake),"Chris Brown, Drake"
2021,1,1,197,Lean Wit Me,Juice WRLD
2021,1,1,198,Tennessee Whiskey,Chris Stapleton
2021,1,1,199,Onna Come Up,Lil Eazzyy
2021,1,1,200,Flex (feat. Juice WRLD),"Polo G, Juice WRLD"
2021,2,1,1,drivers license,Olivia Rodrigo
2021,2,1,2,Good Days,SZA
2021,2,1,3,Streets,Doja Cat
2021,2,1,4,Save Your Tears,The Weeknd
2021,2,1,5,Whoopty,CJ
2021,2,1,6,Mood (feat. iann dior),"24kGoldn, iann dior"
2021,2,1,7,Lemonade (feat. NAV),"Internet Money, Gunna, Don Toliver, NAV"
2021,2,1,8,Blinding Lights,The Weeknd
2021,2,1,9,DÁKITI,"Bad Bunny, Jhayco"
2021,2,1,10,WITHOUT YOU,The Kid LAROI
2021,2,1,11,34+35,Ariana Grande
2021,2,1,12,Levitating (feat. DaBaby),"Dua Lipa, DaBaby"
2021,2,1,13,Wasted On You,Morgan Wallen
2021,2,1,14,positions,Ariana Grande
2021,2,1,15,Somebody’s Problem,Morgan Wallen
2021,2,1,16,Best Friend (feat. Doja Cat),"Saweetie, Doja Cat"
2021,2,1,17,For The Night (feat. Lil Baby & DaBaby),"Pop Smoke, Lil Baby, DaBaby"
2021,2,1,18,Sand In My Boots,Morgan Wallen
2021,2,1,19,Bad Boy (with Young Thug),"Juice WRLD, Young Thug"
2021,2,1,20,What You Know Bout Love,Pop Smoke
2021,2,1,21,Sweater Weather,The Neighbourhood
2021,2,1,22,WAP (feat. Megan Thee Stallion),"Cardi B, Megan Thee Stallion"
2021,2,1,23,Therefore I Am,Billie Eilish
2021,2,1,24,Anyone,Justin Bieber
2021,2,1,25,Laugh Now Cry Later (feat. Lil Durk),"Drake, Lil Durk"
2021,2,1,26,Heat Waves,Glass Animals
2021,2,1,27,my ex's best friend (with blackbear),"Machine Gun Kelly, blackbear"
2021,2,1,28,Wishing Well,Juice WRLD
2021,2,1,29,Body,Megan Thee Stallion
2021,2,1,30,All Girls Are The Same,Juice WRLD
2021,2,1,31,Hello (feat. A Boogie Wit da Hoodie),"Pop Smoke, A Boogie Wit da Hoodie"
2021,2,1,32,you broke me first,Tate McRae
2021,2,1,33,More Than My Hometown,Morgan Wallen
2021,2,1,34,7 Summers,Morgan Wallen
2021,2,1,35,ROCKSTAR (feat. Roddy Ricch),"DaBaby, Roddy Ricch"
2021,2,1,36,"GRAVITY (FEAT. TYLER, THE CREATOR)","Brent Faiyaz, Dahi, Tyler, The Creator"
2021,2,1,37,On Me,Lil Baby
2021,2,1,38,Come & Go (with Marshmello),"Juice WRLD, Marshmello"
2021,2,1,39,willow,Taylor Swift
2021,2,1,40,Lucid Dreams,Juice WRLD
2021,2,1,41,Baila Conmigo (with Rauw Alejandro),"Selena Gomez, Rauw Alejandro"
2021,2,1,42,Tyler Herro,Jack Harlow
2021,2,1,43,Blueberry Faygo,Lil Mosey
2021,2,1,44,Heather,Conan Gray
2021,2,1,45,Robbery,Juice WRLD
2021,2,1,46,"Whats Poppin (feat. DaBaby, Tory Lanez & Lil Wayne) [Remix] - Bonus Track","Jack Harlow, Tory Lanez, DaBaby, Lil Wayne"
2021,2,1,47,Goosebumps - Remix,"Travis Scott, HVME"
2021,2,1,48,HOLIDAY,Lil Nas X
2021,2,1,49,Cry Baby (feat. DaBaby),"Megan Thee Stallion, DaBaby"
2021,2,1,50,Martin & Gina,Polo G
2021,2,1,51,865,Morgan Wallen
2021,2,1,52,Still Goin Down,Morgan Wallen
2021,2,1,53,The Box,Roddy Ricch
2021,2,1,54,Circles,Post Malone
2021,2,1,55,Someone You Loved,Lewis Capaldi
2021,2,1,56,Sunflower - Spider-Man: Into the Spider-Verse,"Post Malone, Swae Lee"
2021,2,1,57,Way Out (feat. Big Sean),"Jack Harlow, Big Sean"
2021,2,1,58,Bang!,AJR
2021,2,1,59,Opp Stoppa (feat. 21 Savage),"YBN Nahmir, 21 Savage"
2021,2,1,60,Finesse Out The Gang Way (feat. Lil Baby),"Lil Durk, Lil Baby"
2021,2,1,61,You (with Marshmello & Vance Joy),"benny blanco, Marshmello, Vance Joy"
2021,2,1,62,Daddy Issues,The Neighbourhood
2021,2,1,63,Skin,Sabrina Carpenter
2021,2,1,64,Cover Me Up,Morgan Wallen
2021,2,1,65,SO DONE,The Kid LAROI
2021,2,1,66,Runnin,"21 Savage, Metro Boomin"
2021,2,1,67,Put Your Records On,Ritt Momney
2021,2,1,68,Monster (Shawn Mendes & Justin Bieber),"Shawn Mendes, Justin Bieber"
2021,2,1,69,Dreams - 2004 Remaster,Fleetwood Mac
2021,2,1,70,Back in Blood (feat. Lil Durk),"Pooh Shiesty, Lil Durk"
2021,2,1,71,Dynamite,BTS
2021,2,1,72,Dead Man Walking,Brent Faiyaz
2021,2,1,73,Jocelyn Flores,XXXTENTACION
2021,2,1,74,No Role Modelz,J. Cole
2021,2,1,75,Lonely (with benny blanco),"Justin Bieber, benny blanco"
2021,2,1,76,Buss It,Erica Banks
2021,2,1,77,Life Is Good (feat. Drake),"Future, Drake"
2021,2,1,78,Lo Vas A Olvidar (with ROSALÍA),"Billie Eilish, ROSALÍA"
2021,2,1,79,Whiskey Glasses,Morgan Wallen
2021,2,1,80,Holy (feat. Chance The Rapper),"Justin Bieber, Chance the Rapper"
2021,2,1,81,Hayloft,Mother Mother
2021,2,1,82,Before You Go,Lewis Capaldi
2021,2,1,83,Watermelon Sugar,Harry Styles
2021,2,1,84,Still Trappin',"Lil Durk, King Von"
2021,2,1,85,goosebumps,Travis Scott
2021,2,1,86,Dangerous,Morgan Wallen
2021,2,1,87,Prisoner (feat. Dua Lipa),"Miley Cyrus, Dua Lipa"
2021,2,1,88,Warning,Morgan Wallen
2021,2,1,89,SLOW DANCING IN THE DARK,Joji
2021,2,1,90,"Dear Maria, Count Me In",All Time Low
2021,2,1,91,PRACTICE,DaBaby
2021,2,1,92,Adore You,Harry Styles
2021,2,1,93,Electric Love,BØRNS
2021,2,1,94,death bed (coffee for your head),"Powfu, beabadoobee"
2021,2,1,95,GO (feat. Juice WRLD),"The Kid LAROI, Juice WRLD"
2021,2,1,96,Mr. Right Now (feat. Drake),"21 Savage, Metro Boomin, Drake"
2021,2,1,97,"34+35 Remix (feat. Doja Cat, Megan Thee Stallion) - Remix","Ariana Grande, Doja Cat, Megan Thee Stallion"
2021,2,1,98,Are You Bored Yet? (feat. Clairo),"Wallows, Clairo"
2021,2,1,99,hot girl bummer,blackbear
2021,2,1,100,BICHOTA,KAROL G
2021,2,1,101,Star Shopping,Lil Peep
2021,2,1,102,Dior,Pop Smoke
2021,2,1,103,POPSTAR (feat. Drake),"DJ Khaled, Drake"
2021,2,1,104,Moonwalking in Calabasas (feat. Blueface) - Remix,"DDG, Blueface"
2021,2,1,105,Mood Swings (feat. Lil Tjay),"Pop Smoke, Lil Tjay"
2021,2,1,106,Drankin N Smokin,"Future, Lil Uzi Vert"
2021,2,1,107,Bandit (with YoungBoy Never Broke Again),"Juice WRLD, YoungBoy Never Broke Again"
2021,2,1,108,SAD!,XXXTENTACION
2021,2,1,109,champagne problems,Taylor Swift
2021,2,1,110,HIGHEST IN THE ROOM,Travis Scott
2021,2,1,111,Why'd You Only Call Me When You're High?,Arctic Monkeys
2021,2,1,112,Chasin' You,Morgan Wallen
2021,2,1,113,LA NOCHE DE ANOCHE,"Bad Bunny, ROSALÍA"
2021,2,1,114,Godzilla (feat. Juice WRLD),"Eminem, Juice WRLD"
2021,2,1,115,Sofia,Clairo
2021,2,1,116,Golden,Harry Styles
2021,2,1,117,Train Wreck,James Arthur
2021,2,1,118,Forever After All,Luke Combs
2021,2,1,119,Go Crazy,"Chris Brown, Young Thug"
2021,2,1,120,lovely (with Khalid),"Billie Eilish, Khalid"
2021,2,1,121,Better Together,Luke Combs
2021,2,1,122,Paradise (feat. Dermot Kennedy),"MEDUZA, Dermot Kennedy"
2021,2,1,123,21,Polo G
2021,2,1,124,Livin’ The Dream,Morgan Wallen
2021,2,1,125,If the World Was Ending (feat. Julia Michaels),"JP Saxe, Julia Michaels"
2021,2,1,126,BOP,DaBaby
2021,2,1,127,Violent,carolesdaughter
2021,2,1,128,Righteous,Juice WRLD
2021,2,1,129,Don't Start Now,Dua Lipa
2021,2,1,130,pov,Ariana Grande
2021,2,1,131,Tequila Shots,Kid Cudi
2021,2,1,132,505,Arctic Monkeys
2021,2,1,133,Reminds Me Of You,"Juice WRLD, The Kid LAROI"
2021,2,1,134,E-GIRLS ARE RUINING MY LIFE!,"CORPSE, Savage Ga$p"
2021,2,1,135,This Bar,Morgan Wallen
2021,2,1,136,MIDDLE CHILD,J. Cole
2021,2,1,137,20 Min,Lil Uzi Vert
2021,2,1,138,Roses - Imanbek Remix,"SAINt JHN, Imanbek"
2021,2,1,139,Everybody Dies In Their Nightmares,XXXTENTACION
2021,2,1,140,XO Tour Llif3,Lil Uzi Vert
2021,2,1,141,Fuck Love,"XXXTENTACION, Trippie Redd"
2021,2,1,142,Can You Feel My Heart,Bring Me The Horizon
2021,2,1,143,Line Without a Hook,Ricky Montgomery
2021,2,1,144,Drip Too Hard (Lil Baby & Gunna),"Lil Baby, Gunna"
2021,2,1,145,oops!,Yung Gravy
2021,2,1,146,Falling,Harry Styles
2021,2,1,147,Ballin' (with Roddy Ricch),"Mustard, Roddy Ricch"
2021,2,1,148,Beautiful Crazy,Luke Combs
2021,2,1,149,The Less I Know The Better,Tame Impala
2021,2,1,150,After Party,Don Toliver
2021,2,1,151,Hate The Other Side (with Marshmello & The Kid Laroi),"Juice WRLD, Marshmello, The Kid LAROI, Polo G"
2021,2,1,152,Masterpiece,DaBaby
2021,2,1,153,ROXANNE,Arizona Zervas
2021,2,1,154,Mr. Brightside,The Killers
2021,2,1,155,Remember That Night?,Sara Kays
2021,2,1,156,Tongue Tied,GROUPLOVE
2021,2,1,157,We Paid (feat. 42 Dugg),"Lil Baby, 42 Dugg"
2021,2,1,158,Be Like That - feat. Swae Lee & Khalid,"Kane Brown, Swae Lee, Khalid"
2021,2,1,159,The Business,Tiësto
2021,2,1,160,WHATS POPPIN,Jack Harlow
2021,2,1,161,SICKO MODE,Travis Scott
2021,2,1,162,Hit Different,"SZA, The Neptunes, Pharrell Williams, Ty Dolla $ign"
2021,2,1,163,"All I Want - From ""High School Musical: The Musical: The Series""","Olivia Rodrigo, Disney"
2021,2,1,164,July,Noah Cyrus
2021,2,1,165,Smile (with The Weeknd),"Juice WRLD, The Weeknd"
2021,2,1,166,Mr. Loverman,Ricky Montgomery
2021,2,1,167,Sky,Playboi Carti
2021,2,1,168,Take Me to Church,Hozier
2021,2,1,169,Took Her To The O,King Von
2021,2,1,170,Falling,Trevor Daniel
2021,2,1,171,Daisy,Ashnikko
2021,2,1,172,Neon Eyes,Morgan Wallen
2021,2,1,173,Maniac,Conan Gray
2021,2,1,174,Say You Won't Let Go,James Arthur
2021,2,1,175,Mr. Rager,Kid Cudi
2021,2,1,176,Bandaid On A Bullet Hole,Morgan Wallen
2021,2,1,177,forget me too (feat. Halsey),"Machine Gun Kelly, Halsey"
2021,2,1,178,Armed And Dangerous,Juice WRLD
2021,2,1,179,More Surprised Than Me,Morgan Wallen
2021,2,1,180,I Fall Apart,Post Malone
2021,2,1,181,TE MUDASTE,Bad Bunny
2021,2,1,182,Spicy (feat. Post Malone),"Ty Dolla $ign, Post Malone"
2021,2,1,183,Onna Come Up (feat. G Herbo) [Remix],"Lil Eazzyy, G Herbo"
2021,2,1,184,Hope,XXXTENTACION
2021,2,1,185,The Woo (feat. 50 Cent & Roddy Ricch),"Pop Smoke, 50 Cent, Roddy Ricch"
2021,2,1,186,Bandido,"Myke Towers, Juhn"
2021,2,1,187,Dance Monkey,Tones And I
2021,2,1,188,Errbody,Lil Baby
2021,2,1,189,PTSD,"G Herbo, Lil Uzi Vert, Juice WRLD, Chance the Rapper"
2021,2,1,190,"10,000 Hours (with Justin Bieber)","Dan + Shay, Justin Bieber"
2021,2,1,191,Money Trees,"Kendrick Lamar, Jay Rock"
2021,2,1,192,Moonlight,XXXTENTACION
2021,2,1,193,bloody valentine,Machine Gun Kelly
2021,2,1,194,Adderall (Corvette Corvette) [feat. Lil Uzi Vert] - Remix,"Popp Hunna, Lil Uzi Vert"
2021,2,1,195,Sunday Best,Surfaces
2021,2,1,196,Wonder,Shawn Mendes
2021,2,1,197,The Hills,The Weeknd
2021,2,1,198,GIRL LIKE ME,"Black Eyed Peas, Shakira"
2021,2,1,199,Savage Love (Laxed - Siren Beat),"Jawsh 685, Jason Derulo"
2021,2,1,200,You're Mines Still (feat. Drake),"Yung Bleu, Drake"
2021,3,1,1,drivers license,Olivia Rodrigo
2021,3,1,2,Calling My Phone,"Lil Tjay, 6LACK"
2021,3,1,3,Up,Cardi B
2021,3,1,4,telepatía,Kali Uchis
2021,3,1,5,Good Days,SZA
2021,3,1,6,Save Your Tears,The Weeknd
2021,3,1,7,Streets,Doja Cat
2021,3,1,8,Blinding Lights,The Weeknd
2021,3,1,9,Back in Blood (feat. Lil Durk),"Pooh Shiesty, Lil Durk"
2021,3,1,10,Mood (feat. iann dior),"24kGoldn, iann dior"
2021,3,1,11,Astronaut In The Ocean,Masked Wolf
2021,3,1,12,Levitating (feat. DaBaby),"Dua Lipa, DaBaby"
2021,3,1,13,Best Friend (feat. Doja Cat),"Saweetie, Doja Cat"
2021,3,1,14,Whoopty,CJ
2021,3,1,15,Heat Waves,Glass Animals
2021,3,1,16,WITHOUT YOU,The Kid LAROI
2021,3,1,17,DÁKITI,"Bad Bunny, Jhayco"
2021,3,1,18,34+35,Ariana Grande
2021,3,1,19,Heartbreak Anniversary,Giveon
2021,3,1,20,Lemonade (feat. NAV),"Internet Money, Gunna, Don Toliver, NAV"
2021,3,1,21,What You Know Bout Love,Pop Smoke
2021,3,1,22,Sweater Weather,The Neighbourhood
2021,3,1,23,positions,Ariana Grande
2021,3,1,24,For The Night (feat. Lil Baby & DaBaby),"Pop Smoke, Lil Baby, DaBaby"
2021,3,1,25,WAP (feat. Megan Thee Stallion),"Cardi B, Megan Thee Stallion"
2021,3,1,26,ROCKSTAR (feat. Roddy Ricch),"DaBaby, Roddy Ricch"
2021,3,1,27,Only Wanna Be With You - Pokémon 25 Version,Post Malone
2021,3,1,28,On Me,Lil Baby
2021,3,1,29,my ex's best friend (with blackbear),"Machine Gun Kelly, blackbear"
2021,3,1,30,Wishing Well,Juice WRLD
2021,3,1,31,Therefore I Am,Billie Eilish
2021,3,1,32,Laugh Now Cry Later (feat. Lil Durk),"Drake, Lil Durk"
2021,3,1,33,AP - Music from the film Boogie,Pop Smoke
2021,3,1,34,All Girls Are The Same,Juice WRLD
2021,3,1,35,Wasted On You,Morgan Wallen
2021,3,1,36,Goosebumps - Remix,"Travis Scott, HVME"
2021,3,1,37,Hello (feat. A Boogie Wit da Hoodie),"Pop Smoke, A Boogie Wit da Hoodie"
2021,3,1,38,you broke me first,Tate McRae
2021,3,1,39,Martin & Gina,Polo G
2021,3,1,40,Come & Go (with Marshmello),"Juice WRLD, Marshmello"
2021,3,1,41,Anyone,Justin Bieber
2021,3,1,42,Lucid Dreams,Juice WRLD
2021,3,1,43,Circles,Post Malone
2021,3,1,44,We're Good,Dua Lipa
2021,3,1,45,Sunflower - Spider-Man: Into the Spider-Verse,"Post Malone, Swae Lee"
2021,3,1,46,Opp Stoppa (feat. 21 Savage),"YBN Nahmir, 21 Savage"
2021,3,1,47,"Whats Poppin (feat. DaBaby, Tory Lanez & Lil Wayne) [Remix] - Bonus Track","Jack Harlow, Tory Lanez, DaBaby, Lil Wayne"
2021,3,1,48,Bang!,AJR
2021,3,1,49,Sand In My Boots,Morgan Wallen
2021,3,1,50,Blueberry Faygo,Lil Mosey
2021,3,1,51,SugarCrash!,ElyOtto
2021,3,1,52,Tyler Herro,Jack Harlow
2021,3,1,53,Robbery,Juice WRLD
2021,3,1,54,ROLLIN N CONTROLLIN FREESTYLE,DUSTY LOCANE
2021,3,1,55,LA NOCHE DE ANOCHE,"Bad Bunny, ROSALÍA"
2021,3,1,56,Body,Megan Thee Stallion
2021,3,1,57,Cry Baby (feat. DaBaby),"Megan Thee Stallion, DaBaby"
2021,3,1,58,Someone You Loved,Lewis Capaldi
2021,3,1,59,The Box,Roddy Ricch
2021,3,1,60,Heather,Conan Gray
2021,3,1,61,Bad Boy (with Young Thug),"Juice WRLD, Young Thug"
2021,3,1,62,Daddy Issues,The Neighbourhood
2021,3,1,63,Arcade,Duncan Laurence
2021,3,1,64,No Role Modelz,J. Cole
2021,3,1,65,Hayloft,Mother Mother
2021,3,1,66,willow,Taylor Swift
2021,3,1,67,Somebody’s Problem,Morgan Wallen
2021,3,1,68,Better Together,Luke Combs
2021,3,1,69,The Business,Tiësto
2021,3,1,70,Dreams - 2004 Remaster,Fleetwood Mac
2021,3,1,71,Watermelon Sugar,Harry Styles
2021,3,1,72,Life Is Good (feat. Drake),"Future, Drake"
2021,3,1,73,goosebumps,Travis Scott
2021,3,1,74,Holy (feat. Chance The Rapper),"Justin Bieber, Chance the Rapper"
2021,3,1,75,Electric Love,BØRNS
2021,3,1,76,Whiskey Glasses,Morgan Wallen
2021,3,1,77,The Hills,The Weeknd
2021,3,1,78,Before You Go,Lewis Capaldi
2021,3,1,79,Jocelyn Flores,XXXTENTACION
2021,3,1,80,Way Out (feat. Big Sean),"Jack Harlow, Big Sean"
2021,3,1,81,Runnin,"21 Savage, Metro Boomin"
2021,3,1,82,SLOW DANCING IN THE DARK,Joji
2021,3,1,83,More Than My Hometown,Morgan Wallen
2021,3,1,84,7 Summers,Morgan Wallen
2021,3,1,85,Put Your Records On,Ritt Momney
2021,3,1,86,Beat Box 3 (feat. DaBaby),"SpotemGottem, DaBaby"
2021,3,1,87,Adore You,Harry Styles
2021,3,1,88,death bed (coffee for your head),"Powfu, beabadoobee"
2021,3,1,89,Dynamite,BTS
2021,3,1,90,Dior,Pop Smoke
2021,3,1,91,Dead Man Walking,Brent Faiyaz
2021,3,1,92,hot girl bummer,blackbear
2021,3,1,93,20 Min,Lil Uzi Vert
2021,3,1,94,test drive,Ariana Grande
2021,3,1,95,CHICKEN TENDIES,Clinton Kane
2021,3,1,96,Love Story (Taylor’s Version),Taylor Swift
2021,3,1,97,Cover Me Up,Morgan Wallen
2021,3,1,98,Masterpiece,DaBaby
2021,3,1,99,Still Trappin',"Lil Durk, King Von"
2021,3,1,100,Are You Bored Yet? (feat. Clairo),"Wallows, Clairo"
2021,3,1,101,Moonwalking in Calabasas (feat. Blueface) - Remix,"DDG, Blueface"
2021,3,1,102,GO (feat. Juice WRLD),"The Kid LAROI, Juice WRLD"
2021,3,1,103,Throat Baby (Go Baby) (with DaBaby & City Girls) - Remix,"BRS Kash, DaBaby, City Girls"
2021,3,1,104,Bandido,"Myke Towers, Juhn"
2021,3,1,105,Mr. Brightside,The Killers
2021,3,1,106,"34+35 Remix (feat. Doja Cat, Megan Thee Stallion) - Remix","Ariana Grande, Doja Cat, Megan Thee Stallion"
2021,3,1,107,Mood Swings (feat. Lil Tjay),"Pop Smoke, Lil Tjay"
2021,3,1,108,lovely (with Khalid),"Billie Eilish, Khalid"
2021,3,1,109,XO Tour Llif3,Lil Uzi Vert
2021,3,1,110,SO DONE,The Kid LAROI
2021,3,1,111,21,Polo G
2021,3,1,112,BOP,DaBaby
2021,3,1,113,Star Shopping,Lil Peep
2021,3,1,114,Godzilla (feat. Juice WRLD),"Eminem, Juice WRLD"
2021,3,1,115,POPSTAR (feat. Drake),"DJ Khaled, Drake"
2021,3,1,116,Prisoner (feat. Dua Lipa),"Miley Cyrus, Dua Lipa"
2021,3,1,117,Tongue Tied,GROUPLOVE
2021,3,1,118,Golden,Harry Styles
2021,3,1,119,You're Mines Still (feat. Drake),"Yung Bleu, Drake"
2021,3,1,120,Spicy (feat. Post Malone),"Ty Dolla $ign, Post Malone"
2021,3,1,121,The Less I Know The Better,Tame Impala
2021,3,1,122,HIGHEST IN THE ROOM,Travis Scott
2021,3,1,123,MIDDLE CHILD,J. Cole
2021,3,1,124,CLOUDS,NF
2021,3,1,125,Bandit (with YoungBoy Never Broke Again),"Juice WRLD, YoungBoy Never Broke Again"
2021,3,1,126,Don't Start Now,Dua Lipa
2021,3,1,127,Lonely (with benny blanco),"Justin Bieber, benny blanco"
2021,3,1,128,SAD!,XXXTENTACION
2021,3,1,129,Go Crazy,"Chris Brown, Young Thug"
2021,3,1,130,Chasin' You,Morgan Wallen
2021,3,1,131,Ballin' (with Roddy Ricch),"Mustard, Roddy Ricch"
2021,3,1,132,Drip Too Hard (Lil Baby & Gunna),"Lil Baby, Gunna"
2021,3,1,133,SICKO MODE,Travis Scott
2021,3,1,134,"GRAVITY (FEAT. TYLER, THE CREATOR)","Brent Faiyaz, Dahi, Tyler, The Creator"
2021,3,1,135,If the World Was Ending (feat. Julia Michaels),"JP Saxe, Julia Michaels"
2021,3,1,136,HOLIDAY,Lil Nas X
2021,3,1,137,Beautiful Crazy,Luke Combs
2021,3,1,138,Baila Conmigo (with Rauw Alejandro),"Selena Gomez, Rauw Alejandro"
2021,3,1,139,505,Arctic Monkeys
2021,3,1,140,Forever After All,Luke Combs
2021,3,1,141,Starboy,"The Weeknd, Daft Punk"
2021,3,1,142,Why'd You Only Call Me When You're High?,Arctic Monkeys
2021,3,1,143,865,Morgan Wallen
2021,3,1,144,Violent,carolesdaughter
2021,3,1,145,Be Like That - feat. Swae Lee & Khalid,"Kane Brown, Swae Lee, Khalid"
2021,3,1,146,Roses - Imanbek Remix,"SAINt JHN, Imanbek"
2021,3,1,147,Take Me to Church,Hozier
2021,3,1,148,Time Today,Moneybagg Yo
2021,3,1,149,Sofia,Clairo
2021,3,1,150,Monster (Shawn Mendes & Justin Bieber),"Shawn Mendes, Justin Bieber"
2021,3,1,151,I Fall Apart,Post Malone
2021,3,1,152,Redbone,Childish Gambino
2021,3,1,153,Righteous,Juice WRLD
2021,3,1,154,Hot N*gga,Bobby Shmurda
2021,3,1,155,After Party,Don Toliver
2021,3,1,156,ROXANNE,Arizona Zervas
2021,3,1,157,Talk To Me,"Drakeo the Ruler, Drake"
2021,3,1,158,GIRL LIKE ME,"Black Eyed Peas, Shakira"
2021,3,1,159,Paradise (feat. Dermot Kennedy),"MEDUZA, Dermot Kennedy"
2021,3,1,160,Mr. Loverman,Ricky Montgomery
2021,3,1,161,Burning Pile,Mother Mother
2021,3,1,162,bad guy,Billie Eilish
2021,3,1,163,Line Without a Hook,Ricky Montgomery
2021,3,1,164,when the party's over,Billie Eilish
2021,3,1,165,Hate The Other Side (with Marshmello & The Kid Laroi),"Juice WRLD, Marshmello, The Kid LAROI, Polo G"
2021,3,1,166,We Paid (feat. 42 Dugg),"Lil Baby, 42 Dugg"
2021,3,1,167,Fuck Love,"XXXTENTACION, Trippie Redd"
2021,3,1,168,The Spins,"Mac Miller, Empire of the Sun"
2021,3,1,169,WHATS POPPIN,Jack Harlow
2021,3,1,170,"Dear Maria, Count Me In",All Time Low
2021,3,1,171,Say You Won't Let Go,James Arthur
2021,3,1,172,Falling,Harry Styles
2021,3,1,173,Still Goin Down,Morgan Wallen
2021,3,1,174,Train Wreck,James Arthur
2021,3,1,175,Big Gangsta,Kevin Gates
2021,3,1,176,Cigarette Daydreams,Cage The Elephant
2021,3,1,177,Everybody Dies In Their Nightmares,XXXTENTACION
2021,3,1,178,July,Noah Cyrus
2021,3,1,179,Day 'N' Nite (nightmare),Kid Cudi
2021,3,1,180,rockstar (feat. 21 Savage),"Post Malone, 21 Savage"
2021,3,1,181,See You Again (feat. Kali Uchis),"Tyler, The Creator, Kali Uchis"
2021,3,1,182,Buss It,Erica Banks
2021,3,1,183,Dance Monkey,Tones And I
2021,3,1,184,Everybody Talks,Neon Trees
2021,3,1,185,Sunday Best,Surfaces
2021,3,1,186,Ric Flair Drip (with Metro Boomin),"Offset, Metro Boomin"
2021,3,1,187,Money Trees,"Kendrick Lamar, Jay Rock"
2021,3,1,188,Don't Stop Believin',Journey
2021,3,1,189,Took Her To The O,King Von
2021,3,1,190,I Feel It Coming,"The Weeknd, Daft Punk"
2021,3,1,191,F.N,Lil Tjay
2021,3,1,192,everything i wanted,Billie Eilish
2021,3,1,193,Reminds Me Of You,"Juice WRLD, The Kid LAROI"
2021,3,1,194,Chicago Freestyle (feat. Giveon),"Drake, Giveon"
2021,3,1,195,Murder on My Mind,YNW Melly
2021,3,1,196,My Head & My Heart,Ava Max
2021,3,1,197,The Woo (feat. 50 Cent & Roddy Ricch),"Pop Smoke, 50 Cent, Roddy Ricch"
2021,3,1,198,Wow.,Post Malone
2021,3,1,199,Falling,Trevor Daniel
2021,3,1,200,Pop Out (feat. Lil Tjay),"Polo G, Lil Tjay"
2021,4,1,1,MONTERO (Call Me By Your Name),Lil Nas X
2021,4,1,2,Peaches (feat. Daniel Caesar & Giveon),"Justin Bieber, Daniel Caesar, Giveon"
2021,4,1,3,Up,Cardi B
2021,4,1,4,Astronaut In The Ocean,Masked Wolf
2021,4,1,5,telepatía,Kali Uchis
2021,4,1,6,Leave The Door Open,"Bruno Mars, Anderson .Paak, Silk Sonic"
2021,4,1,7,Calling My Phone,"Lil Tjay, 6LACK"
2021,4,1,8,drivers license,Olivia Rodrigo
2021,4,1,9,Levitating (feat. DaBaby),"Dua Lipa, DaBaby"
2021,4,1,10,Heartbreak Anniversary,Giveon
2021,4,1,11,Streets,Doja Cat
2021,4,1,12,Save Your Tears,The Weeknd
2021,4,1,13,What’s Next,Drake
2021,4,1,14,Good Days,SZA
2021,4,1,15,Wants and Needs (feat. Lil Baby),"Drake, Lil Baby"
2021,4,1,16,Hold On,Justin Bieber
2021,4,1,17,You All Over Me (feat. Maren Morris) (Taylor’s Version) (From The Vault),"Taylor Swift, Maren Morris"
2021,4,1,18,As I Am (feat. Khalid),"Justin Bieber, Khalid"
2021,4,1,19,Heat Waves,Glass Animals
2021,4,1,20,Richer (feat. Polo G),"Rod Wave, Polo G"
2021,4,1,21,Best Friend (feat. Doja Cat),"Saweetie, Doja Cat"
2021,4,1,22,Back in Blood (feat. Lil Durk),"Pooh Shiesty, Lil Durk"
2021,4,1,23,Blinding Lights,The Weeknd
2021,4,1,24,Mood (feat. iann dior),"24kGoldn, iann dior"
2021,4,1,25,DÁKITI,"Bad Bunny, Jhayco"
2021,4,1,26,Street Runner,Rod Wave
2021,4,1,27,Headshot (feat. Polo G & Fivio Foreign),"Lil Tjay, Polo G, Fivio Foreign"
2021,4,1,28,WITHOUT YOU,The Kid LAROI
2021,4,1,29,Anyone,Justin Bieber
2021,4,1,30,Tombstone,Rod Wave
2021,4,1,31,Holy (feat. Chance The Rapper),"Justin Bieber, Chance the Rapper"
2021,4,1,32,Whoopty,CJ
2021,4,1,33,Lemonade (feat. NAV),"Internet Money, Gunna, Don Toliver, NAV"
2021,4,1,34,What You Know Bout Love,Pop Smoke
2021,4,1,35,Sweater Weather,The Neighbourhood
2021,4,1,36,For The Night (feat. Lil Baby & DaBaby),"Pop Smoke, Lil Baby, DaBaby"
2021,4,1,37,WAP (feat. Megan Thee Stallion),"Cardi B, Megan Thee Stallion"
2021,4,1,38,Beat Box 3 (feat. DaBaby),"SpotemGottem, DaBaby"
2021,4,1,39,On Me,Lil Baby
2021,4,1,40,ROCKSTAR (feat. Roddy Ricch),"DaBaby, Roddy Ricch"
2021,4,1,41,my ex's best friend (with blackbear),"Machine Gun Kelly, blackbear"
2021,4,1,42,34+35,Ariana Grande
2021,4,1,43,positions,Ariana Grande
2021,4,1,44,We're Good,Dua Lipa
2021,4,1,45,Goosebumps - Remix,"Travis Scott, HVME"
2021,4,1,46,Laugh Now Cry Later (feat. Lil Durk),"Drake, Lil Durk"
2021,4,1,47,Beautiful Mistakes (feat. Megan Thee Stallion),"Maroon 5, Megan Thee Stallion"
2021,4,1,48,Bang!,AJR
2021,4,1,49,Martin & Gina,Polo G
2021,4,1,50,you broke me first,Tate McRae
2021,4,1,51,All Girls Are The Same,Juice WRLD
2021,4,1,52,Sunflower - Spider-Man: Into the Spider-Verse,"Post Malone, Swae Lee"
2021,4,1,53,Wishing Well,Juice WRLD
2021,4,1,54,Circles,Post Malone
2021,4,1,55,Cupid's Chokehold / Breakfast in America,Gym Class Heroes
2021,4,1,56,Cloud 9,Beach Bunny
2021,4,1,57,Ghost,Justin Bieber
2021,4,1,58,Lemon Pepper Freestyle (feat. Rick Ross),"Drake, Rick Ross"
2021,4,1,59,Therefore I Am,Billie Eilish
2021,4,1,60,Lonely (with benny blanco),"Justin Bieber, benny blanco"
2021,4,1,61,Come & Go (with Marshmello),"Juice WRLD, Marshmello"
2021,4,1,62,Lucid Dreams,Juice WRLD
2021,4,1,63,"Whats Poppin (feat. DaBaby, Tory Lanez & Lil Wayne) [Remix] - Bonus Track","Jack Harlow, Tory Lanez, DaBaby, Lil Wayne"
2021,4,1,64,Blueberry Faygo,Lil Mosey
2021,4,1,65,Hello (feat. A Boogie Wit da Hoodie),"Pop Smoke, A Boogie Wit da Hoodie"
2021,4,1,66,Watermelon Sugar,Harry Styles
2021,4,1,67,Off My Face,Justin Bieber
2021,4,1,68,JUST LIKE YOU,NF
2021,4,1,69,Unstable (feat. The Kid LAROI),"Justin Bieber, The Kid LAROI"
2021,4,1,70,Wasted On You,Morgan Wallen
2021,4,1,71,Someone You Loved,Lewis Capaldi
2021,4,1,72,The Box,Roddy Ricch
2021,4,1,73,Body,Megan Thee Stallion
2021,4,1,74,Big Gangsta,Kevin Gates
2021,4,1,75,No Role Modelz,J. Cole
2021,4,1,76,The Business,Tiësto
2021,4,1,77,Opp Stoppa (feat. 21 Savage),"YBN Nahmir, 21 Savage"
2021,4,1,78,Dreams - 2004 Remaster,Fleetwood Mac
2021,4,1,79,Robbery,Juice WRLD
2021,4,1,80,Arcade,Duncan Laurence
2021,4,1,81,Time Today,Moneybagg Yo
2021,4,1,82,Don't Start Now,Dua Lipa
2021,4,1,83,Forever After All,Luke Combs
2021,4,1,84,Heather,Conan Gray
2021,4,1,85,LA NOCHE DE ANOCHE,"Bad Bunny, ROSALÍA"
2021,4,1,86,HOLIDAY,Lil Nas X
2021,4,1,87,Cry Baby (feat. DaBaby),"Megan Thee Stallion, DaBaby"
2021,4,1,88,JETSKI,"Internet Money, Lil Tecca, Lil Mosey"
2021,4,1,89,Electric Love,BØRNS
2021,4,1,90,Life Is Good (feat. Drake),"Future, Drake"
2021,4,1,91,Daddy Issues,The Neighbourhood
2021,4,1,92,goosebumps,Travis Scott
2021,4,1,93,LOST,"NF, Hopsin"
2021,4,1,94,Adore You,Harry Styles
2021,4,1,95,Whiskey Glasses,Morgan Wallen
2021,4,1,96,Way Out (feat. Big Sean),"Jack Harlow, Big Sean"
2021,4,1,97,SugarCrash!,ElyOtto
2021,4,1,98,Tyler Herro,Jack Harlow
2021,4,1,99,CLOUDS,NF
2021,4,1,100,hot girl bummer,blackbear
2021,4,1,101,Die For You (feat. Dominic Fike),"Justin Bieber, Dominic Fike"
2021,4,1,102,2 Much,Justin Bieber
2021,4,1,103,Track Star,Mooski
2021,4,1,104,Deserve You,Justin Bieber
2021,4,1,105,Golden,Harry Styles
2021,4,1,106,Runnin,"21 Savage, Metro Boomin"
2021,4,1,107,Put Your Records On,Ritt Momney
2021,4,1,108,Sand In My Boots,Morgan Wallen
2021,4,1,109,BOP,DaBaby
2021,4,1,110,Jocelyn Flores,XXXTENTACION
2021,4,1,111,Real As It Gets (feat. EST Gee),"Lil Baby, EST Gee"
2021,4,1,112,20 Min,Lil Uzi Vert
2021,4,1,113,SLOW DANCING IN THE DARK,Joji
2021,4,1,114,Glad You Exist,Dan + Shay
2021,4,1,115,Tongue Tied,GROUPLOVE
2021,4,1,116,More Than My Hometown,Morgan Wallen
2021,4,1,117,Before You Go,Lewis Capaldi
2021,4,1,118,Hayloft,Mother Mother
2021,4,1,119,Dior,Pop Smoke
2021,4,1,120,Bad Boy (with Young Thug),"Juice WRLD, Young Thug"
2021,4,1,121,Please Don't Go,Mike Posner
2021,4,1,122,You're Mines Still (feat. Drake),"Yung Bleu, Drake"
2021,4,1,123,Mr. Brightside,The Killers
2021,4,1,124,POPSTAR (feat. Drake),"DJ Khaled, Drake"
2021,4,1,125,Talking to the Moon,Bruno Mars
2021,4,1,126,The Hills,The Weeknd
2021,4,1,127,willow,Taylor Swift
2021,4,1,128,death bed (coffee for your head),"Powfu, beabadoobee"
2021,4,1,129,21,Polo G
2021,4,1,130,Somebody’s Problem,Morgan Wallen
2021,4,1,131,lovely (with Khalid),"Billie Eilish, Khalid"
2021,4,1,132,Masterpiece,DaBaby
2021,4,1,133,Spicy (feat. Post Malone),"Ty Dolla $ign, Post Malone"
2021,4,1,134,DAYWALKER! (feat. CORPSE),"Machine Gun Kelly, CORPSE"
2021,4,1,135,7 Summers,Morgan Wallen
2021,4,1,136,Are You Bored Yet? (feat. Clairo),"Wallows, Clairo"
2021,4,1,137,The Less I Know The Better,Tame Impala
2021,4,1,138,Loved By You (feat. Burna Boy),"Justin Bieber, Burna Boy"
2021,4,1,139,Love You Different (feat. BEAM),"Justin Bieber, BEAM"
2021,4,1,140,MIDDLE CHILD,J. Cole
2021,4,1,141,Go Crazy,"Chris Brown, Young Thug"
2021,4,1,142,Beautiful Crazy,Luke Combs
2021,4,1,143,Moonwalking in Calabasas (feat. Blueface) - Remix,"DDG, Blueface"
2021,4,1,144,Godzilla (feat. Juice WRLD),"Eminem, Juice WRLD"
2021,4,1,145,Hard For The Next (with Future),"Moneybagg Yo, Future"
2021,4,1,146,Still Trappin',"Lil Durk, King Von"
2021,4,1,147,Dead Man Walking,Brent Faiyaz
2021,4,1,148,ROLLIN N CONTROLLIN FREESTYLE,DUSTY LOCANE
2021,4,1,149,XO Tour Llif3,Lil Uzi Vert
2021,4,1,150,My Head & My Heart,Ava Max
2021,4,1,151,Dynamite,BTS
2021,4,1,152,Ballin' (with Roddy Ricch),"Mustard, Roddy Ricch"
2021,4,1,153,Prisoner (feat. Dua Lipa),"Miley Cyrus, Dua Lipa"
2021,4,1,154,Be Like That - feat. Swae Lee & Khalid,"Kane Brown, Swae Lee, Khalid"
2021,4,1,155,HIGHEST IN THE ROOM,Travis Scott
2021,4,1,156,Company (feat. Future),"24kGoldn, Future"
2021,4,1,157,The Spins,"Mac Miller, Empire of the Sun"
2021,4,1,158,I Fall Apart,Post Malone
2021,4,1,159,Cover Me Up,Morgan Wallen
2021,4,1,160,Lifetime,Justin Bieber
2021,4,1,161,Bandit (with YoungBoy Never Broke Again),"Juice WRLD, YoungBoy Never Broke Again"
2021,4,1,162,TRUST,"NF, Tech N9ne"
2021,4,1,163,SAD!,XXXTENTACION
2021,4,1,164,Everybody Talks,Neon Trees
2021,4,1,165,SICKO MODE,Travis Scott
2021,4,1,166,Mood Swings (feat. Lil Tjay),"Pop Smoke, Lil Tjay"
2021,4,1,167,3 O'Clock Things,AJR
2021,4,1,168,GO (feat. Juice WRLD),"The Kid LAROI, Juice WRLD"
2021,4,1,169,Falling,Harry Styles
2021,4,1,170,Drip Too Hard (Lil Baby & Gunna),"Lil Baby, Gunna"
2021,4,1,171,Chasin' You,Morgan Wallen
2021,4,1,172,505,Arctic Monkeys
2021,4,1,173,Cigarette Daydreams,Cage The Elephant
2021,4,1,174,After Party,Don Toliver
2021,4,1,175,If the World Was Ending (feat. Julia Michaels),"JP Saxe, Julia Michaels"
2021,4,1,176,Somebody,Justin Bieber
2021,4,1,177,On The Ground,ROSÉ
2021,4,1,178,Tennessee Whiskey,Chris Stapleton
2021,4,1,179,Star Shopping,Lil Peep
2021,4,1,180,THAT'S A JOKE,NF
2021,4,1,181,Slumber Party (feat. Princess Nokia),"Ashnikko, Princess Nokia"
2021,4,1,182,Roses - Imanbek Remix,"SAINt JHN, Imanbek"
2021,4,1,183,Batman,LPB Poody
2021,4,1,184,Take Me to Church,Hozier
2021,4,1,185,Sofia,Clairo
2021,4,1,186,DRIFTING,NF
2021,4,1,187,ROXANNE,Arizona Zervas
2021,4,1,188,SoulFly,Rod Wave
2021,4,1,189,Sunday Best,Surfaces
2021,4,1,190,Day 'N' Nite (nightmare),Kid Cudi
2021,4,1,191,LAYERS,NF
2021,4,1,192,Don't Stop Believin',Journey
2021,4,1,193,WHATS POPPIN,Jack Harlow
2021,4,1,194,Money Trees,"Kendrick Lamar, Jay Rock"
2021,4,1,195,GIRL LIKE ME,"Black Eyed Peas, Shakira"
2021,4,1,196,Mr. Loverman,Ricky Montgomery
2021,4,1,197,Ric Flair Drip (with Metro Boomin),"Offset, Metro Boomin"
2021,4,1,198,everything i wanted,Billie Eilish
2021,4,1,199,Say You Won't Let Go,James Arthur
2021,4,1,200,STORY,NF
2021,5,1,1,Kiss Me More (feat. SZA),"Doja Cat, SZA"
2021,5,1,2,RAPSTAR,Polo G
2021,5,1,3,MONTERO (Call Me By Your Name),Lil Nas X
2021,5,1,4,Your Power,Billie Eilish
2021,5,1,5,Peaches (feat. Daniel Caesar & Giveon),"Justin Bieber, Daniel Caesar, Giveon"
2021,5,1,6,Levitating (feat. DaBaby),"Dua Lipa, DaBaby"
2021,5,1,7,deja vu,Olivia Rodrigo
2021,5,1,8,Astronaut In The Ocean,Masked Wolf
2021,5,1,9,Leave The Door Open,"Bruno Mars, Anderson .Paak, Silk Sonic"
2021,5,1,10,Heartbreak Anniversary,Giveon
2021,5,1,11,Save Your Tears (with Ariana Grande) (Remix),"The Weeknd, Ariana Grande"
2021,5,1,12,Up,Cardi B
2021,5,1,13,Heat Waves,Glass Animals
2021,5,1,14,Wants and Needs (feat. Lil Baby),"Drake, Lil Baby"
2021,5,1,15,Calling My Phone,"Lil Tjay, 6LACK"
2021,5,1,16,telepatía,Kali Uchis
2021,5,1,17,drivers license,Olivia Rodrigo
2021,5,1,18,Best Friend (feat. Doja Cat),"Saweetie, Doja Cat"
2021,5,1,19,Streets,Doja Cat
2021,5,1,20,Solid (feat. Drake),"Young Stoner Life, Young Thug, Gunna, Drake"
2021,5,1,21,Good Days,SZA
2021,5,1,22,WITHOUT YOU (with Miley Cyrus),"The Kid LAROI, Miley Cyrus"
2021,5,1,23,DÁKITI,"Bad Bunny, Jhayco"
2021,5,1,24,EVERY CHANCE I GET (feat. Lil Baby & Lil Durk),"DJ Khaled, Lil Baby, Lil Durk"
2021,5,1,25,Back in Blood (feat. Lil Durk),"Pooh Shiesty, Lil Durk"
2021,5,1,26,"I DID IT (feat. Post Malone, Megan Thee Stallion, Lil Baby & DaBaby)","DJ Khaled, Post Malone, DaBaby, Megan Thee Stallion, Lil Baby"
2021,5,1,27,Blinding Lights,The Weeknd
2021,5,1,28,durag activity (with Travis Scott),"Baby Keem, Travis Scott"
2021,5,1,29,Headshot (feat. Polo G & Fivio Foreign),"Lil Tjay, Polo G, Fivio Foreign"
2021,5,1,30,What’s Next,Drake
2021,5,1,31,Beautiful Mistakes (feat. Megan Thee Stallion),"Maroon 5, Megan Thee Stallion"
2021,5,1,32,Mood (feat. iann dior),"24kGoldn, iann dior"
2021,5,1,33,Martin & Gina,Polo G
2021,5,1,34,Hold On,Justin Bieber
2021,5,1,35,my ex's best friend (with blackbear),"Machine Gun Kelly, blackbear"
2021,5,1,36,Ramen & OJ,"Joyner Lucas, Lil Baby"
2021,5,1,37,love race (feat. Kellin Quinn),"Machine Gun Kelly, Kellin Quinn"
2021,5,1,38,Goosebumps - Remix,"Travis Scott, HVME"
2021,5,1,39,Save Your Tears,The Weeknd
2021,5,1,40,Sweater Weather,The Neighbourhood
2021,5,1,41,Runaway,AURORA
2021,5,1,42,Run It Up (feat. Offset & Moneybagg Yo),"Lil Tjay, Offset, Moneybagg Yo"
2021,5,1,43,4 Da Gang (with Roddy Ricch),"42 Dugg, Roddy Ricch"
2021,5,1,44,ROCKSTAR (feat. Roddy Ricch),"DaBaby, Roddy Ricch"
2021,5,1,45,Fiel,"Los Legendarios, Wisin, Jhayco"
2021,5,1,46,Lemonade (feat. NAV),"Internet Money, Gunna, Don Toliver, NAV"
2021,5,1,47,Big Gangsta,Kevin Gates
2021,5,1,48,Tampa,Cico P
2021,5,1,49,Ski,"Young Stoner Life, Young Thug, Gunna"
2021,5,1,50,WITHOUT YOU,The Kid LAROI
2021,5,1,51,Forever After All,Luke Combs
2021,5,1,52,For The Night (feat. Lil Baby & DaBaby),"Pop Smoke, Lil Baby, DaBaby"
2021,5,1,53,What You Know Bout Love,Pop Smoke
2021,5,1,54,34+35,Ariana Grande
2021,5,1,55,WAP (feat. Megan Thee Stallion),"Cardi B, Megan Thee Stallion"
2021,5,1,56,Sunflower - Spider-Man: Into the Spider-Verse,"Post Malone, Swae Lee"
2021,5,1,57,LET IT GO (feat. Justin Bieber & 21 Savage),"DJ Khaled, 21 Savage, Justin Bieber"
2021,5,1,58,On Me (Remix) (with Megan Thee Stallion),"Lil Baby, Megan Thee Stallion"
2021,5,1,59,Laugh Now Cry Later (feat. Lil Durk),"Drake, Lil Durk"
2021,5,1,60,Wishing Well,Juice WRLD
2021,5,1,61,Botella Tras Botella,"Gera MX, Christian Nodal"
2021,5,1,62,Circles,Post Malone
2021,5,1,63,All Girls Are The Same,Juice WRLD
2021,5,1,64,Watermelon Sugar,Harry Styles
2021,5,1,65,Therefore I Am,Billie Eilish
2021,5,1,66,POPSTAR (feat. Drake),"DJ Khaled, Drake"
2021,5,1,67,Arcade,Duncan Laurence
2021,5,1,68,Lucid Dreams,Juice WRLD
2021,5,1,69,Mr. Perfectly Fine (Taylor’s Version) (From The Vault),Taylor Swift
2021,5,1,70,Talking to the Moon,Bruno Mars
2021,5,1,71,Come & Go (with Marshmello),"Juice WRLD, Marshmello"
2021,5,1,72,No Role Modelz,J. Cole
2021,5,1,73,Dreams - 2004 Remaster,Fleetwood Mac
2021,5,1,74,Cloud 9,Beach Bunny
2021,5,1,75,Beat Box 3 (feat. DaBaby),"SpotemGottem, DaBaby"
2021,5,1,76,We're Good,Dua Lipa
2021,5,1,77,"Whats Poppin (feat. DaBaby, Tory Lanez & Lil Wayne) [Remix] - Bonus Track","Jack Harlow, Tory Lanez, DaBaby, Lil Wayne"
2021,5,1,78,The Business,Tiësto
2021,5,1,79,Freaks,Surf Curse
2021,5,1,80,positions,Ariana Grande
2021,5,1,81,Richer (feat. Polo G),"Rod Wave, Polo G"
2021,5,1,82,Someone You Loved,Lewis Capaldi
2021,5,1,83,Blueberry Faygo,Lil Mosey
2021,5,1,84,Don't Start Now,Dua Lipa
2021,5,1,85,you broke me first,Tate McRae
2021,5,1,86,Dick (feat. Doja Cat),"StarBoi3, Doja Cat"
2021,5,1,87,Robbery,Juice WRLD
2021,5,1,88,The Good Ones,Gabby Barrett
2021,5,1,89,Anyone,Justin Bieber
2021,5,1,90,Choker,Twenty One Pilots
2021,5,1,91,Wasted On You,Morgan Wallen
2021,5,1,92,Time Today,Moneybagg Yo
2021,5,1,93,Daddy Issues,The Neighbourhood
2021,5,1,94,Holy (feat. Chance The Rapper),"Justin Bieber, Chance the Rapper"
2021,5,1,95,Electric Love,BØRNS
2021,5,1,96,The Box,Roddy Ricch
2021,5,1,97,21,Polo G
2021,5,1,98,On Me,Lil Baby
2021,5,1,99,goosebumps,Travis Scott
2021,5,1,100,Final Warning,NLE Choppa
2021,5,1,101,Shy Away,Twenty One Pilots
2021,5,1,102,Heather,Conan Gray
2021,5,1,103,Cupid's Chokehold / Breakfast in America,Gym Class Heroes
2021,5,1,104,Life Is Good (feat. Drake),"Future, Drake"
2021,5,1,105,Mr. Brightside,The Killers
2021,5,1,106,Whoopty,CJ
2021,5,1,107,LA NOCHE DE ANOCHE,"Bad Bunny, ROSALÍA"
2021,5,1,108,lovely (with Khalid),"Billie Eilish, Khalid"
2021,5,1,109,Whiskey Glasses,Morgan Wallen
2021,5,1,110,hot girl bummer,blackbear
2021,5,1,111,Spiral,21 Savage
2021,5,1,112,20 Min,Lil Uzi Vert
2021,5,1,113,Put Your Records On,Ritt Momney
2021,5,1,114,Tongue Tied,GROUPLOVE
2021,5,1,115,SLOW DANCING IN THE DARK,Joji
2021,5,1,116,Bandit (with YoungBoy Never Broke Again),"Juice WRLD, YoungBoy Never Broke Again"
2021,5,1,117,Come Through (feat. Chris Brown),"H.E.R., Chris Brown"
2021,5,1,118,Slumber Party (feat. Princess Nokia),"Ashnikko, Princess Nokia"
2021,5,1,119,You,"Regard, Troye Sivan, Tate McRae"
2021,5,1,120,"SORRY NOT SORRY (feat. Nas, JAY-Z & James Fauntleroy) - Harmonies by The Hive","DJ Khaled, Nas, JAY-Z, James Fauntleroy"
2021,5,1,121,Body,Megan Thee Stallion
2021,5,1,122,Bang!,AJR
2021,5,1,123,Beautiful Crazy,Luke Combs
2021,5,1,124,Before You Go,Lewis Capaldi
2021,5,1,125,Track Star,Mooski
2021,5,1,126,Shottas (Lala),Moneybagg Yo
2021,5,1,127,More Than My Hometown,Morgan Wallen
2021,5,1,128,Jocelyn Flores,XXXTENTACION
2021,5,1,129,Dior,Pop Smoke
2021,5,1,130,The Spins,"Mac Miller, Empire of the Sun"
2021,5,1,131,Passionfruit,Drake
2021,5,1,132,Company (feat. Future),"24kGoldn, Future"
2021,5,1,133,Met Him Last Night (feat. Ariana Grande),"Demi Lovato, Ariana Grande"
2021,5,1,134,everything i wanted,Billie Eilish
2021,5,1,135,BOP,DaBaby
2021,5,1,136,Are You Bored Yet? (feat. Clairo),"Wallows, Clairo"
2021,5,1,137,Adore You,Harry Styles
2021,5,1,138,GREECE (feat. Drake),"DJ Khaled, Drake"
2021,5,1,139,SICKO MODE,Travis Scott
2021,5,1,140,Friday (feat. Mufasa & Hypeman) - Dopamine Re-Edit,"Riton, Nightcrawlers, Mufasa & Hypeman, Dopamine"
2021,5,1,141,Sand In My Boots,Morgan Wallen
2021,5,1,142,Lil Bit,"Nelly, Florida Georgia Line"
2021,5,1,143,MIDDLE CHILD,J. Cole
2021,5,1,144,bad guy,Billie Eilish
2021,5,1,145,Cigarette Daydreams,Cage The Elephant
2021,5,1,146,Tyler Herro,Jack Harlow
2021,5,1,147,XO Tour Llif3,Lil Uzi Vert
2021,5,1,148,Real As It Gets (feat. EST Gee),"Lil Baby, EST Gee"
2021,5,1,149,Ric Flair Drip (with Metro Boomin),"Offset, Metro Boomin"
2021,5,1,150,Godzilla (feat. Juice WRLD),"Eminem, Juice WRLD"
2021,5,1,151,"Dear Maria, Count Me In",All Time Low
2021,5,1,152,Country Again,Thomas Rhett
2021,5,1,153,505,Arctic Monkeys
2021,5,1,154,The Less I Know The Better,Tame Impala
2021,5,1,155,Pop Out (feat. Lil Tjay),"Polo G, Lil Tjay"
2021,5,1,156,Bubblegum Bitch,MARINA
2021,5,1,157,The Hills,The Weeknd
2021,5,1,158,7 Summers,Morgan Wallen
2021,5,1,159,Drip Too Hard (Lil Baby & Gunna),"Lil Baby, Gunna"
2021,5,1,160,Cry Baby (feat. DaBaby),"Megan Thee Stallion, DaBaby"
2021,5,1,161,HIGHEST IN THE ROOM,Travis Scott
2021,5,1,162,Tennessee Whiskey,Chris Stapleton
2021,5,1,163,Cover Me Up,Morgan Wallen
2021,5,1,164,when the party's over,Billie Eilish
2021,5,1,165,My Head & My Heart,Ava Max
2021,5,1,166,Everybody Talks,Neon Trees
2021,5,1,167,Diamonds Dancing (feat. Travis Scott),"Young Stoner Life, Young Thug, Gunna, Travis Scott"
2021,5,1,168,death bed (coffee for your head),"Powfu, beabadoobee"
2021,5,1,169,WHOLE LOTTA MONEY,BIA
2021,5,1,170,Hello (feat. A Boogie Wit da Hoodie),"Pop Smoke, A Boogie Wit da Hoodie"
2021,5,1,171,Go Crazy,"Chris Brown, Young Thug"
2021,5,1,172,Don't Stop Believin',Journey
2021,5,1,173,Be Like That - feat. Swae Lee & Khalid,"Kane Brown, Swae Lee, Khalid"
2021,5,1,174,Street Runner,Rod Wave
2021,5,1,175,Ballin' (with Roddy Ricch),"Mustard, Roddy Ricch"
2021,5,1,176,I Can't Handle Change,Roar
2021,5,1,177,Chasin' You,Morgan Wallen
2021,5,1,178,Opp Stoppa (feat. 21 Savage),"YBN Nahmir, 21 Savage"
2021,5,1,179,After Party,Don Toliver
2021,5,1,180,GO (feat. Juice WRLD),"The Kid LAROI, Juice WRLD"
2021,5,1,181,Chasing After You (with Maren Morris),"Ryan Hurd, Maren Morris"
2021,5,1,182,SAD!,XXXTENTACION
2021,5,1,183,Shit Crazy (feat. BIG30),"Gucci Mane, BIG30"
2021,5,1,184,"BODY IN MOTION (feat. Bryson Tiller, Lil Baby & Roddy Ricch)","DJ Khaled, Bryson Tiller, Roddy Ricch, Lil Baby"
2021,5,1,185,forget me too (feat. Halsey),"Machine Gun Kelly, Halsey"
2021,5,1,186,Roses - Imanbek Remix,"SAINt JHN, Imanbek"
2021,5,1,187,Somebody’s Problem,Morgan Wallen
2021,5,1,188,rockstar (feat. 21 Savage),"Post Malone, 21 Savage"
2021,5,1,189,Glad You Exist,Dan + Shay
2021,5,1,190,Lemon Pepper Freestyle (feat. Rick Ross),"Drake, Rick Ross"
2021,5,1,191,Hayloft,Mother Mother
2021,5,1,192,Dynamite,BTS
2021,5,1,193,Tombstone,Rod Wave
2021,5,1,194,Promiscuous,"Nelly Furtado, Timbaland"
2021,5,1,195,Made For You,Jake Owen
2021,5,1,196,Knock Knock,SoFaygo
2021,5,1,197,Runnin,"21 Savage, Metro Boomin"
2021,5,1,198,Mood Swings (feat. Lil Tjay),"Pop Smoke, Lil Tjay"
2021,5,1,199,When It Rains It Pours,Luke Combs
2021,5,1,200,The Way Life Goes (feat. Oh Wonder),"Lil Uzi Vert, Oh Wonder"
2021,6,1,1,good 4 u,Olivia Rodrigo
2021,6,1,2,deja vu,Olivia Rodrigo
2021,6,1,3,traitor,Olivia Rodrigo
2021,6,1,4,Kiss Me More (feat. SZA),"Doja Cat, SZA"
2021,6,1,5,favorite crime,Olivia Rodrigo
2021,6,1,6,brutal,Olivia Rodrigo
2021,6,1,7,happier,Olivia Rodrigo
2021,6,1,8,drivers license,Olivia Rodrigo
2021,6,1,9,RAPSTAR,Polo G
2021,6,1,10,enough for you,Olivia Rodrigo
2021,6,1,11,Levitating (feat. DaBaby),"Dua Lipa, DaBaby"
2021,6,1,12,"jealousy, jealousy",Olivia Rodrigo
2021,6,1,13,"1 step forward, 3 steps back",Olivia Rodrigo
2021,6,1,14,MONTERO (Call Me By Your Name),Lil Nas X
2021,6,1,15,Butter,BTS
2021,6,1,16,hope ur ok,Olivia Rodrigo
2021,6,1,17,Peaches (feat. Daniel Caesar & Giveon),"Justin Bieber, Daniel Caesar, Giveon"
2021,6,1,18,Wants and Needs (feat. Lil Baby),"Drake, Lil Baby"
2021,6,1,19,Astronaut In The Ocean,Masked Wolf
2021,6,1,20,m y . l i f e (with 21 Savage & Morray),"J. Cole, 21 Savage, Morray"
2021,6,1,21,Heat Waves,Glass Animals
2021,6,1,22,Leave The Door Open,"Bruno Mars, Anderson .Paak, Silk Sonic"
2021,6,1,23,p r i d e . i s . t h e . d e v i l (with Lil Baby),"J. Cole, Lil Baby"
2021,6,1,24,Save Your Tears (with Ariana Grande) (Remix),"The Weeknd, Ariana Grande"
2021,6,1,25,Miss The Rage,"Trippie Redd, Playboi Carti"
2021,6,1,26,Tell Em,"Cochise, $NOT"
2021,6,1,27,Heartbreak Anniversary,Giveon
2021,6,1,28,Build a Bitch,Bella Poarch
2021,6,1,29,Up,Cardi B
2021,6,1,30,telepatía,Kali Uchis
2021,6,1,31,Best Friend (feat. Doja Cat),"Saweetie, Doja Cat"
2021,6,1,32,a m a r i,J. Cole
2021,6,1,33,GANG GANG (with Lil Wayne),"Polo G, Lil Wayne"
2021,6,1,34,Beautiful Mistakes (feat. Megan Thee Stallion),"Maroon 5, Megan Thee Stallion"
2021,6,1,35,Blinding Lights,The Weeknd
2021,6,1,36,Todo De Ti,Rauw Alejandro
2021,6,1,37,Streets,Doja Cat
2021,6,1,38,Good Days,SZA
2021,6,1,39,NEVER LEFT,Lil Tecca
2021,6,1,40,Solid (feat. Drake),"Young Stoner Life, Young Thug, Gunna, Drake"
2021,6,1,41,Calling My Phone,"Lil Tjay, 6LACK"
2021,6,1,42,my ex's best friend (with blackbear),"Machine Gun Kelly, blackbear"
2021,6,1,43,DÁKITI,"Bad Bunny, Jhayco"
2021,6,1,44,EVERY CHANCE I GET (feat. Lil Baby & Lil Durk),"DJ Khaled, Lil Baby, Lil Durk"
2021,6,1,45,734,Juice WRLD
2021,6,1,46,Martin & Gina,Polo G
2021,6,1,47,Ramen & OJ,"Joyner Lucas, Lil Baby"
2021,6,1,48,Mood (feat. iann dior),"24kGoldn, iann dior"
2021,6,1,49,Sweater Weather,The Neighbourhood
2021,6,1,50,SUN GOES DOWN,Lil Nas X
2021,6,1,51,Goosebumps - Remix,"Travis Scott, HVME"
2021,6,1,52,What’s Next,Drake
2021,6,1,53,Forever After All,Luke Combs
2021,6,1,54,Your Power,Billie Eilish
2021,6,1,55,4 Da Gang (with Roddy Ricch),"42 Dugg, Roddy Ricch"
2021,6,1,56,WITHOUT YOU,The Kid LAROI
2021,6,1,57,All Girls Are The Same,Juice WRLD
2021,6,1,58,Headshot (feat. Polo G & Fivio Foreign),"Lil Tjay, Polo G, Fivio Foreign"
2021,6,1,59,Hold On,Justin Bieber
2021,6,1,60,Wockesha,Moneybagg Yo
2021,6,1,61,t r a n s p a r e n t s o u l feat. Travis Barker,"WILLOW, Travis Barker"
2021,6,1,62,Save Your Tears,The Weeknd
2021,6,1,63,i n t e r l u d e,J. Cole
2021,6,1,64,Freaks,Surf Curse
2021,6,1,65,No Role Modelz,J. Cole
2021,6,1,66,Watermelon Sugar,Harry Styles
2021,6,1,67,Lucid Dreams,Juice WRLD
2021,6,1,68,Killer (feat. Jack Harlow & Cordae) - Remix,"Eminem, Jack Harlow, Cordae"
2021,6,1,69,ROCKSTAR (feat. Roddy Ricch),"DaBaby, Roddy Ricch"
2021,6,1,70,9 5 . s o u t h,J. Cole
2021,6,1,71,Dick (feat. Doja Cat),"StarBoi3, Doja Cat"
2021,6,1,72,Sunflower - Spider-Man: Into the Spider-Verse,"Post Malone, Swae Lee"
2021,6,1,73,Back in Blood (feat. Lil Durk),"Pooh Shiesty, Lil Durk"
2021,6,1,74,Straightenin,Migos
2021,6,1,75,Lemonade (feat. NAV),"Internet Money, Gunna, Don Toliver, NAV"
2021,6,1,76,Circles,Post Malone
2021,6,1,77,Leave Before You Love Me (with Jonas Brothers),"Marshmello, Jonas Brothers"
2021,6,1,78,Dreams - 2004 Remaster,Fleetwood Mac
2021,6,1,79,Lil Bit,"Nelly, Florida Georgia Line"
2021,6,1,80,Fiel,"Los Legendarios, Wisin, Jhayco"
2021,6,1,81,Wishing Well,Juice WRLD
2021,6,1,82,Laugh Now Cry Later (feat. Lil Durk),"Drake, Lil Durk"
2021,6,1,83,For The Night (feat. Lil Baby & DaBaby),"Pop Smoke, Lil Baby, DaBaby"
2021,6,1,84,Come & Go (with Marshmello),"Juice WRLD, Marshmello"
2021,6,1,85,Run It Up (feat. Offset & Moneybagg Yo),"Lil Tjay, Offset, Moneybagg Yo"
2021,6,1,86,Seeing Green (with Drake & Lil Wayne),"Nicki Minaj, Drake, Lil Wayne"
2021,6,1,87,Tampa,Cico P
2021,6,1,88,What You Know Bout Love,Pop Smoke
2021,6,1,89,WAP (feat. Megan Thee Stallion),"Cardi B, Megan Thee Stallion"
2021,6,1,90,We're Good,Dua Lipa
2021,6,1,91,34+35,Ariana Grande
2021,6,1,92,"Whats Poppin (feat. DaBaby, Tory Lanez & Lil Wayne) [Remix] - Bonus Track","Jack Harlow, Tory Lanez, DaBaby, Lil Wayne"
2021,6,1,93,WHOLE LOTTA MONEY,BIA
2021,6,1,94,Talking to the Moon,Bruno Mars
2021,6,1,95,Dynamite,BTS
2021,6,1,96,Robbery,Juice WRLD
2021,6,1,97,Ski,"Young Stoner Life, Young Thug, Gunna"
2021,6,1,98,Big Gangsta,Kevin Gates
2021,6,1,99,positions,Ariana Grande
2021,6,1,100,Blueberry Faygo,Lil Mosey
2021,6,1,101,The Spins,"Mac Miller, Empire of the Sun"
2021,6,1,102,Whiskey Glasses,Morgan Wallen
2021,6,1,103,goosebumps,Travis Scott
2021,6,1,104,you broke me first,Tate McRae
2021,6,1,105,As the World Caves In,Matt Maltese
2021,6,1,106,Arcade,Duncan Laurence
2021,6,1,107,Mr. Brightside,The Killers
2021,6,1,108,Someone You Loved,Lewis Capaldi
2021,6,1,109,The Box,Roddy Ricch
2021,6,1,110,Don't Start Now,Dua Lipa
2021,6,1,111,20 Min,Lil Uzi Vert
2021,6,1,112,Electric Love,BØRNS
2021,6,1,113,Wasted On You,Morgan Wallen
2021,6,1,114,21,Polo G
2021,6,1,115,"Body (Remix) [feat. ArrDee, E1 (3x3), ZT (3x3), Bugzy Malone, Buni, Fivio Foreign & Darkoo]","Tion Wayne, Russ Millions, ArrDee, E1 (3x3), ZT (3x3), Bugzy Malone, Buni, Fivio Foreign, Darkoo"
2021,6,1,116,Heather,Conan Gray
2021,6,1,117,hot girl bummer,blackbear
2021,6,1,118,Cloud 9,Beach Bunny
2021,6,1,119,Twerkulator,City Girls
2021,6,1,120,His & Hers (feat. Don Toliver & Lil Uzi Vert),"Internet Money, Gunna, Don Toliver, Lil Uzi Vert"
2021,6,1,121,Daddy Issues,The Neighbourhood
2021,6,1,122,l e t . g o . m y . h a n d (with Bas & 6LACK),"J. Cole, Bas, 6LACK"
2021,6,1,123,The Business,Tiësto
2021,6,1,124,Tongue Tied,GROUPLOVE
2021,6,1,125,1 0 0 . m i l ‘ (with Bas),"J. Cole, Bas"
2021,6,1,126,Life Is Good (feat. Drake),"Future, Drake"
2021,6,1,127,Washing Machine Heart,Mitski
2021,6,1,128,Lucid Dreams,Juice WRLD
2021,6,1,129,On Me,Lil Baby
2021,6,1,130,More Than My Hometown,Morgan Wallen
2021,6,1,131,Sure Thing,Miguel
2021,6,1,132,Runaway,AURORA
2021,6,1,133,Misery Business,Paramore
2021,6,1,134,Chicken Fried,Zac Brown Band
2021,6,1,135,Tennessee Whiskey,Chris Stapleton
2021,6,1,136,Jocelyn Flores,XXXTENTACION
2021,6,1,137,a p p l y i n g . p r e s s u r e,J. Cole
2021,6,1,138,Beautiful Crazy,Luke Combs
2021,6,1,139,SLOW DANCING IN THE DARK,Joji
2021,6,1,140,Bandit (with YoungBoy Never Broke Again),"Juice WRLD, YoungBoy Never Broke Again"
2021,6,1,141,MIDDLE CHILD,J. Cole
2021,6,1,142,Don't Stop Believin',Journey
2021,6,1,143,Cupid's Chokehold / Breakfast in America,Gym Class Heroes
2021,6,1,144,Therefore I Am,Billie Eilish
2021,6,1,145,t h e . c l i m b . b a c k,J. Cole
2021,6,1,146,Godzilla (feat. Juice WRLD),"Eminem, Juice WRLD"
2021,6,1,147,Are You Bored Yet? (feat. Clairo),"Wallows, Clairo"
2021,6,1,148,XO Tour Llif3,Lil Uzi Vert
2021,6,1,149,Whoopty,CJ
2021,6,1,150,Masterpiece,DaBaby
2021,6,1,151,Glad You Exist,Dan + Shay
2021,6,1,152,Dior,Pop Smoke
2021,6,1,153,Bang!,AJR
2021,6,1,154,The Less I Know The Better,Tame Impala
2021,6,1,155,7 Summers,Morgan Wallen
2021,6,1,156,lovely (with Khalid),"Billie Eilish, Khalid"
2021,6,1,157,When It Rains It Pours,Luke Combs
2021,6,1,158,Sand In My Boots,Morgan Wallen
2021,6,1,159,Ric Flair Drip (with Metro Boomin),"Offset, Metro Boomin"
2021,6,1,160,Put Your Records On,Ritt Momney
2021,6,1,161,Cigarette Daydreams,Cage The Elephant
2021,6,1,162,Chasing After You (with Maren Morris),"Ryan Hurd, Maren Morris"
2021,6,1,163,Chasin' You,Morgan Wallen
2021,6,1,164,SICKO MODE,Travis Scott
2021,6,1,165,Knock Knock,SoFaygo
2021,6,1,166,Botella Tras Botella,"Gera MX, Christian Nodal"
2021,6,1,167,Lean Wit Me,Juice WRLD
2021,6,1,168,Pop Out (feat. Lil Tjay),"Polo G, Lil Tjay"
2021,6,1,169,Nobody Special (with Future),"Hotboii, Future"
2021,6,1,170,Everybody Talks,Neon Trees
2021,6,1,171,Richer (feat. Polo G),"Rod Wave, Polo G"
2021,6,1,172,Adore You,Harry Styles
2021,6,1,173,Drankin N Smokin,"Future, Lil Uzi Vert"
2021,6,1,174,Drip Too Hard (Lil Baby & Gunna),"Lil Baby, Gunna"
2021,6,1,175,505,Arctic Monkeys
2021,6,1,176,BOP,DaBaby
2021,6,1,177,Final Warning,NLE Choppa
2021,6,1,178,Tyler Herro,Jack Harlow
2021,6,1,179,The Hills,The Weeknd
2021,6,1,180,Cover Me Up,Morgan Wallen
2021,6,1,181,Lost Cause,Billie Eilish
2021,6,1,182,Beer Never Broke My Heart,Luke Combs
2021,6,1,183,Before You Go,Lewis Capaldi
2021,6,1,184,SAD!,XXXTENTACION
2021,6,1,185,Body Like A Back Road,Sam Hunt
2021,6,1,186,LA NOCHE DE ANOCHE,"Bad Bunny, ROSALÍA"
2021,6,1,187,death bed (coffee for your head),"Powfu, beabadoobee"
2021,6,1,188,HIGHEST IN THE ROOM,Travis Scott
2021,6,1,189,Breaking Up Was Easy In The 90's,Sam Hunt
2021,6,1,190,Congratulations,"Post Malone, Quavo"
2021,6,1,191,POPSTAR (feat. Drake),"DJ Khaled, Drake"
2021,6,1,192,h u n g e r . o n . h i l l s i d e (with Bas),"J. Cole, Bas"
2021,6,1,193,Wagon Wheel,Darius Rucker
2021,6,1,194,Real As It Gets (feat. EST Gee),"Lil Baby, EST Gee"
2021,6,1,195,Ballin' (with Roddy Ricch),"Mustard, Roddy Ricch"
2021,6,1,196,Passionfruit,Drake
2021,6,1,197,Roses - Imanbek Remix,"SAINt JHN, Imanbek"
2021,6,1,198,GO (feat. Juice WRLD),"The Kid LAROI, Juice WRLD"
2021,6,1,199,My Ordinary Life,The Living Tombstone
2021,6,1,200,100 MILLONES,"Bad Bunny, Luar La L"
2021,7,1,1,good 4 u,Olivia Rodrigo
2021,7,1,2,Kiss Me More (feat. SZA),"Doja Cat, SZA"
2021,7,1,3,WUSYANAME (feat. Youngboy Never Broke Again & Ty Dolla $ign),"Tyler, The Creator, YoungBoy Never Broke Again, Ty Dolla $ign"
2021,7,1,4,You Right,"Doja Cat, The Weeknd"
2021,7,1,5,deja vu,Olivia Rodrigo
2021,7,1,6,Levitating (feat. DaBaby),"Dua Lipa, DaBaby"
2021,7,1,7,RAPSTAR,Polo G
2021,7,1,8,Bad Habits,Ed Sheeran
2021,7,1,9,MONTERO (Call Me By Your Name),Lil Nas X
2021,7,1,10,JUGGERNAUT (feat. Lil Uzi Vert & Pharrell Williams),"Tyler, The Creator, Lil Uzi Vert, Pharrell Williams"
2021,7,1,11,Ain't Shit,Doja Cat
2021,7,1,12,LEMONHEAD (feat. 42 Dugg),"Tyler, The Creator, 42 Dugg"
2021,7,1,13,traitor,Olivia Rodrigo
2021,7,1,14,LUMBERJACK,"Tyler, The Creator"
2021,7,1,15,Thot Shit,Megan Thee Stallion
2021,7,1,16,HOT WIND BLOWS (feat. Lil Wayne),"Tyler, The Creator, Lil Wayne"
2021,7,1,17,Wants and Needs (feat. Lil Baby),"Drake, Lil Baby"
2021,7,1,18,Heat Waves,Glass Animals
2021,7,1,19,Yonaguni,Bad Bunny
2021,7,1,20,CORSO,"Tyler, The Creator"
2021,7,1,21,SWEET / I THOUGHT YOU WANTED TO DANCE (feat. Brent Faiyaz & Fana Hues),"Tyler, The Creator, Brent Faiyaz, Fana Hues"
2021,7,1,22,Todo De Ti,Rauw Alejandro
2021,7,1,23,Peaches (feat. Daniel Caesar & Giveon),"Justin Bieber, Daniel Caesar, Giveon"
2021,7,1,24,Need to Know,Doja Cat
2021,7,1,25,SIR BAUDELAIRE (feat. DJ Drama),"Tyler, The Creator, DJ Drama"
2021,7,1,26,favorite crime,Olivia Rodrigo
2021,7,1,27,happier,Olivia Rodrigo
2021,7,1,28,MASSA,"Tyler, The Creator"
2021,7,1,29,Beggin',Måneskin
2021,7,1,30,RUNITUP (feat. Teezo Touchdown),"Tyler, The Creator, Teezo Touchdown"
2021,7,1,31,brutal,Olivia Rodrigo
2021,7,1,32,drivers license,Olivia Rodrigo
2021,7,1,33,I Don't Do Drugs (feat. Ariana Grande),"Doja Cat, Ariana Grande"
2021,7,1,34,Astronaut In The Ocean,Masked Wolf
2021,7,1,35,t r a n s p a r e n t s o u l feat. Travis Barker,"WILLOW, Travis Barker"
2021,7,1,36,Save Your Tears (with Ariana Grande) (Remix),"The Weeknd, Ariana Grande"
2021,7,1,37,Leave The Door Open,"Bruno Mars, Anderson .Paak, Silk Sonic"
2021,7,1,38,MANIFESTO (feat. Domo Genesis),"Tyler, The Creator, Domo Genesis"
2021,7,1,39,Butter,BTS
2021,7,1,40,"jealousy, jealousy",Olivia Rodrigo
2021,7,1,41,WILSHIRE,"Tyler, The Creator"
2021,7,1,42,Red Light Green Light,DaBaby
2021,7,1,43,RISE! (feat. DAISY WORLD),"Tyler, The Creator, DAISY WORLD"
2021,7,1,44,Heartbreak Anniversary,Giveon
2021,7,1,45,Get Into It (Yuh),Doja Cat
2021,7,1,46,Beautiful Mistakes (feat. Megan Thee Stallion),"Maroon 5, Megan Thee Stallion"
2021,7,1,47,Woman,Doja Cat
2021,7,1,48,Miss The Rage,"Trippie Redd, Playboi Carti"
2021,7,1,49,Best Friend (feat. Doja Cat),"Saweetie, Doja Cat"
2021,7,1,50,enough for you,Olivia Rodrigo
2021,7,1,51,All Eyes On Me,Bo Burnham
2021,7,1,52,Blinding Lights,The Weeknd
2021,7,1,53,late at night,Roddy Ricch
2021,7,1,54,Tell Em,"Cochise, $NOT"
2021,7,1,55,Up,Cardi B
2021,7,1,56,Build a Bitch,Bella Poarch
2021,7,1,57,Ball If I Want To,DaBaby
2021,7,1,58,EVERY CHANCE I GET (feat. Lil Baby & Lil Durk),"DJ Khaled, Lil Baby, Lil Durk"
2021,7,1,59,Leave Before You Love Me (with Jonas Brothers),"Marshmello, Jonas Brothers"
2021,7,1,60,telepatía,Kali Uchis
2021,7,1,61,AM Remix,"Nio Garcia, J Balvin, Bad Bunny"
2021,7,1,62,DÁKITI,"Bad Bunny, Jhayco"
2021,7,1,63,SAFARI,"Tyler, The Creator"
2021,7,1,64,"1 step forward, 3 steps back",Olivia Rodrigo
2021,7,1,65,Having Our Way (feat. Drake),"Migos, Drake"
2021,7,1,66,Lil Bit,"Nelly, Florida Georgia Line"
2021,7,1,67,Payday (feat. Young Thug),"Doja Cat, Young Thug"
2021,7,1,68,Naked,Doja Cat
2021,7,1,69,Been Like This,Doja Cat
2021,7,1,70,my ex's best friend (with blackbear),"Machine Gun Kelly, blackbear"
2021,7,1,71,m y . l i f e (with 21 Savage & Morray),"J. Cole, 21 Savage, Morray"
2021,7,1,72,Options (feat. JID),"Doja Cat, JID"
2021,7,1,73,MOMMA TALK,"Tyler, The Creator"
2021,7,1,74,BLESSED,"Tyler, The Creator"
2021,7,1,75,Good Days,SZA
2021,7,1,76,Sweater Weather,The Neighbourhood
2021,7,1,77,Freaks,Surf Curse
2021,7,1,78,Mood (feat. iann dior),"24kGoldn, iann dior"
2021,7,1,79,Love To Dream,Doja Cat
2021,7,1,80,Streets,Doja Cat
2021,7,1,81,p r i d e . i s . t h e . d e v i l (with Lil Baby),"J. Cole, Lil Baby"
2021,7,1,82,Martin & Gina,Polo G
2021,7,1,83,Welcome to The Internet,Bo Burnham
2021,7,1,84,Forever After All,Luke Combs
2021,7,1,85,Watermelon Sugar,Harry Styles
2021,7,1,86,NEVER LEFT,Lil Tecca
2021,7,1,87,Solid (feat. Drake),"Young Stoner Life, Young Thug, Gunna, Drake"
2021,7,1,88,hope ur ok,Olivia Rodrigo
2021,7,1,89,Calling My Phone,"Lil Tjay, 6LACK"
2021,7,1,90,Lost Cause,Billie Eilish
2021,7,1,91,Circles,Post Malone
2021,7,1,92,Solar Power,Lorde
2021,7,1,93,GANG GANG (with Lil Wayne),"Polo G, Lil Wayne"
2021,7,1,94,Ramen & OJ,"Joyner Lucas, Lil Baby"
2021,7,1,95,His & Hers (feat. Don Toliver & Lil Uzi Vert),"Internet Money, Gunna, Don Toliver, Lil Uzi Vert"
2021,7,1,96,WITHOUT YOU,The Kid LAROI
2021,7,1,97,Sunflower - Spider-Man: Into the Spider-Verse,"Post Malone, Swae Lee"
2021,7,1,98,4 Da Gang (with Roddy Ricch),"42 Dugg, Roddy Ricch"
2021,7,1,99,No Return (with The Kid LAROI & Lil Durk),"Polo G, The Kid LAROI, Lil Durk"
2021,7,1,100,Hats Off (feat. Travis Scott),"Lil Baby, Lil Durk, Travis Scott"
2021,7,1,101,Goosebumps - Remix,"Travis Scott, HVME"
2021,7,1,102,ROCKSTAR (feat. Roddy Ricch),"DaBaby, Roddy Ricch"
2021,7,1,103,Wockesha,Moneybagg Yo
2021,7,1,104,Imagine,Doja Cat
2021,7,1,105,No Role Modelz,J. Cole
2021,7,1,106,Hold On,Justin Bieber
2021,7,1,107,WHOLE LOTTA MONEY,BIA
2021,7,1,108,I WANNA BE YOUR SLAVE,Måneskin
2021,7,1,109,Lemonade (feat. NAV),"Internet Money, Gunna, Don Toliver, NAV"
2021,7,1,110,All Girls Are The Same,Juice WRLD
2021,7,1,111,Dreams - 2004 Remaster,Fleetwood Mac
2021,7,1,112,Alone,Doja Cat
2021,7,1,113,The Spins,"Mac Miller, Empire of the Sun"
2021,7,1,114,Straightenin,Migos
2021,7,1,115,Lucid Dreams,Juice WRLD
2021,7,1,116,Headshot (feat. Polo G & Fivio Foreign),"Lil Tjay, Polo G, Fivio Foreign"
2021,7,1,117,We're Good,Dua Lipa
2021,7,1,118,Laugh Now Cry Later (feat. Lil Durk),"Drake, Lil Durk"
2021,7,1,119,What’s Next,Drake
2021,7,1,120,For The Night (feat. Lil Baby & DaBaby),"Pop Smoke, Lil Baby, DaBaby"
2021,7,1,121,Save Your Tears,The Weeknd
2021,7,1,122,Dinero,Trinidad Cardona
2021,7,1,123,Wishing Well,Juice WRLD
2021,7,1,124,Back in Blood (feat. Lil Durk),"Pooh Shiesty, Lil Durk"
2021,7,1,125,Don't Start Now,Dua Lipa
2021,7,1,126,Come & Go (with Marshmello),"Juice WRLD, Marshmello"
2021,7,1,127,"Whats Poppin (feat. DaBaby, Tory Lanez & Lil Wayne) [Remix] - Bonus Track","Jack Harlow, Tory Lanez, DaBaby, Lil Wayne"
2021,7,1,128,WAP (feat. Megan Thee Stallion),"Cardi B, Megan Thee Stallion"
2021,7,1,129,Qué Más Pues?,"J Balvin, Maria Becerra"
2021,7,1,130,34+35,Ariana Grande
2021,7,1,131,Mr. Brightside,The Killers
2021,7,1,132,Look Who’s Inside Again,Bo Burnham
2021,7,1,133,What You Know Bout Love,Pop Smoke
2021,7,1,134,Daddy Issues,The Neighbourhood
2021,7,1,135,Modern Day,Migos
2021,7,1,136,Whiskey Glasses,Morgan Wallen
2021,7,1,137,Blueberry Faygo,Lil Mosey
2021,7,1,138,Robbery,Juice WRLD
2021,7,1,139,Electric Love,BØRNS
2021,7,1,140,Famous Friends,"Chris Young, Kane Brown"
2021,7,1,141,AOK,Tai Verdes
2021,7,1,142,2055,Sleepy Hallow
2021,7,1,143,ADMIT IT,Ski Mask The Slump God
2021,7,1,144,As the World Caves In,Sarah Cothran
2021,7,1,145,The Box,Roddy Ricch
2021,7,1,146,Someone You Loved,Lewis Capaldi
2021,7,1,147,goosebumps,Travis Scott
2021,7,1,148,I Quit Drinking,"Kelsea Ballerini, LANY"
2021,7,1,149,20 Min,Lil Uzi Vert
2021,7,1,150,Run It Up (feat. Offset & Moneybagg Yo),"Lil Tjay, Offset, Moneybagg Yo"
2021,7,1,151,you broke me first,Tate McRae
2021,7,1,152,Talking to the Moon,Bruno Mars
2021,7,1,153,Tongue Tied,GROUPLOVE
2021,7,1,154,Chasing After You (with Maren Morris),"Ryan Hurd, Maren Morris"
2021,7,1,155,Life Is Good (feat. Drake),"Future, Drake"
2021,7,1,156,Cigarette Daydreams,Cage The Elephant
2021,7,1,157,Heartbreak Anthem (with David Guetta & Little Mix),"Galantis, David Guetta, Little Mix"
2021,7,1,158,Ski,"Young Stoner Life, Young Thug, Gunna"
2021,7,1,159,Shit,Bo Burnham
2021,7,1,160,Wasted On You,Morgan Wallen
2021,7,1,161,positions,Ariana Grande
2021,7,1,162,hot girl bummer,blackbear
2021,7,1,163,Goodbye,Bo Burnham
2021,7,1,164,Heather,Conan Gray
2021,7,1,165,See You Again (feat. Kali Uchis),"Tyler, The Creator, Kali Uchis"
2021,7,1,166,Outside (Better Days),"Blueface, OG Bobby Billions"
2021,7,1,167,Arcade,Duncan Laurence
2021,7,1,168,Don't Stop Believin',Journey
2021,7,1,169,Tennessee Whiskey,Chris Stapleton
2021,7,1,170,Bezos I,Bo Burnham
2021,7,1,171,Beautiful Crazy,Luke Combs
2021,7,1,172,Misery Business,Paramore
2021,7,1,173,Jocelyn Flores,XXXTENTACION
2021,7,1,174,Wave of You,Surfaces
2021,7,1,175,More Than My Hometown,Morgan Wallen
2021,7,1,176,2/Catorce,"Rauw Alejandro, Mr. Naisgai"
2021,7,1,177,Knock Knock,SoFaygo
2021,7,1,178,a m a r i,J. Cole
2021,7,1,179,Dynamite,BTS
2021,7,1,180,Dick (feat. Doja Cat),"StarBoi3, Doja Cat"
2021,7,1,181,Chicken Fried,Zac Brown Band
2021,7,1,182,The Less I Know The Better,Tame Impala
2021,7,1,183,Everybody Talks,Neon Trees
2021,7,1,184,21,Polo G
2021,7,1,185,XO Tour Llif3,Lil Uzi Vert
2021,7,1,186,SICKO MODE,Travis Scott
2021,7,1,187,EARFQUAKE,"Tyler, The Creator"
2021,7,1,188,Fancy Like,Walker Hayes
2021,7,1,189,As the World Caves In,Matt Maltese
2021,7,1,190,Washing Machine Heart,Mitski
2021,7,1,191,Dior,Pop Smoke
2021,7,1,192,SLOW DANCING IN THE DARK,Joji
2021,7,1,193,Before You Go,Lewis Capaldi
2021,7,1,194,working,"Tate McRae, Khalid"
2021,7,1,195,The Good Ones,Gabby Barrett
2021,7,1,196,Drip Too Hard (Lil Baby & Gunna),"Lil Baby, Gunna"
2021,7,1,197,Bandit (with YoungBoy Never Broke Again),"Juice WRLD, YoungBoy Never Broke Again"
2021,7,1,198,Ric Flair Drip (with Metro Boomin),"Offset, Metro Boomin"
2021,7,1,199,Godzilla (feat. Juice WRLD),"Eminem, Juice WRLD"
2021,7,1,200,Wait a Minute!,WILLOW
2021,8,1,1,STAY (with Justin Bieber),"The Kid LAROI, Justin Bieber"
2021,8,1,2,INDUSTRY BABY (feat. Jack Harlow),"Lil Nas X, Jack Harlow"
2021,8,1,3,Happier Than Ever,Billie Eilish
2021,8,1,4,good 4 u,Olivia Rodrigo
2021,8,1,5,Kiss Me More (feat. SZA),"Doja Cat, SZA"
2021,8,1,6,Ain't Shit,Doja Cat
2021,8,1,7,Need to Know,Doja Cat
2021,8,1,8,MONTERO (Call Me By Your Name),Lil Nas X
2021,8,1,9,Heat Waves,Glass Animals
2021,8,1,10,Beggin',Måneskin
2021,8,1,11,Bad Habits,Ed Sheeran
2021,8,1,12,Levitating (feat. DaBaby),"Dua Lipa, DaBaby"
2021,8,1,13,RAPSTAR,Polo G
2021,8,1,14,traitor,Olivia Rodrigo
2021,8,1,15,deja vu,Olivia Rodrigo
2021,8,1,16,2055,Sleepy Hallow
2021,8,1,17,Skate,"Bruno Mars, Anderson .Paak, Silk Sonic"
2021,8,1,18,Wants and Needs (feat. Lil Baby),"Drake, Lil Baby"
2021,8,1,19,Getting Older,Billie Eilish
2021,8,1,20,NDA,Billie Eilish
2021,8,1,21,Oxytocin,Billie Eilish
2021,8,1,22,Billie Bossa Nova,Billie Eilish
2021,8,1,23,Peaches (feat. Daniel Caesar & Giveon),"Justin Bieber, Daniel Caesar, Giveon"
2021,8,1,24,Motley Crew,Post Malone
2021,8,1,25,Thot Shit,Megan Thee Stallion
2021,8,1,26,Leave The Door Open,"Bruno Mars, Anderson .Paak, Silk Sonic"
2021,8,1,27,I Didn't Change My Number,Billie Eilish
2021,8,1,28,NOT SOBER (feat. Polo G & Stunna Gambino),"The Kid LAROI, Polo G, Stunna Gambino"
2021,8,1,29,Fancy Like,Walker Hayes
2021,8,1,30,Yonaguni,Bad Bunny
2021,8,1,31,Lost Cause,Billie Eilish
2021,8,1,32,favorite crime,Olivia Rodrigo
2021,8,1,33,Over The Top (feat. Drake),"Smiley, Drake"
2021,8,1,34,Save Your Tears (with Ariana Grande) (Remix),"The Weeknd, Ariana Grande"
2021,8,1,35,drivers license,Olivia Rodrigo
2021,8,1,36,You Right,"Doja Cat, The Weeknd"
2021,8,1,37,Todo De Ti,Rauw Alejandro
2021,8,1,38,Halley's Comet,Billie Eilish
2021,8,1,39,my future,Billie Eilish
2021,8,1,40,happier,Olivia Rodrigo
2021,8,1,41,Astronaut In The Ocean,Masked Wolf
2021,8,1,42,"jealousy, jealousy",Olivia Rodrigo
2021,8,1,43,GOLDWING,Billie Eilish
2021,8,1,44,brutal,Olivia Rodrigo
2021,8,1,45,Ball If I Want To,DaBaby
2021,8,1,46,Freaks,Surf Curse
2021,8,1,47,Blinding Lights,The Weeknd
2021,8,1,48,Volví,"Aventura, Bad Bunny"
2021,8,1,49,Male Fantasy,Billie Eilish
2021,8,1,50,Therefore I Am,Billie Eilish
2021,8,1,51,Miss The Rage,"Trippie Redd, Playboi Carti"
2021,8,1,52,Butter,BTS
2021,8,1,53,Your Power,Billie Eilish
2021,8,1,54,EVERY CHANCE I GET (feat. Lil Baby & Lil Durk),"DJ Khaled, Lil Baby, Lil Durk"
2021,8,1,55,Heartbreak Anniversary,Giveon
2021,8,1,56,t r a n s p a r e n t s o u l feat. Travis Barker,"WILLOW, Travis Barker"
2021,8,1,57,Tell Em,"Cochise, $NOT"
2021,8,1,58,I WANNA BE YOUR SLAVE,Måneskin
2021,8,1,59,Sweater Weather,The Neighbourhood
2021,8,1,60,OverHeated,Billie Eilish
2021,8,1,61,Leave Before You Love Me (with Jonas Brothers),"Marshmello, Jonas Brothers"
2021,8,1,62,Red Light Green Light,DaBaby
2021,8,1,63,Beautiful Mistakes (feat. Megan Thee Stallion),"Maroon 5, Megan Thee Stallion"
2021,8,1,64,Permission to Dance,BTS
2021,8,1,65,Pain,PinkPantheress
2021,8,1,66,From the Garden (feat. Lil Uzi Vert),"Isaiah Rashad, Lil Uzi Vert"
2021,8,1,67,Woman,Doja Cat
2021,8,1,68,Everybody Dies,Billie Eilish
2021,8,1,69,telepatía,Kali Uchis
2021,8,1,70,my ex's best friend (with blackbear),"Machine Gun Kelly, blackbear"
2021,8,1,71,Not My Responsibility,Billie Eilish
2021,8,1,72,DÁKITI,"Bad Bunny, Jhayco"
2021,8,1,73,Circles,Post Malone
2021,8,1,74,WUSYANAME (feat. Youngboy Never Broke Again & Ty Dolla $ign),"Tyler, The Creator, YoungBoy Never Broke Again, Ty Dolla $ign"
2021,8,1,75,Mood (feat. iann dior),"24kGoldn, iann dior"
2021,8,1,76,Martin & Gina,Polo G
2021,8,1,77,Sunflower - Spider-Man: Into the Spider-Verse,"Post Malone, Swae Lee"
2021,8,1,78,Don't Go Yet,Camila Cabello
2021,8,1,79,Streets,Doja Cat
2021,8,1,80,Watermelon Sugar,Harry Styles
2021,8,1,81,Good Days,SZA
2021,8,1,82,Lil Bit,"Nelly, Florida Georgia Line"
2021,8,1,83,WITHOUT YOU,The Kid LAROI
2021,8,1,84,Best Friend (feat. Doja Cat),"Saweetie, Doja Cat"
2021,8,1,85,Bezos I,Bo Burnham
2021,8,1,86,No Role Modelz,J. Cole
2021,8,1,87,Get Into It (Yuh),Doja Cat
2021,8,1,88,Up,Cardi B
2021,8,1,89,m y . l i f e (with 21 Savage & Morray),"J. Cole, 21 Savage, Morray"
2021,8,1,90,Pepas,Farruko
2021,8,1,91,late at night,Roddy Ricch
2021,8,1,92,enough for you,Olivia Rodrigo
2021,8,1,93,AOK,Tai Verdes
2021,8,1,94,AM Remix,"Nio Garcia, J Balvin, Bad Bunny"
2021,8,1,95,Calling My Phone,"Lil Tjay, 6LACK"
2021,8,1,96,All Girls Are The Same,Juice WRLD
2021,8,1,97,Dreams - 2004 Remaster,Fleetwood Mac
2021,8,1,98,Wishing Well,Juice WRLD
2021,8,1,99,Bout A Million (feat. 42 Dugg & 21 Savage),"Pop Smoke, 21 Savage, 42 Dugg"
2021,8,1,100,WHOLE LOTTA MONEY (feat. Nicki Minaj) - Remix,"BIA, Nicki Minaj"
2021,8,1,101,Lemonade (feat. NAV),"Internet Money, Gunna, Don Toliver, NAV"
2021,8,1,102,"Whats Poppin (feat. DaBaby, Tory Lanez & Lil Wayne) [Remix] - Bonus Track","Jack Harlow, Tory Lanez, DaBaby, Lil Wayne"
2021,8,1,103,Lucid Dreams,Juice WRLD
2021,8,1,104,Solid (feat. Drake),"Young Stoner Life, Young Thug, Gunna, Drake"
2021,8,1,105,Come & Go (with Marshmello),"Juice WRLD, Marshmello"
2021,8,1,106,NEVER LEFT,Lil Tecca
2021,8,1,107,Wockesha,Moneybagg Yo
2021,8,1,108,If I Didn’t Love You,"Jason Aldean, Carrie Underwood"
2021,8,1,109,Mr. Brightside,The Killers
2021,8,1,110,His & Hers (feat. Don Toliver & Lil Uzi Vert),"Internet Money, Gunna, Don Toliver, Lil Uzi Vert"
2021,8,1,111,For The Night (feat. Lil Baby & DaBaby),"Pop Smoke, Lil Baby, DaBaby"
2021,8,1,112,Forever After All,Luke Combs
2021,8,1,113,p r i d e . i s . t h e . d e v i l (with Lil Baby),"J. Cole, Lil Baby"
2021,8,1,114,ROCKSTAR (feat. Roddy Ricch),"DaBaby, Roddy Ricch"
2021,8,1,115,Holy Smokes (feat. Lil Uzi Vert),"Trippie Redd, Lil Uzi Vert"
2021,8,1,116,Glad You Exist,Dan + Shay
2021,8,1,117,The Spins,"Mac Miller, Empire of the Sun"
2021,8,1,118,Laugh Now Cry Later (feat. Lil Durk),"Drake, Lil Durk"
2021,8,1,119,RIP Young,Isaiah Rashad
2021,8,1,120,Whiskey Glasses,Morgan Wallen
2021,8,1,121,STILL CHOSE YOU (feat. Mustard),"The Kid LAROI, Mustard"
2021,8,1,122,20 Min,Lil Uzi Vert
2021,8,1,123,Qué Más Pues?,"J Balvin, Maria Becerra"
2021,8,1,124,Build a Bitch,Bella Poarch
2021,8,1,125,WAP (feat. Megan Thee Stallion),"Cardi B, Megan Thee Stallion"
2021,8,1,126,Daddy Issues,The Neighbourhood
2021,8,1,127,"1 step forward, 3 steps back",Olivia Rodrigo
2021,8,1,128,Welcome to The Internet,Bo Burnham
2021,8,1,129,Save Your Tears,The Weeknd
2021,8,1,130,What You Know Bout Love,Pop Smoke
2021,8,1,131,Ramen & OJ,"Joyner Lucas, Lil Baby"
2021,8,1,132,Electric Love,BØRNS
2021,8,1,133,Robbery,Juice WRLD
2021,8,1,134,Wild Side (feat. Cardi B),"Normani, Cardi B"
2021,8,1,135,Cigarette Daydreams,Cage The Elephant
2021,8,1,136,YKWIM?,Yot Club
2021,8,1,137,The Box,Roddy Ricch
2021,8,1,138,Hats Off (feat. Travis Scott),"Lil Baby, Lil Durk, Travis Scott"
2021,8,1,139,What’s Next,Drake
2021,8,1,140,goosebumps,Travis Scott
2021,8,1,141,Headshots (4r da Locals),Isaiah Rashad
2021,8,1,142,Blueberry Faygo,Lil Mosey
2021,8,1,143,Someone You Loved,Lewis Capaldi
2021,8,1,144,Back in Blood (feat. Lil Durk),"Pooh Shiesty, Lil Durk"
2021,8,1,145,Tongue Tied,GROUPLOVE
2021,8,1,146,Volando - Remix,"Mora, Bad Bunny, Sech"
2021,8,1,147,Space Song,Beach House
2021,8,1,148,Heather,Conan Gray
2021,8,1,149,Don't Start Now,Dua Lipa
2021,8,1,150,Dior,Pop Smoke
2021,8,1,151,Run It Up (feat. Offset & Moneybagg Yo),"Lil Tjay, Offset, Moneybagg Yo"
2021,8,1,152,Wasted On You,Morgan Wallen
2021,8,1,153,Everybody Talks,Neon Trees
2021,8,1,154,Smells Like Teen Spirit,Nirvana
2021,8,1,155,GANG GANG (with Lil Wayne),"Polo G, Lil Wayne"
2021,8,1,156,positions,Ariana Grande
2021,8,1,157,you broke me first,Tate McRae
2021,8,1,158,Tennessee Whiskey,Chris Stapleton
2021,8,1,159,Don't Stop Believin',Journey
2021,8,1,160,No Return (with The Kid LAROI & Lil Durk),"Polo G, The Kid LAROI, Lil Durk"
2021,8,1,161,Talking to the Moon,Bruno Mars
2021,8,1,162,XO Tour Llif3,Lil Uzi Vert
2021,8,1,163,SLOW DANCING IN THE DARK,Joji
2021,8,1,164,Memory,"Kane Brown, blackbear"
2021,8,1,165,Tyler Herro,Jack Harlow
2021,8,1,166,Wat U Sed (feat. Doechii & Kal Banx),"Isaiah Rashad, Doechii, Kal Banx"
2021,8,1,167,People Watching,Conan Gray
2021,8,1,168,Beautiful Crazy,Luke Combs
2021,8,1,169,Lay Wit Ya (feat. Duke Deuce),"Isaiah Rashad, Duke Deuce"
2021,8,1,170,hot girl bummer,blackbear
2021,8,1,171,Goosebumps - Remix,"Travis Scott, HVME"
2021,8,1,172,More Than My Hometown,Morgan Wallen
2021,8,1,173,She Knows (feat. Amber Coffman & Cults),"J. Cole, Cults, Amber Coffman"
2021,8,1,174,Chicken Fried,Zac Brown Band
2021,8,1,175,Work Out,J. Cole
2021,8,1,176,Life Is Good (feat. Drake),"Future, Drake"
2021,8,1,177,hope ur ok,Olivia Rodrigo
2021,8,1,178,505,Arctic Monkeys
2021,8,1,179,Jocelyn Flores,XXXTENTACION
2021,8,1,180,Headshot (feat. Polo G & Fivio Foreign),"Lil Tjay, Polo G, Fivio Foreign"
2021,8,1,181,The Less I Know The Better,Tame Impala
2021,8,1,182,4 Da Gang (with Roddy Ricch),"42 Dugg, Roddy Ricch"
2021,8,1,183,Knock Knock,SoFaygo
2021,8,1,184,Before You Go,Lewis Capaldi
2021,8,1,185,Claymore (feat. Smino),"Isaiah Rashad, Smino"
2021,8,1,186,lovely (with Khalid),"Billie Eilish, Khalid"
2021,8,1,187,The Hills,The Weeknd
2021,8,1,188,Arcade,Duncan Laurence
2021,8,1,189,Love Again,Dua Lipa
2021,8,1,190,Riptide,Vance Joy
2021,8,1,191,Ric Flair Drip (with Metro Boomin),"Offset, Metro Boomin"
2021,8,1,192,I Quit Drinking,"Kelsea Ballerini, LANY"
2021,8,1,193,Heartbreak Anthem (with David Guetta & Little Mix),"Galantis, David Guetta, Little Mix"
2021,8,1,194,34+35,Ariana Grande
2021,8,1,195,As the World Caves In,Sarah Cothran
2021,8,1,196,Godzilla (feat. Juice WRLD),"Eminem, Juice WRLD"
2021,8,1,197,GO (feat. Juice WRLD),"The Kid LAROI, Juice WRLD"
2021,8,1,198,MIDDLE CHILD,J. Cole
2021,8,1,199,Dynamite,BTS
2021,8,1,200,"...And to Those I Love, Thanks for Sticking Around",$uicideboy$
2021,9,1,1,Hurricane,Kanye West
2021,9,1,2,STAY (with Justin Bieber),"The Kid LAROI, Justin Bieber"
2021,9,1,3,Jail,Kanye West
2021,9,1,4,Off The Grid,Kanye West
2021,9,1,5,INDUSTRY BABY (feat. Jack Harlow),"Lil Nas X, Jack Harlow"
2021,9,1,6,Moon,Kanye West
2021,9,1,7,Praise God,Kanye West
2021,9,1,8,family ties (with Kendrick Lamar),"Baby Keem, Kendrick Lamar"
2021,9,1,9,good 4 u,Olivia Rodrigo
2021,9,1,10,Need to Know,Doja Cat
2021,9,1,11,Believe What I Say,Kanye West
2021,9,1,12,Heat Waves,Glass Animals
2021,9,1,13,Jonah,Kanye West
2021,9,1,14,Ok Ok,Kanye West
2021,9,1,15,God Breathed,Kanye West
2021,9,1,16,Happier Than Ever,Billie Eilish
2021,9,1,17,Heaven and Hell,Kanye West
2021,9,1,18,Junya,Kanye West
2021,9,1,19,Kiss Me More (feat. SZA),"Doja Cat, SZA"
2021,9,1,20,Remote Control,Kanye West
2021,9,1,21,24,Kanye West
2021,9,1,22,Pure Souls,Kanye West
2021,9,1,23,No Child Left Behind,Kanye West
2021,9,1,24,Bad Habits,Ed Sheeran
2021,9,1,25,2055,Sleepy Hallow
2021,9,1,26,MONTERO (Call Me By Your Name),Lil Nas X
2021,9,1,27,Keep My Spirit Alive,Kanye West
2021,9,1,28,Donda,Kanye West
2021,9,1,29,Jesus Lord,Kanye West
2021,9,1,30,Woman,Doja Cat
2021,9,1,31,New Again,Kanye West
2021,9,1,32,Jail pt 2,Kanye West
2021,9,1,33,Levitating (feat. DaBaby),"Dua Lipa, DaBaby"
2021,9,1,34,traitor,Olivia Rodrigo
2021,9,1,35,Beggin',Måneskin
2021,9,1,36,Sharing Locations (feat. Lil Baby & Lil Durk),"Meek Mill, Lil Durk, Lil Baby"
2021,9,1,37,Lord I Need You,Kanye West
2021,9,1,38,Pepas,Farruko
2021,9,1,39,Come to Life,Kanye West
2021,9,1,40,Get Into It (Yuh),Doja Cat
2021,9,1,41,deja vu,Olivia Rodrigo
2021,9,1,42,Ain't Shit,Doja Cat
2021,9,1,43,Donda Chant,Kanye West
2021,9,1,44,RAPSTAR,Polo G
2021,9,1,45,Fancy Like,Walker Hayes
2021,9,1,46,Tell The Vision,Kanye West
2021,9,1,47,Dark Red,Steve Lacy
2021,9,1,48,Wants and Needs (feat. Lil Baby),"Drake, Lil Baby"
2021,9,1,49,Rumors (feat. Cardi B),"Lizzo, Cardi B"
2021,9,1,50,Take My Breath - Single Version,The Weeknd
2021,9,1,51,Ok Ok pt 2,Kanye West
2021,9,1,52,Peaches (feat. Daniel Caesar & Giveon),"Justin Bieber, Daniel Caesar, Giveon"
2021,9,1,53,Freaks,Surf Curse
2021,9,1,54,Junya pt 2,Kanye West
2021,9,1,55,"I am not a woman, I'm a god",Halsey
2021,9,1,56,Thot Shit,Megan Thee Stallion
2021,9,1,57,drivers license,Olivia Rodrigo
2021,9,1,58,Matt Hardy 999,"Trippie Redd, Juice WRLD"
2021,9,1,59,REPEAT IT (with Gunna),"Lil Tecca, Gunna"
2021,9,1,60,Motley Crew,Post Malone
2021,9,1,61,AOK,Tai Verdes
2021,9,1,62,Save Your Tears (with Ariana Grande) (Remix),"The Weeknd, Ariana Grande"
2021,9,1,63,Todo De Ti,Rauw Alejandro
2021,9,1,64,Sweater Weather,The Neighbourhood
2021,9,1,65,favorite crime,Olivia Rodrigo
2021,9,1,66,Jesus Lord pt 2,Kanye West
2021,9,1,67,Yonaguni,Bad Bunny
2021,9,1,68,Miss The Rage,"Trippie Redd, Playboi Carti"
2021,9,1,69,Leave The Door Open,"Bruno Mars, Anderson .Paak, Silk Sonic"
2021,9,1,70,Blinding Lights,The Weeknd
2021,9,1,71,Rich MF (feat. Lil Durk),"Trippie Redd, Polo G, Lil Durk"
2021,9,1,72,Volví,"Aventura, Bad Bunny"
2021,9,1,73,"jealousy, jealousy",Olivia Rodrigo
2021,9,1,74,brutal,Olivia Rodrigo
2021,9,1,75,Pain,PinkPantheress
2021,9,1,76,justified,Kacey Musgraves
2021,9,1,77,You Right,"Doja Cat, The Weeknd"
2021,9,1,78,Heartbreak Anniversary,Giveon
2021,9,1,79,Tell Em,"Cochise, $NOT"
2021,9,1,80,Butter - Megan Thee Stallion Remix,"BTS, Megan Thee Stallion"
2021,9,1,81,No Role Modelz,J. Cole
2021,9,1,82,happier,Olivia Rodrigo
2021,9,1,83,Paralyzed,Sueco
2021,9,1,84,Lil Bit (feat. Florida Georgia Line),"Nelly, Florida Georgia Line"
2021,9,1,85,Loverboy,A-Wall
2021,9,1,86,SUVs (Black on Black),"Jack Harlow, Pooh Shiesty"
2021,9,1,87,EVERY CHANCE I GET (feat. Lil Baby & Lil Durk),"DJ Khaled, Lil Baby, Lil Durk"
2021,9,1,88,Over The Top (feat. Drake),"Smiley, Drake"
2021,9,1,89,Jugaste y Sufrí,"Eslabon Armado, DannyLux"
2021,9,1,90,Outside (Better Days),"Blueface, OG Bobby Billions"
2021,9,1,91,my ex's best friend (with blackbear),"Machine Gun Kelly, blackbear"
2021,9,1,92,Circles,Post Malone
2021,9,1,93,Leave Before You Love Me (with Jonas Brothers),"Marshmello, Jonas Brothers"
2021,9,1,94,I GUESS I'M IN LOVE,Clinton Kane
2021,9,1,95,Sunflower - Spider-Man: Into the Spider-Verse,"Post Malone, Swae Lee"
2021,9,1,96,telepatía,Kali Uchis
2021,9,1,97,t r a n s p a r e n t s o u l feat. Travis Barker,"WILLOW, Travis Barker"
2021,9,1,98,Mood (feat. iann dior),"24kGoldn, iann dior"
2021,9,1,99,Betrayal (feat. Drake),"Trippie Redd, Drake"
2021,9,1,100,Good Days,SZA
2021,9,1,101,Astronaut In The Ocean,Masked Wolf
2021,9,1,102,Meet Me At Our Spot,"THE ANXIETY, WILLOW, Tyler Cole"
2021,9,1,103,Come & Go (with Marshmello),"Juice WRLD, Marshmello"
2021,9,1,104,Martin & Gina,Polo G
2021,9,1,105,Don’t Go (with Justin Bieber & Don Toliver),"Skrillex, Justin Bieber, Don Toliver"
2021,9,1,106,"CHOPPA SHOOT THE LOUDEST (with Chief Keef, feat.Trippie Redd)","Lil Tecca, Chief Keef, Trippie Redd"
2021,9,1,107,DÁKITI,"Bad Bunny, Jhayco"
2021,9,1,108,I WANNA BE YOUR SLAVE,Måneskin
2021,9,1,109,NEVER LEFT,Lil Tecca
2021,9,1,110,YKWIM?,Yot Club
2021,9,1,111,Watermelon Sugar,Harry Styles
2021,9,1,112,"Belly, The Weeknd - Die For It (ft. Nas)","Belly, The Weeknd, Nas"
2021,9,1,113,Summer of Love (Shawn Mendes & Tainy),"Shawn Mendes, Tainy"
2021,9,1,114,Ball If I Want To,DaBaby
2021,9,1,115,Dreams - 2004 Remaster,Fleetwood Mac
2021,9,1,116,Just for Me,PinkPantheress
2021,9,1,117,Collard Greens,"ScHoolboy Q, Kendrick Lamar"
2021,9,1,118,The Spins,"Mac Miller, Empire of the Sun"
2021,9,1,119,All Girls Are The Same,Juice WRLD
2021,9,1,120,NOT SOBER (feat. Polo G & Stunna Gambino),"The Kid LAROI, Polo G, Stunna Gambino"
2021,9,1,121,Streets,Doja Cat
2021,9,1,122,WUSYANAME (feat. Youngboy Never Broke Again & Ty Dolla $ign),"Tyler, The Creator, YoungBoy Never Broke Again, Ty Dolla $ign"
2021,9,1,123,Beautiful Mistakes (feat. Megan Thee Stallion),"Maroon 5, Megan Thee Stallion"
2021,9,1,124,Butter,BTS
2021,9,1,125,Mr. Brightside,The Killers
2021,9,1,126,She Knows (feat. Amber Coffman & Cults),"J. Cole, Cults, Amber Coffman"
2021,9,1,127,Lucid Dreams,Juice WRLD
2021,9,1,128,WITHOUT YOU,The Kid LAROI
2021,9,1,129,Best Friend (feat. Doja Cat),"Saweetie, Doja Cat"
2021,9,1,130,Lemonade (feat. NAV),"Internet Money, Gunna, Don Toliver, NAV"
2021,9,1,131,Wishing Well,Juice WRLD
2021,9,1,132,20 Min,Lil Uzi Vert
2021,9,1,133,Holy Smokes (feat. Lil Uzi Vert),"Trippie Redd, Lil Uzi Vert"
2021,9,1,134,Forever After All,Luke Combs
2021,9,1,135,m y . l i f e (with 21 Savage & Morray),"J. Cole, 21 Savage, Morray"
2021,9,1,136,"Whats Poppin (feat. DaBaby, Tory Lanez & Lil Wayne) [Remix] - Bonus Track","Jack Harlow, Tory Lanez, DaBaby, Lil Wayne"
2021,9,1,137,Heartless,Kanye West
2021,9,1,138,goosebumps,Travis Scott
2021,9,1,139,Daddy Issues,The Neighbourhood
2021,9,1,140,Calling My Phone,"Lil Tjay, 6LACK"
2021,9,1,141,Dreams Unfold,"Joyner Lucas, Lil Tjay"
2021,9,1,142,Electric Love,BØRNS
2021,9,1,143,Laugh Now Cry Later (feat. Lil Durk),"Drake, Lil Durk"
2021,9,1,144,late at night,Roddy Ricch
2021,9,1,145,Like I Can,Sam Smith
2021,9,1,146,Red Light Green Light,DaBaby
2021,9,1,147,Smells Like Teen Spirit,Nirvana
2021,9,1,148,For The Night (feat. Lil Baby & DaBaby),"Pop Smoke, Lil Baby, DaBaby"
2021,9,1,149,Mind of Melvin (feat. Lil Uzi Vert),"YNW Melly, Lil Uzi Vert"
2021,9,1,150,Hats Off (feat. Travis Scott),"Lil Baby, Lil Durk, Travis Scott"
2021,9,1,151,p r i d e . i s . t h e . d e v i l (with Lil Baby),"J. Cole, Lil Baby"
2021,9,1,152,Up,Cardi B
2021,9,1,153,Don't Go Yet,Camila Cabello
2021,9,1,154,Cigarette Daydreams,Cage The Elephant
2021,9,1,155,Chosen (feat. Ty Dolla $ign),"Blxst, Tyga, Ty Dolla $ign"
2021,9,1,156,Space Song,Beach House
2021,9,1,157,AM Remix,"Nio Garcia, J Balvin, Bad Bunny"
2021,9,1,158,Robbery,Juice WRLD
2021,9,1,159,Jocelyn Flores,XXXTENTACION
2021,9,1,160,Whiskey Glasses,Morgan Wallen
2021,9,1,161,ROCKSTAR (feat. Roddy Ricch),"DaBaby, Roddy Ricch"
2021,9,1,162,Save Your Tears,The Weeknd
2021,9,1,163,Someone You Loved,Lewis Capaldi
2021,9,1,164,Heather,Conan Gray
2021,9,1,165,SLOW DANCING IN THE DARK,Joji
2021,9,1,166,Everybody Talks,Neon Trees
2021,9,1,167,WAP (feat. Megan Thee Stallion),"Cardi B, Megan Thee Stallion"
2021,9,1,168,Wait a Minute!,WILLOW
2021,9,1,169,Buy Dirt,"Jordan Davis, Luke Bryan"
2021,9,1,170,WHOLE LOTTA MONEY (feat. Nicki Minaj) - Remix,"BIA, Nicki Minaj"
2021,9,1,171,Work Out,J. Cole
2021,9,1,172,Bound 2,Kanye West
2021,9,1,173,Money Trees,"Kendrick Lamar, Jay Rock"
2021,9,1,174,XO Tour Llif3,Lil Uzi Vert
2021,9,1,175,The Tradition,Halsey
2021,9,1,176,Ni**as In Paris,"JAY-Z, Kanye West"
2021,9,1,177,Tongue Tied,GROUPLOVE
2021,9,1,178,What You Know Bout Love,Pop Smoke
2021,9,1,179,His & Hers (feat. Don Toliver & Lil Uzi Vert),"Internet Money, Gunna, Don Toliver, Lil Uzi Vert"
2021,9,1,180,Flashing Lights,"Kanye West, Dwele"
2021,9,1,181,Blueberry Faygo,Lil Mosey
2021,9,1,182,505,Arctic Monkeys
2021,9,1,183,enough for you,Olivia Rodrigo
2021,9,1,184,Bells in Santa Fe,Halsey
2021,9,1,185,positions,Ariana Grande
2021,9,1,186,Don't Stop Believin',Journey
2021,9,1,187,you broke me first,Tate McRae
2021,9,1,188,Back in Blood (feat. Lil Durk),"Pooh Shiesty, Lil Durk"
2021,9,1,189,Tennessee Whiskey,Chris Stapleton
2021,9,1,190,Before You Go,Lewis Capaldi
2021,9,1,191,Don't Start Now,Dua Lipa
2021,9,1,192,What’s Next,Drake
2021,9,1,193,MIDDLE CHILD,J. Cole
2021,9,1,194,The Box,Roddy Ricch
2021,9,1,195,Easier than Lying,Halsey
2021,9,1,196,Wasted On You,Morgan Wallen
2021,9,1,197,Ric Flair Drip (with Metro Boomin),"Offset, Metro Boomin"
2021,9,1,198,Life Is Good (feat. Drake),"Future, Drake"
2021,9,1,199,Lilith,Halsey
2021,9,1,200,Talking to the Moon,Bruno Mars
2021,10,1,1,INDUSTRY BABY (feat. Jack Harlow),"Lil Nas X, Jack Harlow"
2021,10,1,2,STAY (with Justin Bieber),"The Kid LAROI, Justin Bieber"
2021,10,1,3,Knife Talk (with 21 Savage ft. Project Pat),"Drake, 21 Savage, Project Pat"
2021,10,1,4,Way 2 Sexy (with Future & Young Thug),"Drake, Future, Young Thug"
2021,10,1,5,Heat Waves,Glass Animals
2021,10,1,6,good 4 u,Olivia Rodrigo
2021,10,1,7,Need to Know,Doja Cat
2021,10,1,8,THATS WHAT I WANT,Lil Nas X
2021,10,1,9,family ties (with Kendrick Lamar),"Baby Keem, Kendrick Lamar"
2021,10,1,10,Fair Trade (with Travis Scott),"Drake, Travis Scott"
2021,10,1,11,Kiss Me More (feat. SZA),"Doja Cat, SZA"
2021,10,1,12,Meet Me At Our Spot,"THE ANXIETY, WILLOW, Tyler Cole"
2021,10,1,13,MONTERO (Call Me By Your Name),Lil Nas X
2021,10,1,14,Woman,Doja Cat
2021,10,1,15,2055,Sleepy Hallow
2021,10,1,16,Happier Than Ever,Billie Eilish
2021,10,1,17,Bad Habits,Ed Sheeran
2021,10,1,18,Girls Want Girls (with Lil Baby),"Drake, Lil Baby"
2021,10,1,19,Shivers,Ed Sheeran
2021,10,1,20,traitor,Olivia Rodrigo
2021,10,1,21,Hurricane,Kanye West
2021,10,1,22,Pepas,Farruko
2021,10,1,23,Beggin',Måneskin
2021,10,1,24,Levitating (feat. DaBaby),"Dua Lipa, DaBaby"
2021,10,1,25,Dark Red,Steve Lacy
2021,10,1,26,Sharing Locations (feat. Lil Baby & Lil Durk),"Meek Mill, Lil Durk, Lil Baby"
2021,10,1,27,Fancy Like,Walker Hayes
2021,10,1,28,Get Into It (Yuh),Doja Cat
2021,10,1,29,Jugaste y Sufrí,"Eslabon Armado, DannyLux"
2021,10,1,30,My Universe,"Coldplay, BTS"
2021,10,1,31,Life Goes On,Oliver Tree
2021,10,1,32,RAPSTAR,Polo G
2021,10,1,33,Sweater Weather,The Neighbourhood
2021,10,1,34,love nwantiti (ah ah ah),CKay
2021,10,1,35,Moon,Kanye West
2021,10,1,36,"Last One Standing (feat. Polo G, Mozzy & Eminem) - From Venom: Let There Be Carnage","Skylar Grey, Polo G, Mozzy, Eminem"
2021,10,1,37,"...And to Those I Love, Thanks for Sticking Around",$uicideboy$
2021,10,1,38,Your Heart,"Joyner Lucas, J. Cole"
2021,10,1,39,Ain't Shit,Doja Cat
2021,10,1,40,deja vu,Olivia Rodrigo
2021,10,1,41,Wants and Needs (feat. Lil Baby),"Drake, Lil Baby"
2021,10,1,42,Freaks,Surf Curse
2021,10,1,43,Champagne Poetry,Drake
2021,10,1,44,too easy,"Gunna, Future"
2021,10,1,45,Cold Heart - PNAU Remix,"Elton John, Dua Lipa, PNAU"
2021,10,1,46,No Role Modelz,J. Cole
2021,10,1,47,drivers license,Olivia Rodrigo
2021,10,1,48,No Friends In The Industry,Drake
2021,10,1,49,Have Mercy,Chlöe
2021,10,1,50,Peaches (feat. Daniel Caesar & Giveon),"Justin Bieber, Daniel Caesar, Giveon"
2021,10,1,51,Blinding Lights,The Weeknd
2021,10,1,52,Off The Grid,Kanye West
2021,10,1,53,AOK,Tai Verdes
2021,10,1,54,Wildest Dreams (Taylor's Version),Taylor Swift
2021,10,1,55,Save Your Tears (with Ariana Grande) (Remix),"The Weeknd, Ariana Grande"
2021,10,1,56,Miss The Rage,"Trippie Redd, Playboi Carti"
2021,10,1,57,Yonaguni,Bad Bunny
2021,10,1,58,You Right,"Doja Cat, The Weeknd"
2021,10,1,59,Praise God,Kanye West
2021,10,1,60,Intro (Hate on Me),Meek Mill
2021,10,1,61,Tell Em,"Cochise, $NOT"
2021,10,1,62,Take My Breath - Single Version,The Weeknd
2021,10,1,63,Sunflower - Spider-Man: Into the Spider-Verse,"Post Malone, Swae Lee"
2021,10,1,64,favorite crime,Olivia Rodrigo
2021,10,1,65,LOT OF ME,Lil Tecca
2021,10,1,66,Leave The Door Open,"Bruno Mars, Anderson .Paak, Silk Sonic"
2021,10,1,67,YKWIM?,Yot Club
2021,10,1,68,Thot Shit,Megan Thee Stallion
2021,10,1,69,my ex's best friend (with blackbear),"Machine Gun Kelly, blackbear"
2021,10,1,70,fue mejor (feat. SZA),"Kali Uchis, SZA"
2021,10,1,71,Heartbreak Anniversary,Giveon
2021,10,1,72,Leave Before You Love Me (with Jonas Brothers),"Marshmello, Jonas Brothers"
2021,10,1,73,Circles,Post Malone
2021,10,1,74,She Knows (feat. Amber Coffman & Cults),"J. Cole, Cults, Amber Coffman"
2021,10,1,75,Rich MF (feat. Lil Durk),"Trippie Redd, Polo G, Lil Durk"
2021,10,1,76,Mr. Brightside,The Killers
2021,10,1,77,Watermelon Sugar,Harry Styles
2021,10,1,78,Pain,PinkPantheress
2021,10,1,79,telepatía,Kali Uchis
2021,10,1,80,20 Min,Lil Uzi Vert
2021,10,1,81,Martin & Gina,Polo G
2021,10,1,82,Good Days,SZA
2021,10,1,83,All Girls Are The Same,Juice WRLD
2021,10,1,84,Feelin' Like Tunechi,"Lil Wayne, Rich The Kid"
2021,10,1,85,Sky,Playboi Carti
2021,10,1,86,Bored,Billie Eilish
2021,10,1,87,t r a n s p a r e n t s o u l feat. Travis Barker,"WILLOW, Travis Barker"
2021,10,1,88,"jealousy, jealousy",Olivia Rodrigo
2021,10,1,89,Lonely (with Lil Wayne),"DaBaby, Lil Wayne"
2021,10,1,90,Loverboy,A-Wall
2021,10,1,91,Mood (feat. iann dior),"24kGoldn, iann dior"
2021,10,1,92,MONEY,LISA
2021,10,1,93,brutal,Olivia Rodrigo
2021,10,1,94,Volví,"Aventura, Bad Bunny"
2021,10,1,95,The Spins,"Mac Miller, Empire of the Sun"
2021,10,1,96,Dreams - 2004 Remaster,Fleetwood Mac
2021,10,1,97,Happier Than Ever - Edit,Billie Eilish
2021,10,1,98,Come & Go (with Marshmello),"Juice WRLD, Marshmello"
2021,10,1,99,Daddy Issues,The Neighbourhood
2021,10,1,100,happier,Olivia Rodrigo
2021,10,1,101,Rumors (feat. Cardi B),"Lizzo, Cardi B"
2021,10,1,102,Space Song,Beach House
2021,10,1,103,Lucid Dreams,Juice WRLD
2021,10,1,104,DÁKITI,"Bad Bunny, Jhayco"
2021,10,1,105,Motley Crew,Post Malone
2021,10,1,106,505,Arctic Monkeys
2021,10,1,107,TSU,Drake
2021,10,1,108,SCOOP (feat. Doja Cat),"Lil Nas X, Doja Cat"
2021,10,1,109,Todo De Ti,Rauw Alejandro
2021,10,1,110,Wait a Minute!,WILLOW
2021,10,1,111,we fell in love in october,girl in red
2021,10,1,112,EVERY CHANCE I GET (feat. Lil Baby & Lil Durk),"DJ Khaled, Lil Baby, Lil Durk"
2021,10,1,113,SLOW DANCING IN THE DARK,Joji
2021,10,1,114,Work Out,J. Cole
2021,10,1,115,XO Tour Llif3,Lil Uzi Vert
2021,10,1,116,love nwantiti (feat. Dj Yo! & AX'EL) - Remix,"CKay, Dj Yo!, AX'EL"
2021,10,1,117,Electric Love,BØRNS
2021,10,1,118,Buy Dirt,"Jordan Davis, Luke Bryan"
2021,10,1,119,Poke It Out (feat. J. Cole),"Wale, J. Cole, Cool & Dre"
2021,10,1,120,SUVs (Black on Black),"Jack Harlow, Pooh Shiesty"
2021,10,1,121,Streets,Doja Cat
2021,10,1,122,goosebumps,Travis Scott
2021,10,1,123,m y . l i f e (with 21 Savage & Morray),"J. Cole, 21 Savage, Morray"
2021,10,1,124,Wishing Well,Juice WRLD
2021,10,1,125,Lemonade (feat. NAV),"Internet Money, Gunna, Don Toliver, NAV"
2021,10,1,126,"Whats Poppin (feat. DaBaby, Tory Lanez & Lil Wayne) [Remix] - Bonus Track","Jack Harlow, Tory Lanez, DaBaby, Lil Wayne"
2021,10,1,127,Heather,Conan Gray
2021,10,1,128,Jocelyn Flores,XXXTENTACION
2021,10,1,129,Classic,MKTO
2021,10,1,130,Cigarette Daydreams,Cage The Elephant
2021,10,1,131,Astronaut In The Ocean,Masked Wolf
2021,10,1,132,Teenagers,My Chemical Romance
2021,10,1,133,range brothers (with Kendrick Lamar),"Baby Keem, Kendrick Lamar"
2021,10,1,134,REPEAT IT (with Gunna),"Lil Tecca, Gunna"
2021,10,1,135,In The Bible (with Lil Durk & Giveon),"Drake, Lil Durk, Giveon"
2021,10,1,136,Collard Greens,"ScHoolboy Q, Kendrick Lamar"
2021,10,1,137,Blue Notes 2 (feat. Lil Uzi Vert),"Meek Mill, Lil Uzi Vert"
2021,10,1,138,Robbery,Juice WRLD
2021,10,1,139,Die For You,The Weeknd
2021,10,1,140,Money Trees,"Kendrick Lamar, Jay Rock"
2021,10,1,141,Forever After All,Luke Combs
2021,10,1,142,I GUESS I'M IN LOVE,Clinton Kane
2021,10,1,143,For The Night (feat. Lil Baby & DaBaby),"Pop Smoke, Lil Baby, DaBaby"
2021,10,1,144,Está Dañada,Ivan Cornejo
2021,10,1,145,Someone You Loved,Lewis Capaldi
2021,10,1,146,p r i d e . i s . t h e . d e v i l (with Lil Baby),"J. Cole, Lil Baby"
2021,10,1,147,Everybody Talks,Neon Trees
2021,10,1,148,N 2 Deep,"Drake, Future"
2021,10,1,149,Calling My Phone,"Lil Tjay, 6LACK"
2021,10,1,150,edamame (feat. Rich Brian),"bbno$, Rich Brian"
2021,10,1,151,Whiskey Glasses,Morgan Wallen
2021,10,1,152,In Da Getto,"J Balvin, Skrillex"
2021,10,1,153,See You Again (feat. Kali Uchis),"Tyler, The Creator, Kali Uchis"
2021,10,1,154,Smells Like Teen Spirit,Nirvana
2021,10,1,155,WUSYANAME (feat. Youngboy Never Broke Again & Ty Dolla $ign),"Tyler, The Creator, YoungBoy Never Broke Again, Ty Dolla $ign"
2021,10,1,156,Ready (feat. Gunna),"Lil Baby, Gunna"
2021,10,1,157,Lo Siento BB:/ (with Bad Bunny & Julieta Venegas),"Tainy, Bad Bunny, Julieta Venegas"
2021,10,1,158,Laugh Now Cry Later (feat. Lil Durk),"Drake, Lil Durk"
2021,10,1,159,Papi’s Home,Drake
2021,10,1,160,The Way Life Goes (feat. Oh Wonder),"Lil Uzi Vert, Oh Wonder"
2021,10,1,161,you broke me first,Tate McRae
2021,10,1,162,Best Friend (feat. Doja Cat),"Saweetie, Doja Cat"
2021,10,1,163,Drip Too Hard (Lil Baby & Gunna),"Lil Baby, Gunna"
2021,10,1,164,Tongue Tied,GROUPLOVE
2021,10,1,165,Pursuit Of Happiness (Nightmare),"Kid Cudi, MGMT, Ratatat"
2021,10,1,166,WITHOUT YOU,The Kid LAROI
2021,10,1,167,Matt Hardy 999,"Trippie Redd, Juice WRLD"
2021,10,1,168,MIDDLE CHILD,J. Cole
2021,10,1,169,Chasing After You (with Maren Morris),"Ryan Hurd, Maren Morris"
2021,10,1,170,Godzilla (feat. Juice WRLD),"Eminem, Juice WRLD"
2021,10,1,171,Don't Be Shy,"Tiësto, KAROL G"
2021,10,1,172,Save Your Tears,The Weeknd
2021,10,1,173,ROCKSTAR (feat. Roddy Ricch),"DaBaby, Roddy Ricch"
2021,10,1,174,The Less I Know The Better,Tame Impala
2021,10,1,175,Ball If I Want To,DaBaby
2021,10,1,176,Chosen (feat. Ty Dolla $ign),"Blxst, Tyga, Ty Dolla $ign"
2021,10,1,177,Tennessee Whiskey,Chris Stapleton
2021,10,1,178,What You Know Bout Love,Pop Smoke
2021,10,1,179,Ric Flair Drip (with Metro Boomin),"Offset, Metro Boomin"
2021,10,1,180,Wasted On You,Morgan Wallen
2021,10,1,181,If I Didn’t Love You,"Jason Aldean, Carrie Underwood"
2021,10,1,182,The Hills,The Weeknd
2021,10,1,183,Tyler Herro,Jack Harlow
2021,10,1,184,lovely (with Khalid),"Billie Eilish, Khalid"
2021,10,1,185,Before You Go,Lewis Capaldi
2021,10,1,186,Heartless,Kanye West
2021,10,1,187,Blueberry Faygo,Lil Mosey
2021,10,1,188,Fuck Love,"XXXTENTACION, Trippie Redd"
2021,10,1,189,Up,Cardi B
2021,10,1,190,late at night,Roddy Ricch
2021,10,1,191,Adore You,Harry Styles
2021,10,1,192,Don't Stop Believin',Journey
2021,10,1,193,Looking Out for You,Joy Again
2021,10,1,194,Talking to the Moon,Bruno Mars
2021,10,1,195,positions,Ariana Grande
2021,10,1,196,Not Allowed,TV Girl
2021,10,1,197,Kilby Girl,The Backseat Lovers
2021,10,1,198,I Can't Handle Change,Roar
2021,10,1,199,WAP (feat. Megan Thee Stallion),"Cardi B, Megan Thee Stallion"
2021,10,1,200,Jail,Kanye West
2021,11,1,1,Easy On Me,Adele
2021,11,1,2,INDUSTRY BABY (feat. Jack Harlow),"Lil Nas X, Jack Harlow"
2021,11,1,3,STAY (with Justin Bieber),"The Kid LAROI, Justin Bieber"
2021,11,1,4,Heat Waves,Glass Animals
2021,11,1,5,Knife Talk (with 21 Savage ft. Project Pat),"Drake, 21 Savage, Project Pat"
2021,11,1,6,Better Days (NEIKED x Mae Muller x Polo G),"NEIKED, Mae Muller, Polo G"
2021,11,1,7,Way 2 Sexy (with Future & Young Thug),"Drake, Future, Young Thug"
2021,11,1,8,Shivers,Ed Sheeran
2021,11,1,9,Need to Know,Doja Cat
2021,11,1,10,Bad Habits,Ed Sheeran
2021,11,1,11,Meet Me At Our Spot,"THE ANXIETY, WILLOW, Tyler Cole"
2021,11,1,12,good 4 u,Olivia Rodrigo
2021,11,1,13,Kiss Me More (feat. SZA),"Doja Cat, SZA"
2021,11,1,14,family ties (with Kendrick Lamar),"Baby Keem, Kendrick Lamar"
2021,11,1,15,Woman,Doja Cat
2021,11,1,16,Overpass Graffiti,Ed Sheeran
2021,11,1,17,THATS WHAT I WANT,Lil Nas X
2021,11,1,18,MONTERO (Call Me By Your Name),Lil Nas X
2021,11,1,19,Happier Than Ever,Billie Eilish
2021,11,1,20,Moth To A Flame (with The Weeknd),"Swedish House Mafia, The Weeknd"
2021,11,1,21,Cold Heart - PNAU Remix,"Elton John, Dua Lipa, PNAU"
2021,11,1,22,Levitating (feat. DaBaby),"Dua Lipa, DaBaby"
2021,11,1,23,"Who Want Smoke?? (feat. G Herbo, Lil Durk & 21 Savage)","Nardo Wick, G Herbo, Lil Durk, 21 Savage"
2021,11,1,24,traitor,Olivia Rodrigo
2021,11,1,25,2055,Sleepy Hallow
2021,11,1,26,Dark Red,Steve Lacy
2021,11,1,27,Fair Trade (with Travis Scott),"Drake, Travis Scott"
2021,11,1,28,Jugaste y Sufrí,"Eslabon Armado, DannyLux"
2021,11,1,29,Sweater Weather,The Neighbourhood
2021,11,1,30,Blinding Lights,The Weeknd
2021,11,1,31,Pepas,Farruko
2021,11,1,32,Monster Mash,"Bobby ""Boris"" Pickett, The Crypt-Kickers"
2021,11,1,33,Thriller,Michael Jackson
2021,11,1,34,love nwantiti (ah ah ah),CKay
2021,11,1,35,MONEY,LISA
2021,11,1,36,RAPSTAR,Polo G
2021,11,1,37,Praise God,Kanye West
2021,11,1,38,Beggin',Måneskin
2021,11,1,39,Fancy Like,Walker Hayes
2021,11,1,40,Get Into It (Yuh),Doja Cat
2021,11,1,41,Demon High,Lil Uzi Vert
2021,11,1,42,You Right,"Doja Cat, The Weeknd"
2021,11,1,43,Girls Want Girls (with Lil Baby),"Drake, Lil Baby"
2021,11,1,44,Bubbly (with Drake & Travis Scott),"Young Thug, Drake, Travis Scott"
2021,11,1,45,My Universe,"Coldplay, BTS"
2021,11,1,46,Life Goes On,Oliver Tree
2021,11,1,47,Hurricane,Kanye West
2021,11,1,48,Sky,Playboi Carti
2021,11,1,49,No Role Modelz,J. Cole
2021,11,1,50,Ain't Shit,Doja Cat
2021,11,1,51,Ghostbusters,Ray Parker Jr.
2021,11,1,52,This Is Halloween,The Citizens of Halloween
2021,11,1,53,Ghost,Justin Bieber
2021,11,1,54,Wants and Needs (feat. Lil Baby),"Drake, Lil Baby"
2021,11,1,55,I Love You So,The Walters
2021,11,1,56,Freaks,Surf Curse
2021,11,1,57,deja vu,Olivia Rodrigo
2021,11,1,58,Está Dañada,Ivan Cornejo
2021,11,1,59,Miss The Rage,"Trippie Redd, Playboi Carti"
2021,11,1,60,Sharing Locations (feat. Lil Baby & Lil Durk),"Meek Mill, Lil Durk, Lil Baby"
2021,11,1,61,drivers license,Olivia Rodrigo
2021,11,1,62,Tell Em,"Cochise, $NOT"
2021,11,1,63,"...And to Those I Love, Thanks for Sticking Around",$uicideboy$
2021,11,1,64,Nuestra Canción,"Monsieur Periné, Vicente Garcia"
2021,11,1,65,too easy,"Gunna, Future"
2021,11,1,66,YKWIM?,Yot Club
2021,11,1,67,20 Min,Lil Uzi Vert
2021,11,1,68,GHOST TOWN,Benson Boone
2021,11,1,69,Sunflower - Spider-Man: Into the Spider-Verse,"Post Malone, Swae Lee"
2021,11,1,70,Lo Siento BB:/ (with Bad Bunny & Julieta Venegas),"Tainy, Bad Bunny, Julieta Venegas"
2021,11,1,71,AOK,Tai Verdes
2021,11,1,72,When We Were Young,Adele
2021,11,1,73,Thot Shit,Megan Thee Stallion
2021,11,1,74,Moon,Kanye West
2021,11,1,75,Mr. Brightside,The Killers
2021,11,1,76,Happier Than Ever - Edit,Billie Eilish
2021,11,1,77,LOT OF ME,Lil Tecca
2021,11,1,78,Livin It Up (with Post Malone & A$AP Rocky),"Young Thug, A$AP Rocky, Post Malone"
2021,11,1,79,Peaches (feat. Daniel Caesar & Giveon),"Justin Bieber, Daniel Caesar, Giveon"
2021,11,1,80,Martin & Gina,Polo G
2021,11,1,81,Yonaguni,Bad Bunny
2021,11,1,82,Looking Out for You,Joy Again
2021,11,1,83,masquerade,siouxxie sixxsta
2021,11,1,84,All Girls Are The Same,Juice WRLD
2021,11,1,85,Good Days,SZA
2021,11,1,86,Circles,Post Malone
2021,11,1,87,Leave The Door Open,"Bruno Mars, Anderson .Paak, Silk Sonic"
2021,11,1,88,Save Your Tears (with Ariana Grande) (Remix),"The Weeknd, Ariana Grande"
2021,11,1,89,my ex's best friend (with blackbear),"Machine Gun Kelly, blackbear"
2021,11,1,90,Toxic,BoyWithUke
2021,11,1,91,Not In The Mood (feat. Fivio Foreign & Kay Flock),"Lil Tjay, Fivio Foreign, Kay Flock"
2021,11,1,92,First Times,Ed Sheeran
2021,11,1,93,Somebody's Watching Me - Single Version,Rockwell
2021,11,1,94,Lucid Dreams,Juice WRLD
2021,11,1,95,Daddy Issues,The Neighbourhood
2021,11,1,96,WFM,RealestK
2021,11,1,97,we fell in love in october,girl in red
2021,11,1,98,Heartbreak Anniversary,Giveon
2021,11,1,99,Space Song,Beach House
2021,11,1,100,SAD GIRLZ LUV MONEY Remix (feat. Kali Uchis and Moliy),"Amaarae, Kali Uchis, Moliy"
2021,11,1,101,2step,Ed Sheeran
2021,11,1,102,goosebumps,Travis Scott
2021,11,1,103,Eat It,Megan Thee Stallion
2021,11,1,104,The Spins,"Mac Miller, Empire of the Sun"
2021,11,1,105,XO Tour Llif3,Lil Uzi Vert
2021,11,1,106,505,Arctic Monkeys
2021,11,1,107,All I Want for Christmas Is You,Mariah Carey
2021,11,1,108,Someone Like You,Adele
2021,11,1,109,SLOW DANCING IN THE DARK,Joji
2021,11,1,110,Watermelon Sugar,Harry Styles
2021,11,1,111,Jocelyn Flores,XXXTENTACION
2021,11,1,112,Rich MF (feat. Lil Durk),"Trippie Redd, Polo G, Lil Durk"
2021,11,1,113,Take My Breath - Single Version,The Weeknd
2021,11,1,114,Have Mercy,Chlöe
2021,11,1,115,favorite crime,Olivia Rodrigo
2021,11,1,116,Mood (feat. iann dior),"24kGoldn, iann dior"
2021,11,1,117,"Spooky, Scary Skeletons - Undead Tombstone Remix",Andrew Gold
2021,11,1,118,Come & Go (with Marshmello),"Juice WRLD, Marshmello"
2021,11,1,119,Buy Dirt,"Jordan Davis, Luke Bryan"
2021,11,1,120,She Knows (feat. Amber Coffman & Cults),"J. Cole, Cults, Amber Coffman"
2021,11,1,121,DÁKITI,"Bad Bunny, Jhayco"
2021,11,1,122,Die For You,The Weeknd
2021,11,1,123,bad guy,Billie Eilish
2021,11,1,124,Classic,MKTO
2021,11,1,125,Shoota (feat. Lil Uzi Vert),"Playboi Carti, Lil Uzi Vert"
2021,11,1,126,Dreams - 2004 Remaster,Fleetwood Mac
2021,11,1,127,telepatía,Kali Uchis
2021,11,1,128,Streets,Doja Cat
2021,11,1,129,Heather,Conan Gray
2021,11,1,130,Bored,Billie Eilish
2021,11,1,131,Highway to Hell,AC/DC
2021,11,1,132,Teenagers,My Chemical Romance
2021,11,1,133,Champagne Poetry,Drake
2021,11,1,134,See You Again (feat. Kali Uchis),"Tyler, The Creator, Kali Uchis"
2021,11,1,135,Enemy (with JID) - from the series Arcane League of Legends,"Imagine Dragons, JID, Arcane, League of Legends"
2021,11,1,136,Toxic,Britney Spears
2021,11,1,137,Drip Too Hard (Lil Baby & Gunna),"Lil Baby, Gunna"
2021,11,1,138,Disturbia,Rihanna
2021,11,1,139,Work Out,J. Cole
2021,11,1,140,Wishing Well,Juice WRLD
2021,11,1,141,The Way Life Goes (feat. Oh Wonder),"Lil Uzi Vert, Oh Wonder"
2021,11,1,142,Telepath,Conan Gray
2021,11,1,143,Electric Love,BØRNS
2021,11,1,144,Lemonade (feat. NAV),"Internet Money, Gunna, Don Toliver, NAV"
2021,11,1,145,Money Trees,"Kendrick Lamar, Jay Rock"
2021,11,1,146,Rolling in the Deep,Adele
2021,11,1,147,Robbery,Juice WRLD
2021,11,1,148,love nwantiti (feat. Dj Yo! & AX'EL) - Remix,"CKay, Dj Yo!, AX'EL"
2021,11,1,149,Pursuit Of Happiness (Nightmare),"Kid Cudi, MGMT, Ratatat"
2021,11,1,150,SICKO MODE,Travis Scott
2021,11,1,151,Off The Grid,Kanye West
2021,11,1,152,Wait a Minute!,WILLOW
2021,11,1,153,Someone You Loved,Lewis Capaldi
2021,11,1,154,Superstition,Stevie Wonder
2021,11,1,155,Leave Before You Love Me (with Jonas Brothers),"Marshmello, Jonas Brothers"
2021,11,1,156,Sandman,A$AP Rocky
2021,11,1,157,No Friends In The Industry,Drake
2021,11,1,158,happier,Olivia Rodrigo
2021,11,1,159,Tides,Ed Sheeran
2021,11,1,160,edamame (feat. Rich Brian),"bbno$, Rich Brian"
2021,11,1,161,Volví,"Aventura, Bad Bunny"
2021,11,1,162,Smells Like Teen Spirit,Nirvana
2021,11,1,163,Loverboy,A-Wall
2021,11,1,164,Collard Greens,"ScHoolboy Q, Kendrick Lamar"
2021,11,1,165,t r a n s p a r e n t s o u l feat. Travis Barker,"WILLOW, Travis Barker"
2021,11,1,166,Notion,The Rare Occasions
2021,11,1,167,brutal,Olivia Rodrigo
2021,11,1,168,"jealousy, jealousy",Olivia Rodrigo
2021,11,1,169,Face Off,"Tech N9ne, Joey Cool, King Iso, Dwayne Johnson"
2021,11,1,170,"Whats Poppin (feat. DaBaby, Tory Lanez & Lil Wayne) [Remix] - Bonus Track","Jack Harlow, Tory Lanez, DaBaby, Lil Wayne"
2021,11,1,171,Love In The Dark,Adele
2021,11,1,172,Everybody Talks,Neon Trees
2021,11,1,173,The Hills,The Weeknd
2021,11,1,174,For The Night (feat. Lil Baby & DaBaby),"Pop Smoke, Lil Baby, DaBaby"
2021,11,1,175,Wasted On You,Morgan Wallen
2021,11,1,176,Whiskey Glasses,Morgan Wallen
2021,11,1,177,you broke me first,Tate McRae
2021,11,1,178,exile (feat. Bon Iver),"Taylor Swift, Bon Iver"
2021,11,1,179,Astronaut In The Ocean,Masked Wolf
2021,11,1,180,Wildest Dreams (Taylor's Version),Taylor Swift
2021,11,1,181,Chosen (feat. Ty Dolla $ign),"Blxst, Tyga, Ty Dolla $ign"
2021,11,1,182,REPEAT IT (with Gunna),"Lil Tecca, Gunna"
2021,11,1,183,Todo De Ti,Rauw Alejandro
2021,11,1,184,Pain,PinkPantheress
2021,11,1,185,I GUESS I'M IN LOVE,Clinton Kane
2021,11,1,186,Motley Crew,Post Malone
2021,11,1,187,Save Your Tears,The Weeknd
2021,11,1,188,Calling My Phone,"Lil Tjay, 6LACK"
2021,11,1,189,Love Sosa,Chief Keef
2021,11,1,190,Redbone,Childish Gambino
2021,11,1,191,Before You Go,Lewis Capaldi
2021,11,1,192,lovely (with Khalid),"Billie Eilish, Khalid"
2021,11,1,193,Not Allowed,TV Girl
2021,11,1,194,The Less I Know The Better,Tame Impala
2021,11,1,195,Star Shopping,Lil Peep
2021,11,1,196,Fuck Love,"XXXTENTACION, Trippie Redd"
2021,11,1,197,Yes Indeed,"Lil Baby, Drake"
2021,11,1,198,Little Dark Age,MGMT
2021,11,1,199,Your Heart,"Joyner Lucas, J. Cole"
2021,11,1,200,Ric Flair Drip (with Metro Boomin),"Offset, Metro Boomin"
2021,12,1,1,Easy On Me,Adele
2021,12,1,2,All Too Well (10 Minute Version) (Taylor's Version) (From The Vault),Taylor Swift
2021,12,1,3,INDUSTRY BABY (feat. Jack Harlow),"Lil Nas X, Jack Harlow"
2021,12,1,4,STAY (with Justin Bieber),"The Kid LAROI, Justin Bieber"
2021,12,1,5,Heat Waves,Glass Animals
2021,12,1,6,All I Want for Christmas Is You,Mariah Carey
2021,12,1,7,Rockin' Around The Christmas Tree,Brenda Lee
2021,12,1,8,White Christmas - 1947 Version,"Bing Crosby, Ken Darby Singers, John Scott Trotter & His Orchestra"
2021,12,1,9,Jingle Bell Rock,Bobby Helms
2021,12,1,10,Smokin Out The Window,"Bruno Mars, Anderson .Paak, Silk Sonic"
2021,12,1,11,abcdefu,GAYLE
2021,12,1,12,It's the Most Wonderful Time of the Year,Andy Williams
2021,12,1,13,Knife Talk (with 21 Savage ft. Project Pat),"Drake, 21 Savage, Project Pat"
2021,12,1,14,Oh My God,Adele
2021,12,1,15,Need to Know,Doja Cat
2021,12,1,16,good 4 u,Olivia Rodrigo
2021,12,1,17,Way 2 Sexy (with Future & Young Thug),"Drake, Future, Young Thug"
2021,12,1,18,The Christmas Song (Merry Christmas To You),Nat King Cole
2021,12,1,19,It's Beginning to Look a Lot like Christmas,Michael Bublé
2021,12,1,20,family ties (with Kendrick Lamar),"Baby Keem, Kendrick Lamar"
2021,12,1,21,Better Days (NEIKED x Mae Muller x Polo G),"NEIKED, Mae Muller, Polo G"
2021,12,1,22,Kiss Me More (feat. SZA),"Doja Cat, SZA"
2021,12,1,23,Last Christmas,Wham!
2021,12,1,24,Enemy (with JID) - from the series Arcane League of Legends,"Imagine Dragons, JID, Arcane, League of Legends"
2021,12,1,25,Meet Me At Our Spot,"THE ANXIETY, WILLOW, Tyler Cole"
2021,12,1,26,Feliz Navidad,José Feliciano
2021,12,1,27,Cold Heart - PNAU Remix,"Elton John, Dua Lipa, PNAU"
2021,12,1,28,Shivers,Ed Sheeran
2021,12,1,29,Sleigh Ride,The Ronettes
2021,12,1,30,Let It Snow! Let It Snow! Let It Snow! (with The B. Swanson Quartet),"Frank Sinatra, B. Swanson Quartet"
2021,12,1,31,One Right Now (with The Weeknd),"Post Malone, The Weeknd"
2021,12,1,32,Woman,Doja Cat
2021,12,1,33,Dark Red,Steve Lacy
2021,12,1,34,Santa Tell Me,Ariana Grande
2021,12,1,35,A Holly Jolly Christmas,Burl Ives
2021,12,1,36,Already Dead,Juice WRLD
2021,12,1,37,Happier Than Ever,Billie Eilish
2021,12,1,38,Can I Get It,Adele
2021,12,1,39,My Little Love,Adele
2021,12,1,40,MONTERO (Call Me By Your Name),Lil Nas X
2021,12,1,41,Sky,Playboi Carti
2021,12,1,42,traitor,Olivia Rodrigo
2021,12,1,43,It's Beginning to Look a Lot Like Christmas (with Mitchell Ayres & His Orchestra),"Perry Como, The Fontane Sisters, Mitchell Ayres & His Orchestra"
2021,12,1,44,Bad Habits,Ed Sheeran
2021,12,1,45,2055,Sleepy Hallow
2021,12,1,46,Sweater Weather,The Neighbourhood
2021,12,1,47,"Who Want Smoke?? (feat. G Herbo, Lil Durk & 21 Savage)","Nardo Wick, G Herbo, Lil Durk, 21 Savage"
2021,12,1,48,THATS WHAT I WANT,Lil Nas X
2021,12,1,49,RAPSTAR,Polo G
2021,12,1,50,Underneath the Tree,Kelly Clarkson
2021,12,1,51,I Love You So,The Walters
2021,12,1,52,Christmas (Baby Please Come Home),Darlene Love
2021,12,1,53,Mistletoe,Justin Bieber
2021,12,1,54,I Drink Wine,Adele
2021,12,1,55,Bad Man (Smooth Criminal),Polo G
2021,12,1,56,Enchanted,Taylor Swift
2021,12,1,57,Wonderful Christmastime - Edited Version / Remastered 2011,Paul McCartney
2021,12,1,58,You Right,"Doja Cat, The Weeknd"
2021,12,1,59,Praise God,Kanye West
2021,12,1,60,Holly Jolly Christmas,Michael Bublé
2021,12,1,61,Blue Christmas,Elvis Presley
2021,12,1,62,Pepas,Farruko
2021,12,1,63,Jugaste y Sufrí,"Eslabon Armado, DannyLux"
2021,12,1,64,Levitating (feat. DaBaby),"Dua Lipa, DaBaby"
2021,12,1,65,Leave The Door Open,"Bruno Mars, Anderson .Paak, Silk Sonic"
2021,12,1,66,drivers license,Olivia Rodrigo
2021,12,1,67,Get Into It (Yuh),Doja Cat
2021,12,1,68,SAD GIRLZ LUV MONEY Remix (feat. Kali Uchis and Moliy),"Amaarae, Kali Uchis, Moliy"
2021,12,1,69,Run Rudolph Run,Chuck Berry
2021,12,1,70,Let It Snow! Let It Snow! Let It Snow!,Dean Martin
2021,12,1,71,Ghost,Justin Bieber
2021,12,1,72,Santa Baby (with Henri René & His Orchestra),"Eartha Kitt, Henri René and His Orchestra"
2021,12,1,73,No Role Modelz,J. Cole
2021,12,1,74,Fair Trade (with Travis Scott),"Drake, Travis Scott"
2021,12,1,75,Santa Claus Is Coming To Town,The Jackson 5
2021,12,1,76,By Your Side,Rod Wave
2021,12,1,77,Fancy Like,Walker Hayes
2021,12,1,78,Notion,The Rare Occasions
2021,12,1,79,Beggin',Måneskin
2021,12,1,80,deja vu,Olivia Rodrigo
2021,12,1,81,Happy Xmas (War Is Over) - Remastered 2010,"John Lennon, Yoko Ono"
2021,12,1,82,Toxic,BoyWithUke
2021,12,1,83,Carol of the Bells,"Mykola Dmytrovych Leontovych, John Williams"
2021,12,1,84,Do They Know It's Christmas? - 1984 Version,Band Aid
2021,12,1,85,Wants and Needs (feat. Lil Baby),"Drake, Lil Baby"
2021,12,1,86,love nwantiti (ah ah ah),CKay
2021,12,1,87,Nothing New (feat. Phoebe Bridgers) (Taylor’s Version) (From The Vault),"Taylor Swift, Phoebe Bridgers"
2021,12,1,88,Do It To It,"ACRAZE, Cherish"
2021,12,1,89,I Bet You Think About Me (feat. Chris Stapleton) (Taylor’s Version) (From The Vault),"Taylor Swift, Chris Stapleton"
2021,12,1,90,Freaks,Surf Curse
2021,12,1,91,Blinding Lights,The Weeknd
2021,12,1,92,Happy Holiday / The Holiday Season,Andy Williams
2021,12,1,93,20 Min,Lil Uzi Vert
2021,12,1,94,Lucid Dreams,Juice WRLD
2021,12,1,95,Good Days,SZA
2021,12,1,96,Tell Em,"Cochise, $NOT"
2021,12,1,97,Mele Kalikimaka - Single Version,"Bing Crosby, The Andrews Sisters"
2021,12,1,98,"Baby, It's Cold Outside",Dean Martin
2021,12,1,99,To Be Loved,Adele
2021,12,1,100,Christmas (Baby Please Come Home),Mariah Carey
2021,12,1,101,Cry Your Heart Out,Adele
2021,12,1,102,Miss The Rage,"Trippie Redd, Playboi Carti"
2021,12,1,103,My Universe,"Coldplay, BTS"
2021,12,1,104,"Santa Claus Is Comin' to Town - Live at C.W. Post College, Greenvale, NY - December 1975",Bruce Springsteen
2021,12,1,105,Red (Taylor's Version),Taylor Swift
2021,12,1,106,All Too Well (Taylor's Version),Taylor Swift
2021,12,1,107,No Love (with SZA),"Summer Walker, SZA"
2021,12,1,108,Ain't Shit,Doja Cat
2021,12,1,109,Moth To A Flame (with The Weeknd),"Swedish House Mafia, The Weeknd"
2021,12,1,110,Martin & Gina,Polo G
2021,12,1,111,YKWIM?,Yot Club
2021,12,1,112,Joy To The World,Nat King Cole
2021,12,1,113,O Tannenbaum,Vince Guaraldi Trio
2021,12,1,114,All Girls Are The Same,Juice WRLD
2021,12,1,115,Life Goes On,Oliver Tree
2021,12,1,116,Sunflower - Spider-Man: Into the Spider-Verse,"Post Malone, Swae Lee"
2021,12,1,117,I AM WOMAN,Emmy Meli
2021,12,1,118,Christmas Time Is Here,Vince Guaraldi Trio
2021,12,1,119,ESCAPE PLAN,Travis Scott
2021,12,1,120,(There's No Place Like) Home for the Holidays - 1959 Version,Perry Como
2021,12,1,121,Rudolph The Red-Nosed Reindeer,Burl Ives
2021,12,1,122,I Saw Mommy Kissing Santa Claus,The Jackson 5
2021,12,1,123,"...And to Those I Love, Thanks for Sticking Around",$uicideboy$
2021,12,1,124,Space Song,Beach House
2021,12,1,125,Girls Want Girls (with Lil Baby),"Drake, Lil Baby"
2021,12,1,126,Yonaguni,Bad Bunny
2021,12,1,127,Strangers By Nature,Adele
2021,12,1,128,Sharing Locations (feat. Lil Baby & Lil Durk),"Meek Mill, Lil Durk, Lil Baby"
2021,12,1,129,Jumpin (feat. Polo G),"NLE Choppa, Polo G"
2021,12,1,130,505,Arctic Monkeys
2021,12,1,131,Always Been You,Jessie Murph
2021,12,1,132,Looking Out for You,Joy Again
2021,12,1,133,Little Saint Nick - 1991 Remix,The Beach Boys
2021,12,1,134,Heartbreak Anniversary,Giveon
2021,12,1,135,Save Your Tears (with Ariana Grande) (Remix),"The Weeknd, Ariana Grande"
2021,12,1,136,Mr. Brightside,The Killers
2021,12,1,137,MONEY,LISA
2021,12,1,138,Está Dañada,Ivan Cornejo
2021,12,1,139,All Night Parking (with Erroll Garner) Interlude,Adele
2021,12,1,140,Bubbly (with Drake & Travis Scott),"Young Thug, Drake, Travis Scott"
2021,12,1,141,Circles,Post Malone
2021,12,1,142,Daddy Issues,The Neighbourhood
2021,12,1,143,LOT OF ME,Lil Tecca
2021,12,1,144,favorite crime,Olivia Rodrigo
2021,12,1,145,Streets,Doja Cat
2021,12,1,146,Step Into Christmas - Remastered 1995,Elton John
2021,12,1,147,SLOW DANCING IN THE DARK,Joji
2021,12,1,148,The Spins,"Mac Miller, Empire of the Sun"
2021,12,1,149,telepatía,Kali Uchis
2021,12,1,150,my ex's best friend (with blackbear),"Machine Gun Kelly, blackbear"
2021,12,1,151,too easy,"Gunna, Future"
2021,12,1,152,DÁKITI,"Bad Bunny, Jhayco"
2021,12,1,153,Save Your Tears,The Weeknd
2021,12,1,154,Die For You,The Weeknd
2021,12,1,155,Hurricane,Kanye West
2021,12,1,156,XO Tour Llif3,Lil Uzi Vert
2021,12,1,157,Peaches (feat. Daniel Caesar & Giveon),"Justin Bieber, Daniel Caesar, Giveon"
2021,12,1,158,Wasted On You,Morgan Wallen
2021,12,1,159,Super Gremlin,Kodak Black
2021,12,1,160,Snowman,Sia
2021,12,1,161,See You Again (feat. Kali Uchis),"Tyler, The Creator, Kali Uchis"
2021,12,1,162,Mistletoe And Holly - Remastered 1999,Frank Sinatra
2021,12,1,163,Come & Go (with Marshmello),"Juice WRLD, Marshmello"
2021,12,1,164,Heather,Conan Gray
2021,12,1,165,Here Comes Santa Claus (Right Down Santa Claus Lane) - 1947 Version,Gene Autry
2021,12,1,166,Watermelon Sugar,Harry Styles
2021,12,1,167,Alien Blues,Vundabar
2021,12,1,168,Chandelier,Will Paquin
2021,12,1,169,Jocelyn Flores,XXXTENTACION
2021,12,1,170,Do You Hear What I Hear? - Remastered 2006,Bing Crosby
2021,12,1,171,Lo Siento BB:/ (with Bad Bunny & Julieta Venegas),"Tainy, Bad Bunny, Julieta Venegas"
2021,12,1,172,Hold On,Adele
2021,12,1,173,Woman Like Me,Adele
2021,12,1,174,Mood (feat. iann dior),"24kGoldn, iann dior"
2021,12,1,175,This Christmas,Donny Hathaway
2021,12,1,176,Wishing Well,Juice WRLD
2021,12,1,177,Robbery,Juice WRLD
2021,12,1,178,Please Come Home for Christmas - 2013 Remaster,Eagles
2021,12,1,179,Happier Than Ever - Edit,Billie Eilish
2021,12,1,180,feel like shit,Tate McRae
2021,12,1,181,Money Trees,"Kendrick Lamar, Jay Rock"
2021,12,1,182,Dreams - 2004 Remaster,Fleetwood Mac
2021,12,1,183,GHOST TOWN,Benson Boone
2021,12,1,184,masquerade,siouxxie sixxsta
2021,12,1,185,The Way Life Goes (feat. Oh Wonder),"Lil Uzi Vert, Oh Wonder"
2021,12,1,186,She Knows (feat. Amber Coffman & Cults),"J. Cole, Cults, Amber Coffman"
2021,12,1,187,Drip Too Hard (Lil Baby & Gunna),"Lil Baby, Gunna"
2021,12,1,188,Love Is A Game,Adele
2021,12,1,189,Shoota (feat. Lil Uzi Vert),"Playboi Carti, Lil Uzi Vert"
2021,12,1,190,Have Yourself A Merry Little Christmas,Judy Garland
2021,12,1,191,Lemonade (feat. NAV),"Internet Money, Gunna, Don Toliver, NAV"
2021,12,1,192,Pursuit Of Happiness (Nightmare),"Kid Cudi, MGMT, Ratatat"
2021,12,1,193,Star Shopping,Lil Peep
2021,12,1,194,Calling My Phone,"Lil Tjay, 6LACK"
2021,12,1,195,goosebumps,Travis Scott
2021,12,1,196,happier,Olivia Rodrigo
2021,12,1,197,Whiskey Glasses,Morgan Wallen
2021,12,1,198,LA FAMA,"ROSALÍA, The Weeknd"
2021,12,1,199,Moon,Kanye West
2021,12,1,200,Sand In My Boots,Morgan Wallen
2022,1,1,1,We Don't Talk About Bruno,"Carolina Gaitán - La Gaita, Mauro Castillo, Adassa, Rhenzy Feliz, Diane Guerrero, Stephanie Beatriz, Encanto - Cast"
2022,1,1,2,Heat Waves,Glass Animals
2022,1,1,3,INDUSTRY BABY (feat. Jack Harlow),"Lil Nas X, Jack Harlow"
2022,1,1,4,STAY (with Justin Bieber),"The Kid LAROI, Justin Bieber"
2022,1,1,5,Super Gremlin,Kodak Black
2022,1,1,6,abcdefu,GAYLE
2022,1,1,7,Easy On Me,Adele
2022,1,1,8,Surface Pressure,Jessica Darrow
2022,1,1,9,Enemy (with JID) - from the series Arcane League of Legends,"Imagine Dragons, JID, Arcane, League of Legends"
2022,1,1,10,good 4 u,Olivia Rodrigo
2022,1,1,11,Kiss Me More (feat. SZA),"Doja Cat, SZA"
2022,1,1,12,Need to Know,Doja Cat
2022,1,1,13,Broadway Girls (feat. Morgan Wallen),"Lil Durk, Morgan Wallen"
2022,1,1,14,Knife Talk (with 21 Savage ft. Project Pat),"Drake, 21 Savage, Project Pat"
2022,1,1,15,Cold Heart - PNAU Remix,"Elton John, Dua Lipa, PNAU"
2022,1,1,16,I Hate U,SZA
2022,1,1,17,Woman,Doja Cat
2022,1,1,18,All Too Well (10 Minute Version) (Taylor's Version) (From The Vault),Taylor Swift
2022,1,1,19,Better Days (NEIKED x Mae Muller x Polo G),"NEIKED, Mae Muller, Polo G"
2022,1,1,20,Shivers,Ed Sheeran
2022,1,1,21,Smokin Out The Window,"Bruno Mars, Anderson .Paak, Silk Sonic"
2022,1,1,22,Dark Red,Steve Lacy
2022,1,1,23,family ties (with Kendrick Lamar),"Baby Keem, Kendrick Lamar"
2022,1,1,24,I Love You So,The Walters
2022,1,1,25,Meet Me At Our Spot,"THE ANXIETY, WILLOW, Tyler Cole"
2022,1,1,26,Sweater Weather,The Neighbourhood
2022,1,1,27,Bad Habits,Ed Sheeran
2022,1,1,28,Sky,Playboi Carti
2022,1,1,29,One Right Now (with The Weeknd),"Post Malone, The Weeknd"
2022,1,1,30,MONTERO (Call Me By Your Name),Lil Nas X
2022,1,1,31,Levitating (feat. DaBaby),"Dua Lipa, DaBaby"
2022,1,1,32,Way 2 Sexy (with Future & Young Thug),"Drake, Future, Young Thug"
2022,1,1,33,RAPSTAR,Polo G
2022,1,1,34,Happier Than Ever,Billie Eilish
2022,1,1,35,Pepas,Farruko
2022,1,1,36,traitor,Olivia Rodrigo
2022,1,1,37,Do It To It,"ACRAZE, Cherish"
2022,1,1,38,No Role Modelz,J. Cole
2022,1,1,39,The Family Madrigal,"Stephanie Beatriz, Olga Merediz, Encanto - Cast"
2022,1,1,40,What Else Can I Do?,"Diane Guerrero, Stephanie Beatriz"
2022,1,1,41,2055,Sleepy Hallow
2022,1,1,42,"Who Want Smoke?? (feat. G Herbo, Lil Durk & 21 Savage)","Nardo Wick, G Herbo, Lil Durk, 21 Savage"
2022,1,1,43,You Right,"Doja Cat, The Weeknd"
2022,1,1,44,Sunflower - Spider-Man: Into the Spider-Verse,"Post Malone, Swae Lee"
2022,1,1,45,Blinding Lights,The Weeknd
2022,1,1,46,Flower Shops (feat. Morgan Wallen),"ERNEST, Morgan Wallen"
2022,1,1,47,Get Into It (Yuh),Doja Cat
2022,1,1,48,Ghost,Justin Bieber
2022,1,1,49,By Your Side,Rod Wave
2022,1,1,50,THATS WHAT I WANT,Lil Nas X
2022,1,1,51,drivers license,Olivia Rodrigo
2022,1,1,52,deja vu,Olivia Rodrigo
2022,1,1,53,Oh My God,Adele
2022,1,1,54,Freaks,Surf Curse
2022,1,1,55,Wants and Needs (feat. Lil Baby),"Drake, Lil Baby"
2022,1,1,56,20 Min,Lil Uzi Vert
2022,1,1,57,Lil Uzi Vert,Juice WRLD
2022,1,1,58,love nwantiti (ah ah ah),CKay
2022,1,1,59,Lucid Dreams,Juice WRLD
2022,1,1,60,Dos Oruguitas,Sebastian Yatra
2022,1,1,61,Burn,Juice WRLD
2022,1,1,62,Fancy Like,Walker Hayes
2022,1,1,63,Save Your Tears (with Ariana Grande) (Remix),"The Weeknd, Ariana Grande"
2022,1,1,64,Fair Trade (with Travis Scott),"Drake, Travis Scott"
2022,1,1,65,Wandered To LA (with Justin Bieber),"Juice WRLD, Justin Bieber"
2022,1,1,66,All Girls Are The Same,Juice WRLD
2022,1,1,67,I AM WOMAN,Emmy Meli
2022,1,1,68,Leave The Door Open,"Bruno Mars, Anderson .Paak, Silk Sonic"
2022,1,1,69,Alien Blues,Vundabar
2022,1,1,70,Space Song,Beach House
2022,1,1,71,Infinity,Jaymes Young
2022,1,1,72,My Universe,"Coldplay, BTS"
2022,1,1,73,Mr. Brightside,The Killers
2022,1,1,74,Good Days,SZA
2022,1,1,75,Praise God,Kanye West
2022,1,1,76,Waiting On A Miracle,Stephanie Beatriz
2022,1,1,77,Bad Man (Smooth Criminal),Polo G
2022,1,1,78,Beggin',Måneskin
2022,1,1,79,505,Arctic Monkeys
2022,1,1,80,Mr. Ranger,Kid Cudi
2022,1,1,81,Circles,Post Malone
2022,1,1,82,Martin & Gina,Polo G
2022,1,1,83,YKWIM?,Yot Club
2022,1,1,84,Pursuit Of Happiness (Nightmare),"Kid Cudi, MGMT, Ratatat"
2022,1,1,85,Jugaste y Sufrí,"Eslabon Armado, DannyLux"
2022,1,1,86,Tell Em,"Cochise, $NOT"
2022,1,1,87,Daddy Issues,The Neighbourhood
2022,1,1,88,Miss The Rage,"Trippie Redd, Playboi Carti"
2022,1,1,89,Buy Dirt,"Jordan Davis, Luke Bryan"
2022,1,1,90,Streets,Doja Cat
2022,1,1,91,See You Again (feat. Kali Uchis),"Tyler, The Creator, Kali Uchis"
2022,1,1,92,Toxic,BoyWithUke
2022,1,1,93,SLOW DANCING IN THE DARK,Joji
2022,1,1,94,Ain't Shit,Doja Cat
2022,1,1,95,Man in the Mirror,A Boogie Wit da Hoodie
2022,1,1,96,Life Goes On,Oliver Tree
2022,1,1,97,The Spins,"Mac Miller, Empire of the Sun"
2022,1,1,98,Shoota (feat. Lil Uzi Vert),"Playboi Carti, Lil Uzi Vert"
2022,1,1,99,Drip Too Hard (Lil Baby & Gunna),"Lil Baby, Gunna"
2022,1,1,100,Yonaguni,Bad Bunny
2022,1,1,101,Fingers Crossed,Lauren Spencer Smith
2022,1,1,102,SAD GIRLZ LUV MONEY Remix (feat. Kali Uchis and Moliy),"Amaarae, Kali Uchis, Moliy"
2022,1,1,103,Notion,The Rare Occasions
2022,1,1,104,DÁKITI,"Bad Bunny, Jhayco"
2022,1,1,105,favorite crime,Olivia Rodrigo
2022,1,1,106,Love & War,Kodak Black
2022,1,1,107,Dreams - 2004 Remaster,Fleetwood Mac
2022,1,1,108,Wasted On You,Morgan Wallen
2022,1,1,109,No Love (with SZA),"Summer Walker, SZA"
2022,1,1,110,Mood (feat. iann dior),"24kGoldn, iann dior"
2022,1,1,111,Come & Go (with Marshmello),"Juice WRLD, Marshmello"
2022,1,1,112,my ex's best friend (with blackbear),"Machine Gun Kelly, blackbear"
2022,1,1,113,Heartbreak Anniversary,Giveon
2022,1,1,114,Money Trees,"Kendrick Lamar, Jay Rock"
2022,1,1,115,Robbery,Juice WRLD
2022,1,1,116,Whiskey Glasses,Morgan Wallen
2022,1,1,117,Wishing Well,Juice WRLD
2022,1,1,118,Looking Out for You,Joy Again
2022,1,1,119,Die For You,The Weeknd
2022,1,1,120,XO Tour Llif3,Lil Uzi Vert
2022,1,1,121,Jocelyn Flores,XXXTENTACION
2022,1,1,122,telepatía,Kali Uchis
2022,1,1,123,Watermelon Sugar,Harry Styles
2022,1,1,124,NEW MAGIC WAND,"Tyler, The Creator"
2022,1,1,125,Love Grows (Where My Rosemary Goes),Edison Lighthouse
2022,1,1,126,Peaches (feat. Daniel Caesar & Giveon),"Justin Bieber, Daniel Caesar, Giveon"
2022,1,1,127,It's Called: Freefall,Rainbow Kitten Surprise
2022,1,1,128,Work Out,J. Cole
2022,1,1,129,Heather,Conan Gray
2022,1,1,130,Girls Want Girls (with Lil Baby),"Drake, Lil Baby"
2022,1,1,131,Save Your Tears,The Weeknd
2022,1,1,132,"...And to Those I Love, Thanks for Sticking Around",$uicideboy$
2022,1,1,133,Girl Of My Dreams (with SUGA of BTS),"Juice WRLD, SUGA, BTS"
2022,1,1,134,For Tonight,Giveon
2022,1,1,135,Redbone,Childish Gambino
2022,1,1,136,Washing Machine Heart,Mitski
2022,1,1,137,Sand In My Boots,Morgan Wallen
2022,1,1,138,It'll Be Okay,Shawn Mendes
2022,1,1,139,Electric Love,BØRNS
2022,1,1,140,Star Shopping,Lil Peep
2022,1,1,141,goosebumps,Travis Scott
2022,1,1,142,Big Energy,Latto
2022,1,1,143,Lo Siento BB:/ (with Bad Bunny & Julieta Venegas),"Tainy, Bad Bunny, Julieta Venegas"
2022,1,1,144,Lemonade (feat. NAV),"Internet Money, Gunna, Don Toliver, NAV"
2022,1,1,145,The Way Life Goes (feat. Oh Wonder),"Lil Uzi Vert, Oh Wonder"
2022,1,1,146,The Hills,The Weeknd
2022,1,1,147,When I’m Gone (with Katy Perry),"Alesso, Katy Perry"
2022,1,1,148,All Of You,"Stephanie Beatriz, Olga Merediz, John Leguizamo, Adassa, Maluma, Encanto - Cast"
2022,1,1,149,Enchanted,Taylor Swift
2022,1,1,150,Heartless,Kanye West
2022,1,1,151,Pope Is a Rockstar,SALES
2022,1,1,152,Calling My Phone,"Lil Tjay, 6LACK"
2022,1,1,153,She Knows (feat. Amber Coffman & Cults),"J. Cole, Cults, Amber Coffman"
2022,1,1,154,we fell in love in october,girl in red
2022,1,1,155,LOT OF ME,Lil Tecca
2022,1,1,156,Fuck Love,"XXXTENTACION, Trippie Redd"
2022,1,1,157,LOVE. FEAT. ZACARI.,"Kendrick Lamar, Zacari"
2022,1,1,158,Rockstar In His Prime,Juice WRLD
2022,1,1,159,The Motto,"Tiësto, Ava Max"
2022,1,1,160,Not Allowed,TV Girl
2022,1,1,161,Yes Indeed,"Lil Baby, Drake"
2022,1,1,162,Love Sosa,Chief Keef
2022,1,1,163,Classic,MKTO
2022,1,1,164,Jealous,Eyedress
2022,1,1,165,Bubbly (with Drake & Travis Scott),"Young Thug, Drake, Travis Scott"
2022,1,1,166,Someone You Loved,Lewis Capaldi
2022,1,1,167,Smells Like Teen Spirit,Nirvana
2022,1,1,168,happier,Olivia Rodrigo
2022,1,1,169,Moth To A Flame (with The Weeknd),"Swedish House Mafia, The Weeknd"
2022,1,1,170,Feline (with Polo G & Trippie Redd),"Juice WRLD, Polo G, Trippie Redd"
2022,1,1,171,Hurricane,Kanye West
2022,1,1,172,25 million,Roddy Ricch
2022,1,1,173,Everybody Talks,Neon Trees
2022,1,1,174,SAD!,XXXTENTACION
2022,1,1,175,Back in Blood (feat. Lil Durk),"Pooh Shiesty, Lil Durk"
2022,1,1,176,The Less I Know The Better,Tame Impala
2022,1,1,177,Tennessee Whiskey,Chris Stapleton
2022,1,1,178,Best Friend (feat. Doja Cat),"Saweetie, Doja Cat"
2022,1,1,179,For The Night (feat. Lil Baby & DaBaby),"Pop Smoke, Lil Baby, DaBaby"
2022,1,1,180,Talking to the Moon,Bruno Mars
2022,1,1,181,Get You (feat. Kali Uchis),"Daniel Caesar, Kali Uchis"
2022,1,1,182,Fell In Luv (feat. Bryson Tiller),"Playboi Carti, Bryson Tiller"
2022,1,1,183,Cigarette Daydreams,Cage The Elephant
2022,1,1,184,Megan's Piano,Megan Thee Stallion
2022,1,1,185,Lost in the Fire (feat. The Weeknd),"Gesaffelstein, The Weeknd"
2022,1,1,186,brutal,Olivia Rodrigo
2022,1,1,187,"jealousy, jealousy",Olivia Rodrigo
2022,1,1,188,you broke me first,Tate McRae
2022,1,1,189,Everybody Dies In Their Nightmares,XXXTENTACION
2022,1,1,190,MIDDLE CHILD,J. Cole
2022,1,1,191,I Can't Handle Change,Roar
2022,1,1,192,Jumpin (feat. Polo G),"NLE Choppa, Polo G"
2022,1,1,193,Don't Stop Believin',Journey
2022,1,1,194,Astronaut In The Ocean,Masked Wolf
2022,1,1,195,rockstar (feat. 21 Savage),"Post Malone, 21 Savage"
2022,1,1,196,thailand,Roddy Ricch
2022,1,1,197,Forever After All,Luke Combs
2022,1,1,198,Why'd You Only Call Me When You're High?,Arctic Monkeys
2022,1,1,199,Flashing Lights,"Kanye West, Dwele"
2022,1,1,200,The Real Slim Shady,Eminem
2022,2,1,1,We Don't Talk About Bruno,"Carolina Gaitán - La Gaita, Mauro Castillo, Adassa, Rhenzy Feliz, Diane Guerrero, Stephanie Beatriz, Encanto - Cast"
2022,2,1,2,pushin P (feat. Young Thug),"Gunna, Future, Young Thug"
2022,2,1,3,Super Gremlin,Kodak Black
2022,2,1,4,"Surface Pressure - From ""Encanto""/Soundtrack Version",Jessica Darrow
2022,2,1,5,Heat Waves,Glass Animals
2022,2,1,6,INDUSTRY BABY (feat. Jack Harlow),"Lil Nas X, Jack Harlow"
2022,2,1,7,STAY (with Justin Bieber),"The Kid LAROI, Justin Bieber"
2022,2,1,8,abcdefu,GAYLE
2022,2,1,9,I Love You So,The Walters
2022,2,1,10,Enemy (with JID) - from the series Arcane League of Legends,"Imagine Dragons, JID, Arcane, League of Legends"
2022,2,1,11,The Family Madrigal,"Stephanie Beatriz, Olga Merediz, Encanto - Cast"
2022,2,1,12,Need to Know,Doja Cat
2022,2,1,13,Easy On Me,Adele
2022,2,1,14,Knife Talk (with 21 Savage ft. Project Pat),"Drake, 21 Savage, Project Pat"
2022,2,1,15,Cold Heart - PNAU Remix,"Elton John, Dua Lipa, PNAU"
2022,2,1,16,Lost,Frank Ocean
2022,2,1,17,Dark Red,Steve Lacy
2022,2,1,18,good 4 u,Olivia Rodrigo
2022,2,1,19,Fingers Crossed,Lauren Spencer Smith
2022,2,1,20,Fingers Crossed,Lauren Spencer Smith
2022,2,1,21,Woman,Doja Cat
2022,2,1,22,Kiss Me More (feat. SZA),"Doja Cat, SZA"
2022,2,1,23,I Hate U,SZA
2022,2,1,24,family ties (with Kendrick Lamar),"Baby Keem, Kendrick Lamar"
2022,2,1,25,Shivers,Ed Sheeran
2022,2,1,26,Sweater Weather,The Neighbourhood
2022,2,1,27,Better Days (NEIKED x Mae Muller x Polo G),"NEIKED, Mae Muller, Polo G"
2022,2,1,28,Waiting On A Miracle,Stephanie Beatriz
2022,2,1,29,THATS WHAT I WANT,Lil Nas X
2022,2,1,30,Broadway Girls (feat. Morgan Wallen),"Lil Durk, Morgan Wallen"
2022,2,1,31,Light Switch,Charlie Puth
2022,2,1,32,Sky,Playboi Carti
2022,2,1,33,505,Arctic Monkeys
2022,2,1,34,Ghost,Justin Bieber
2022,2,1,35,Alien Blues,Vundabar
2022,2,1,36,Dos Oruguitas,Sebastian Yatra
2022,2,1,37,P power (feat. Drake),"Gunna, Drake"
2022,2,1,38,No Role Modelz,J. Cole
2022,2,1,39,Meet Me At Our Spot,"THE ANXIETY, WILLOW, Tyler Cole"
2022,2,1,40,Sacrifice,The Weeknd
2022,2,1,41,Smokin Out The Window,"Bruno Mars, Anderson .Paak, Silk Sonic"
2022,2,1,42,RAPSTAR,Polo G
2022,2,1,43,Softcore,The Neighbourhood
2022,2,1,44,One Right Now (with The Weeknd),"Post Malone, The Weeknd"
2022,2,1,45,Happier Than Ever,Billie Eilish
2022,2,1,46,traitor,Olivia Rodrigo
2022,2,1,47,Way 2 Sexy (with Future & Young Thug),"Drake, Future, Young Thug"
2022,2,1,48,Ginseng Strip 2002,Yung Lean
2022,2,1,49,Notion,The Rare Occasions
2022,2,1,50,High,The Chainsmokers
2022,2,1,51,Bad Habits,Ed Sheeran
2022,2,1,52,20 Min,Lil Uzi Vert
2022,2,1,53,Hrs & Hrs,Muni Long
2022,2,1,54,Johnny P's Caddy,"Benny The Butcher, J. Cole"
2022,2,1,55,Numb Little Bug,Em Beihold
2022,2,1,56,vice city,XXXTENTACION
2022,2,1,57,Freaks,Surf Curse
2022,2,1,58,Pepas,Farruko
2022,2,1,59,You Right,"Doja Cat, The Weeknd"
2022,2,1,60,Infinity,Jaymes Young
2022,2,1,61,2055,Sleepy Hallow
2022,2,1,62,Wants and Needs (feat. Lil Baby),"Drake, Lil Baby"
2022,2,1,63,All Too Well (10 Minute Version) (Taylor's Version) (From The Vault),Taylor Swift
2022,2,1,64,Levitating (feat. DaBaby),"Dua Lipa, DaBaby"
2022,2,1,65,Space Song,Beach House
2022,2,1,66,YKWIM?,Yot Club
2022,2,1,67,Sunflower - Spider-Man: Into the Spider-Verse,"Post Malone, Swae Lee"
2022,2,1,68,MONTERO (Call Me By Your Name),Lil Nas X
2022,2,1,69,Blinding Lights,The Weeknd
2022,2,1,70,Eazy,"The Game, Kanye West"
2022,2,1,71,Oh My God,Adele
2022,2,1,72,By Your Side,Rod Wave
2022,2,1,73,Get Into It (Yuh),Doja Cat
2022,2,1,74,Out of Time,The Weeknd
2022,2,1,75,"Who Want Smoke?? (feat. G Herbo, Lil Durk & 21 Savage)","Nardo Wick, G Herbo, Lil Durk, 21 Savage"
2022,2,1,76,All Of You,"Stephanie Beatriz, Olga Merediz, John Leguizamo, Adassa, Maluma, Encanto - Cast"
2022,2,1,77,Rumors (feat. Lil Durk),"Gucci Mane, Lil Durk"
2022,2,1,78,Is There Someone Else?,The Weeknd
2022,2,1,79,Lucid Dreams,Juice WRLD
2022,2,1,80,deja vu,Olivia Rodrigo
2022,2,1,81,drivers license,Olivia Rodrigo
2022,2,1,82,Big Energy,Latto
2022,2,1,83,The Spins,"Mac Miller, Empire of the Sun"
2022,2,1,84,All Girls Are The Same,Juice WRLD
2022,2,1,85,Daddy Issues,The Neighbourhood
2022,2,1,86,Pursuit Of Happiness (Nightmare),"Kid Cudi, MGMT, Ratatat"
2022,2,1,87,Buy Dirt,"Jordan Davis, Luke Bryan"
2022,2,1,88,NEW MAGIC WAND,"Tyler, The Creator"
2022,2,1,89,Toxic,BoyWithUke
2022,2,1,90,Good Days,SZA
2022,2,1,91,See You Again (feat. Kali Uchis),"Tyler, The Creator, Kali Uchis"
2022,2,1,92,Mr. Ranger,Kid Cudi
2022,2,1,93,Martin & Gina,Polo G
2022,2,1,94,Tell Em,"Cochise, $NOT"
2022,2,1,95,Jugaste y Sufrí,"Eslabon Armado, DannyLux"
2022,2,1,96,love nwantiti (ah ah ah),CKay
2022,2,1,97,Money Trees,"Kendrick Lamar, Jay Rock"
2022,2,1,98,Yonaguni,Bad Bunny
2022,2,1,99,All For Us - from the HBO Original Series Euphoria,"Labrinth, Zendaya"
2022,2,1,100,Miss The Rage,"Trippie Redd, Playboi Carti"
2022,2,1,101,Fair Trade (with Travis Scott),"Drake, Travis Scott"
2022,2,1,102,SLOW DANCING IN THE DARK,Joji
2022,2,1,103,Drip Too Hard (Lil Baby & Gunna),"Lil Baby, Gunna"
2022,2,1,104,Shoota (feat. Lil Uzi Vert),"Playboi Carti, Lil Uzi Vert"
2022,2,1,105,Work Out,J. Cole
2022,2,1,106,Mr. Brightside,The Killers
2022,2,1,107,Die For You,The Weeknd
2022,2,1,108,Beggin',Måneskin
2022,2,1,109,Love & War,Kodak Black
2022,2,1,110,Do It To It,"ACRAZE, Cherish"
2022,2,1,111,The Way Life Goes (feat. Oh Wonder),"Lil Uzi Vert, Oh Wonder"
2022,2,1,112,Arya (feat. A$AP Rocky),"A$AP Rocky, Nigo"
2022,2,1,113,Monëy so big,Yeat
2022,2,1,114,Streets,Doja Cat
2022,2,1,115,Looking Out for You,Joy Again
2022,2,1,116,My Universe,"Coldplay, BTS"
2022,2,1,117,Dandelions,Ruth B.
2022,2,1,118,Me or Sum (feat. Future & Lil Baby),"Nardo Wick, Future, Lil Baby"
2022,2,1,119,Already Dead,Juice WRLD
2022,2,1,120,Jocelyn Flores,XXXTENTACION
2022,2,1,121,DÁKITI,"Bad Bunny, Jhayco"
2022,2,1,122,Praise God,Kanye West
2022,2,1,123,LOVE. FEAT. ZACARI.,"Kendrick Lamar, Zacari"
2022,2,1,124,Ain't Shit,Doja Cat
2022,2,1,125,XO Tour Llif3,Lil Uzi Vert
2022,2,1,126,I AM WOMAN,Emmy Meli
2022,2,1,127,Star Shopping,Lil Peep
2022,2,1,128,Redbone,Childish Gambino
2022,2,1,129,"Colombia, Mi Encanto",Carlos Vives
2022,2,1,130,Lo Siento BB:/ (with Bad Bunny & Julieta Venegas),"Tainy, Bad Bunny, Julieta Venegas"
2022,2,1,131,Circles,Post Malone
2022,2,1,132,Bad Man (Smooth Criminal),Polo G
2022,2,1,133,Robbery,Juice WRLD
2022,2,1,134,Save Your Tears (with Ariana Grande) (Remix),"The Weeknd, Ariana Grande"
2022,2,1,135,we fell in love in october,girl in red
2022,2,1,136,thought i was playing,"Gunna, 21 Savage"
2022,2,1,137,Man in the Mirror,A Boogie Wit da Hoodie
2022,2,1,138,Heather,Conan Gray
2022,2,1,139,Love Sosa,Chief Keef
2022,2,1,140,favorite crime,Olivia Rodrigo
2022,2,1,141,Heartless,Kanye West
2022,2,1,142,Dreams - 2004 Remaster,Fleetwood Mac
2022,2,1,143,telepatía,Kali Uchis
2022,2,1,144,Save Your Tears,The Weeknd
2022,2,1,145,Come & Go (with Marshmello),"Juice WRLD, Marshmello"
2022,2,1,146,Formula,Labrinth
2022,2,1,147,Fancy Like,Walker Hayes
2022,2,1,148,Whiskey Glasses,Morgan Wallen
2022,2,1,149,The Rumbling (TV Size),SiM
2022,2,1,150,Surround Sound (feat. 21 Savage & Baby Tate),"JID, 21 Savage, Baby Tate"
2022,2,1,151,my ex's best friend (with blackbear),"Machine Gun Kelly, blackbear"
2022,2,1,152,The Hills,The Weeknd
2022,2,1,153,goosebumps,Travis Scott
2022,2,1,154,For Tonight,Giveon
2022,2,1,155,Ric Flair Drip (with Metro Boomin),"Offset, Metro Boomin"
2022,2,1,156,The Real Slim Shady,Eminem
2022,2,1,157,Not Allowed,TV Girl
2022,2,1,158,Electric Love,BØRNS
2022,2,1,159,Wasted On You,Morgan Wallen
2022,2,1,160,She Knows (feat. Amber Coffman & Cults),"J. Cole, Cults, Amber Coffman"
2022,2,1,161,MIDDLE CHILD,J. Cole
2022,2,1,162,Fuck Love,"XXXTENTACION, Trippie Redd"
2022,2,1,163,Yes Indeed,"Lil Baby, Drake"
2022,2,1,164,"...And to Those I Love, Thanks for Sticking Around",$uicideboy$
2022,2,1,165,Wishing Well,Juice WRLD
2022,2,1,166,Washing Machine Heart,Mitski
2022,2,1,167,SAD GIRLZ LUV MONEY Remix (feat. Kali Uchis and Moliy),"Amaarae, Kali Uchis, Moliy"
2022,2,1,168,Kilby Girl,The Backseat Lovers
2022,2,1,169,Love Grows (Where My Rosemary Goes),Edison Lighthouse
2022,2,1,170,Cigarette Daydreams,Cage The Elephant
2022,2,1,171,Leave The Door Open,"Bruno Mars, Anderson .Paak, Silk Sonic"
2022,2,1,172,My Kind of Woman,Mac DeMarco
2022,2,1,173,Push It (feat. Young Thug),"NLE Choppa, Young Thug"
2022,2,1,174,Jealous,Eyedress
2022,2,1,175,Sand In My Boots,Morgan Wallen
2022,2,1,176,Heartbreak Anniversary,Giveon
2022,2,1,177,HUMBLE.,Kendrick Lamar
2022,2,1,178,KEEP IT UP,Rex Orange County
2022,2,1,179,Jumpin (feat. Polo G),"NLE Choppa, Polo G"
2022,2,1,180,Mood (feat. iann dior),"24kGoldn, iann dior"
2022,2,1,181,The Night We Met,Lord Huron
2022,2,1,182,No Idea,Don Toliver
2022,2,1,183,Right Down the Line,Gerry Rafferty
2022,2,1,184,Smells Like Teen Spirit,Nirvana
2022,2,1,185,Bound 2,Kanye West
2022,2,1,186,Watermelon Sugar,Harry Styles
2022,2,1,187,Without Me,Eminem
2022,2,1,188,Classic,MKTO
2022,2,1,189,Neon Guts (feat. Pharrell Williams),"Lil Uzi Vert, Pharrell Williams"
2022,2,1,190,Back in Blood (feat. Lil Durk),"Pooh Shiesty, Lil Durk"
2022,2,1,191,Everybody Dies In Their Nightmares,XXXTENTACION
2022,2,1,192,Flashing Lights,"Kanye West, Dwele"
2022,2,1,193,Till I Collapse,"Eminem, Nate Dogg"
2022,2,1,194,Cigarettes,Juice WRLD
2022,2,1,195,Gasoline,The Weeknd
2022,2,1,196,Loser,Sueco
2022,2,1,197,Before I Knew It,Mason Ramsey
2022,2,1,198,Talking to the Moon,Bruno Mars
2022,2,1,199,Lemonade (feat. NAV),"Internet Money, Gunna, Don Toliver, NAV"
2022,2,1,200,Hayloft II,Mother Mother
2022,3,1,1,We Don't Talk About Bruno,"Carolina Gaitán - La Gaita, Mauro Castillo, Adassa, Rhenzy Feliz, Diane Guerrero, Stephanie Beatriz, Encanto - Cast"
2022,3,1,2,Heat Waves,Glass Animals
2022,3,1,3,Super Gremlin,Kodak Black
2022,3,1,4,pushin P (feat. Young Thug),"Gunna, Future, Young Thug"
2022,3,1,5,STAY (with Justin Bieber),"The Kid LAROI, Justin Bieber"
2022,3,1,6,INDUSTRY BABY (feat. Jack Harlow),"Lil Nas X, Jack Harlow"
2022,3,1,7,Nail Tech,Jack Harlow
2022,3,1,8,"Surface Pressure - From ""Encanto""/Soundtrack Version",Jessica Darrow
2022,3,1,9,Enemy (with JID) - from the series Arcane League of Legends,"Imagine Dragons, JID, Arcane, League of Legends"
2022,3,1,10,I Love You So,The Walters
2022,3,1,11,abcdefu,GAYLE
2022,3,1,12,Knife Talk (with 21 Savage ft. Project Pat),"Drake, 21 Savage, Project Pat"
2022,3,1,13,Ghost,Justin Bieber
2022,3,1,14,Need to Know,Doja Cat
2022,3,1,15,THATS WHAT I WANT,Lil Nas X
2022,3,1,16,Boyfriend,Dove Cameron
2022,3,1,17,Cold Heart - PNAU Remix,"Elton John, Dua Lipa, PNAU"
2022,3,1,18,Dark Red,Steve Lacy
2022,3,1,19,MAMIII,"Becky G, KAROL G"
2022,3,1,20,good 4 u,Olivia Rodrigo
2022,3,1,21,Woman,Doja Cat
2022,3,1,22,Lost,Frank Ocean
2022,3,1,23,No Role Modelz,J. Cole
2022,3,1,24,Freaky Deaky,"Tyga, Doja Cat"
2022,3,1,25,Easy On Me,Adele
2022,3,1,26,The Family Madrigal,"Stephanie Beatriz, Olga Merediz, Encanto - Cast"
2022,3,1,27,Shivers,Ed Sheeran
2022,3,1,28,family ties (with Kendrick Lamar),"Baby Keem, Kendrick Lamar"
2022,3,1,29,Numb Little Bug,Em Beihold
2022,3,1,30,Sweater Weather,The Neighbourhood
2022,3,1,31,505,Arctic Monkeys
2022,3,1,32,she's all i wanna be,Tate McRae
2022,3,1,33,AHHH HA,Lil Durk
2022,3,1,34,I’m Tired (with Zendaya) - Bonus Track,"Labrinth, Zendaya"
2022,3,1,35,Kiss Me More (feat. SZA),"Doja Cat, SZA"
2022,3,1,36,Better Days (NEIKED x Mae Muller x Polo G),"NEIKED, Mae Muller, Polo G"
2022,3,1,37,I Hate U,SZA
2022,3,1,38,Monëy so big,Yeat
2022,3,1,39,Cigarettes,Juice WRLD
2022,3,1,40,Mount Everest,Labrinth
2022,3,1,41,Notion,The Rare Occasions
2022,3,1,42,All For Us,"Labrinth, Zendaya"
2022,3,1,43,One Right Now (with The Weeknd),"Post Malone, The Weeknd"
2022,3,1,44,Love Sosa,Chief Keef
2022,3,1,45,traitor,Olivia Rodrigo
2022,3,1,46,Broadway Girls (feat. Morgan Wallen),"Lil Durk, Morgan Wallen"
2022,3,1,47,What Else Can I Do?,"Diane Guerrero, Stephanie Beatriz"
2022,3,1,48,RAPSTAR,Polo G
2022,3,1,49,Big Energy,Latto
2022,3,1,50,Softcore,The Neighbourhood
2022,3,1,51,Still D.R.E.,"Dr. Dre, Snoop Dogg"
2022,3,1,52,NEW MAGIC WAND,"Tyler, The Creator"
2022,3,1,53,Happier Than Ever,Billie Eilish
2022,3,1,54,20 Min,Lil Uzi Vert
2022,3,1,55,Alien Blues,Vundabar
2022,3,1,56,City of Gods,"Fivio Foreign, Kanye West, Alicia Keys"
2022,3,1,57,Heartless,Kanye West
2022,3,1,58,See You Again (feat. Kali Uchis),"Tyler, The Creator, Kali Uchis"
2022,3,1,59,Levitating (feat. DaBaby),"Dua Lipa, DaBaby"
2022,3,1,60,Pursuit Of Happiness (Nightmare),"Kid Cudi, MGMT, Ratatat"
2022,3,1,61,Sky,Playboi Carti
2022,3,1,62,Pepas,Farruko
2022,3,1,63,Light Switch,Charlie Puth
2022,3,1,64,The Spins,"Mac Miller, Empire of the Sun"
2022,3,1,65,Meet Me At Our Spot,"THE ANXIETY, WILLOW, Tyler Cole"
2022,3,1,66,Rocking A Cardigan in Atlanta,lil Shordie Scott
2022,3,1,67,P power (feat. Drake),"Gunna, Drake"
2022,3,1,68,Wants and Needs (feat. Lil Baby),"Drake, Lil Baby"
2022,3,1,69,Fingers Crossed,Lauren Spencer Smith
2022,3,1,70,Freaks,Surf Curse
2022,3,1,71,Way 2 Sexy (with Future & Young Thug),"Drake, Future, Young Thug"
2022,3,1,72,Sunflower - Spider-Man: Into the Spider-Verse,"Post Malone, Swae Lee"
2022,3,1,73,Bad Habits,Ed Sheeran
2022,3,1,74,Infinity,Jaymes Young
2022,3,1,75,2055,Sleepy Hallow
2022,3,1,76,Blinding Lights,The Weeknd
2022,3,1,77,Money Trees,"Kendrick Lamar, Jay Rock"
2022,3,1,78,Space Song,Beach House
2022,3,1,79,Dandelions,Ruth B.
2022,3,1,80,YKWIM?,Yot Club
2022,3,1,81,Me or Sum (feat. Future & Lil Baby),"Nardo Wick, Future, Lil Baby"
2022,3,1,82,You Right,"Doja Cat, The Weeknd"
2022,3,1,83,Mr. Ranger,Kid Cudi
2022,3,1,84,The Real Slim Shady,Eminem
2022,3,1,85,Get Into It (Yuh),Doja Cat
2022,3,1,86,Lose Yourself,Eminem
2022,3,1,87,Lucid Dreams,Juice WRLD
2022,3,1,88,deja vu,Olivia Rodrigo
2022,3,1,89,Hrs & Hrs,Muni Long
2022,3,1,90,Banking On Me,Gunna
2022,3,1,91,All Girls Are The Same,Juice WRLD
2022,3,1,92,Good Days,SZA
2022,3,1,93,Yonaguni,Bad Bunny
2022,3,1,94,Waiting On A Miracle,Stephanie Beatriz
2022,3,1,95,Martin & Gina,Polo G
2022,3,1,96,Without Me,Eminem
2022,3,1,97,MIDDLE OF THE NIGHT,Elley Duhé
2022,3,1,98,drivers license,Olivia Rodrigo
2022,3,1,99,Bound 2,Kanye West
2022,3,1,100,Daddy Issues,The Neighbourhood
2022,3,1,101,Work Out,J. Cole
2022,3,1,102,From Austin,Zach Bryan
2022,3,1,103,Don't Play That,"King Von, 21 Savage"
2022,3,1,104,Lo Siento BB:/ (with Bad Bunny & Julieta Venegas),"Tainy, Bad Bunny, Julieta Venegas"
2022,3,1,105,"Who Want Smoke?? (feat. G Herbo, Lil Durk & 21 Savage)","Nardo Wick, G Herbo, Lil Durk, 21 Savage"
2022,3,1,106,DÁKITI,"Bad Bunny, Jhayco"
2022,3,1,107,Ni**as In Paris,"JAY-Z, Kanye West"
2022,3,1,108,Tell Em,"Cochise, $NOT"
2022,3,1,109,All Falls Down,"Kanye West, Syleena Johnson"
2022,3,1,110,Mr. Brightside,The Killers
2022,3,1,111,Praise God,Kanye West
2022,3,1,112,MONTERO (Call Me By Your Name),Lil Nas X
2022,3,1,113,The Way Life Goes (feat. Oh Wonder),"Lil Uzi Vert, Oh Wonder"
2022,3,1,114,Dos Oruguitas,Sebastian Yatra
2022,3,1,115,Drip Too Hard (Lil Baby & Gunna),"Lil Baby, Gunna"
2022,3,1,116,Formula,Labrinth
2022,3,1,117,Smokin Out The Window,"Bruno Mars, Anderson .Paak, Silk Sonic"
2022,3,1,118,Till I Collapse,"Eminem, Nate Dogg"
2022,3,1,119,HUMBLE.,Kendrick Lamar
2022,3,1,120,Do We Have A Problem?,"Nicki Minaj, Lil Baby"
2022,3,1,121,Love & War,Kodak Black
2022,3,1,122,Jugaste y Sufrí,"Eslabon Armado, DannyLux"
2022,3,1,123,Rumors (feat. Lil Durk),"Gucci Mane, Lil Durk"
2022,3,1,124,It Was A Good Day,Ice Cube
2022,3,1,125,Eventually,Tame Impala
2022,3,1,126,SLOW DANCING IN THE DARK,Joji
2022,3,1,127,All Too Well (10 Minute Version) (Taylor's Version) (From The Vault),Taylor Swift
2022,3,1,128,Fair Trade (with Travis Scott),"Drake, Travis Scott"
2022,3,1,129,Buy Dirt,"Jordan Davis, Luke Bryan"
2022,3,1,130,Die For You,The Weeknd
2022,3,1,131,Save Your Tears,The Weeknd
2022,3,1,132,Shoota (feat. Lil Uzi Vert),"Playboi Carti, Lil Uzi Vert"
2022,3,1,133,Miss The Rage,"Trippie Redd, Playboi Carti"
2022,3,1,134,Wet Dreamz,J. Cole
2022,3,1,135,XO Tour Llif3,Lil Uzi Vert
2022,3,1,136,Toxic,BoyWithUke
2022,3,1,137,Revenge,XXXTENTACION
2022,3,1,138,Dreams - 2004 Remaster,Fleetwood Mac
2022,3,1,139,Redbone,Childish Gambino
2022,3,1,140,Whiskey Glasses,Morgan Wallen
2022,3,1,141,LOVE. FEAT. ZACARI.,"Kendrick Lamar, Zacari"
2022,3,1,142,Star Shopping,Lil Peep
2022,3,1,143,Circles,Post Malone
2022,3,1,144,Ric Flair Drip (with Metro Boomin),"Offset, Metro Boomin"
2022,3,1,145,MIDDLE CHILD,J. Cole
2022,3,1,146,Streets,Doja Cat
2022,3,1,147,Godzilla (feat. Juice WRLD),"Eminem, Juice WRLD"
2022,3,1,148,Desesperados,"Rauw Alejandro, Chencho Corleone"
2022,3,1,149,Save Your Tears (with Ariana Grande) (Remix),"The Weeknd, Ariana Grande"
2022,3,1,150,Sand In My Boots,Morgan Wallen
2022,3,1,151,HANDSOMER,Russ
2022,3,1,152,Yes Indeed,"Lil Baby, Drake"
2022,3,1,153,love nwantiti (ah ah ah),CKay
2022,3,1,154,favorite crime,Olivia Rodrigo
2022,3,1,155,The Next Episode,"Dr. Dre, Snoop Dogg"
2022,3,1,156,By Your Side,Rod Wave
2022,3,1,157,goosebumps,Travis Scott
2022,3,1,158,Til You Can't,Cody Johnson
2022,3,1,159,Wasted On You,Morgan Wallen
2022,3,1,160,Flashing Lights,"Kanye West, Dwele"
2022,3,1,161,telepatía,Kali Uchis
2022,3,1,162,Young,Vacations
2022,3,1,163,EARFQUAKE,"Tyler, The Creator"
2022,3,1,164,Come & Go (with Marshmello),"Juice WRLD, Marshmello"
2022,3,1,165,Father Stretch My Hands Pt. 1,Kanye West
2022,3,1,166,My Universe,"Coldplay, BTS"
2022,3,1,167,In Da Club,50 Cent
2022,3,1,168,Jocelyn Flores,XXXTENTACION
2022,3,1,169,Electric Love,BØRNS
2022,3,1,170,Sacrifice,The Weeknd
2022,3,1,171,The Hills,The Weeknd
2022,3,1,172,trademark usa,Baby Keem
2022,3,1,173,The Motto,"Tiësto, Ava Max"
2022,3,1,174,3 Nights,Dominic Fike
2022,3,1,175,Fuck Love,"XXXTENTACION, Trippie Redd"
2022,3,1,176,Cigarette Daydreams,Cage The Elephant
2022,3,1,177,this is what falling in love feels like,JVKE
2022,3,1,178,Scared Money (feat. J. Cole and Moneybagg Yo),"YG, J. Cole, Moneybagg Yo"
2022,3,1,179,Looking Out for You,Joy Again
2022,3,1,180,Leave The Door Open,"Bruno Mars, Anderson .Paak, Silk Sonic"
2022,3,1,181,She Knows (feat. Amber Coffman & Cults),"J. Cole, Cults, Amber Coffman"
2022,3,1,182,Wishing Well,Juice WRLD
2022,3,1,183,For Tonight,Giveon
2022,3,1,184,Ain't Shit,Doja Cat
2022,3,1,185,The Less I Know The Better,Tame Impala
2022,3,1,186,Day 'N' Nite (nightmare),Kid Cudi
2022,3,1,187,Heather,Conan Gray
2022,3,1,188,Neon Guts (feat. Pharrell Williams),"Lil Uzi Vert, Pharrell Williams"
2022,3,1,189,my ex's best friend (with blackbear),"Machine Gun Kelly, blackbear"
2022,3,1,190,Alright,Kendrick Lamar
2022,3,1,191,Washing Machine Heart,Mitski
2022,3,1,192,Fancy Like,Walker Hayes
2022,3,1,193,Everybody Talks,Neon Trees
2022,3,1,194,Kilby Girl,The Backseat Lovers
2022,3,1,195,No Hands (feat. Roscoe Dash & Wale),"Waka Flocka Flame, Roscoe Dash, Wale"
2022,3,1,196,Poppin,Yeat
2022,3,1,197,Out of My League,Fitz and The Tantrums
2022,3,1,198,Oh My God,Adele
2022,3,1,199,Back in Blood (feat. Lil Durk),"Pooh Shiesty, Lil Durk"
2022,3,1,200,Do It To It,"ACRAZE, Cherish"
2022,4,1,1,As It Was,Harry Styles
2022,4,1,2,Heat Waves,Glass Animals
2022,4,1,3,STAY (with Justin Bieber),"The Kid LAROI, Justin Bieber"
2022,4,1,4,INDUSTRY BABY (feat. Jack Harlow),"Lil Nas X, Jack Harlow"
2022,4,1,5,good 4 u,Olivia Rodrigo
2022,4,1,6,We Don't Talk About Bruno,"Carolina Gaitán - La Gaita, Mauro Castillo, Adassa, Rhenzy Feliz, Diane Guerrero, Stephanie Beatriz, Encanto - Cast"
2022,4,1,7,In My Head,Lil Tjay
2022,4,1,8,Enemy (with JID) - from the series Arcane League of Legends,"Imagine Dragons, JID, Arcane, League of Legends"
2022,4,1,9,Super Gremlin,Kodak Black
2022,4,1,10,Ghost,Justin Bieber
2022,4,1,11,Woman,Doja Cat
2022,4,1,12,When You're Gone,Shawn Mendes
2022,4,1,13,Knife Talk (with 21 Savage ft. Project Pat),"Drake, 21 Savage, Project Pat"
2022,4,1,14,I Love You So,The Walters
2022,4,1,15,Need to Know,Doja Cat
2022,4,1,16,THATS WHAT I WANT,Lil Nas X
2022,4,1,17,No Role Modelz,J. Cole
2022,4,1,18,Boyfriend,Dove Cameron
2022,4,1,19,505,Arctic Monkeys
2022,4,1,20,Cold Heart - PNAU Remix,"Elton John, Dua Lipa, PNAU"
2022,4,1,21,Nail Tech,Jack Harlow
2022,4,1,22,Sweater Weather,The Neighbourhood
2022,4,1,23,Dark Red,Steve Lacy
2022,4,1,24,Kiss Me More (feat. SZA),"Doja Cat, SZA"
2022,4,1,25,pushin P (feat. Young Thug),"Gunna, Future, Young Thug"
2022,4,1,26,traitor,Olivia Rodrigo
2022,4,1,27,family ties (with Kendrick Lamar),"Baby Keem, Kendrick Lamar"
2022,4,1,28,Monëy so big,Yeat
2022,4,1,29,See You Again (feat. Kali Uchis),"Tyler, The Creator, Kali Uchis"
2022,4,1,30,abcdefu,GAYLE
2022,4,1,31,Shivers,Ed Sheeran
2022,4,1,32,Happier Than Ever,Billie Eilish
2022,4,1,33,Bam Bam (feat. Ed Sheeran),"Camila Cabello, Ed Sheeran"
2022,4,1,34,Something In The Way,Nirvana
2022,4,1,35,Lost,Frank Ocean
2022,4,1,36,MAMIII,"Becky G, KAROL G"
2022,4,1,37,deja vu,Olivia Rodrigo
2022,4,1,38,MIDDLE OF THE NIGHT,Elley Duhé
2022,4,1,39,Easy On Me,Adele
2022,4,1,40,Soy El Unico,Yahritza Y Su Esencia
2022,4,1,41,"Surface Pressure - From ""Encanto""/Soundtrack Version",Jessica Darrow
2022,4,1,42,Stick (with JID & J. Cole feat. Kenny Mason & Sheck Wes),"Dreamville, JID, J. Cole, Kenny Mason, Sheck Wes"
2022,4,1,43,Numb Little Bug,Em Beihold
2022,4,1,44,Wait a Minute!,WILLOW
2022,4,1,45,drivers license,Olivia Rodrigo
2022,4,1,46,Tom's Diner,"AnnenMayKantereit, Giant Rooks"
2022,4,1,47,NEW MAGIC WAND,"Tyler, The Creator"
2022,4,1,48,Broadway Girls (feat. Morgan Wallen),"Lil Durk, Morgan Wallen"
2022,4,1,49,Better Days (NEIKED x Mae Muller x Polo G),"NEIKED, Mae Muller, Polo G"
2022,4,1,50,One Right Now (with The Weeknd),"Post Malone, The Weeknd"
2022,4,1,51,Wasted On You,Morgan Wallen
2022,4,1,52,Levitating (feat. DaBaby),"Dua Lipa, DaBaby"
2022,4,1,53,20 Min,Lil Uzi Vert
2022,4,1,54,she's all i wanna be,Tate McRae
2022,4,1,55,Notion,The Rare Occasions
2022,4,1,56,Thinking with My Dick (feat. Juicy J),"Kevin Gates, Juicy J"
2022,4,1,57,Wants and Needs (feat. Lil Baby),"Drake, Lil Baby"
2022,4,1,58,Light Switch,Charlie Puth
2022,4,1,59,Blinding Lights,The Weeknd
2022,4,1,60,Big Energy,Latto
2022,4,1,61,Heartless,Kanye West
2022,4,1,62,Money Trees,"Kendrick Lamar, Jay Rock"
2022,4,1,63,Watermelon Sugar,Harry Styles
2022,4,1,64,Sunflower - Spider-Man: Into the Spider-Verse,"Post Malone, Swae Lee"
2022,4,1,65,RAPSTAR,Polo G
2022,4,1,66,Bad Habits,Ed Sheeran
2022,4,1,67,You Right,"Doja Cat, The Weeknd"
2022,4,1,68,Ain't Shit,Doja Cat
2022,4,1,69,Fingers Crossed,Lauren Spencer Smith
2022,4,1,70,Sweetest Pie,"Megan Thee Stallion, Dua Lipa"
2022,4,1,71,Jugaste y Sufrí,"Eslabon Armado, DannyLux"
2022,4,1,72,P power (feat. Drake),"Gunna, Drake"
2022,4,1,73,Revenge,XXXTENTACION
2022,4,1,74,Pepas,Farruko
2022,4,1,75,Just A Cloud Away,Pharrell Williams
2022,4,1,76,Way 2 Sexy (with Future & Young Thug),"Drake, Future, Young Thug"
2022,4,1,77,up at night (feat. justin bieber),"Kehlani, Justin Bieber"
2022,4,1,78,Space Song,Beach House
2022,4,1,79,Leave The Door Open,"Bruno Mars, Anderson .Paak, Silk Sonic"
2022,4,1,80,The Spins,"Mac Miller, Empire of the Sun"
2022,4,1,81,Dandelions,Ruth B.
2022,4,1,82,Freaks,Surf Curse
2022,4,1,83,Banking On Me,Gunna
2022,4,1,84,I Hate U,SZA
2022,4,1,85,Mr. Brightside,The Killers
2022,4,1,86,Meet Me At Our Spot,"THE ANXIETY, WILLOW, Tyler Cole"
2022,4,1,87,YKWIM?,Yot Club
2022,4,1,88,The Motto,"Tiësto, Ava Max"
2022,4,1,89,favorite crime,Olivia Rodrigo
2022,4,1,90,Rocking A Cardigan in Atlanta,lil Shordie Scott
2022,4,1,91,IDGAF (with blackbear),"BoyWithUke, blackbear"
2022,4,1,92,Whiskey Glasses,Morgan Wallen
2022,4,1,93,Lucid Dreams,Juice WRLD
2022,4,1,94,Softcore,The Neighbourhood
2022,4,1,95,Get Into It (Yuh),Doja Cat
2022,4,1,96,Nobody Like U,"4*TOWN (From Disney and Pixar’s Turning Red), Jordan Fisher, Finneas, O'Connell, Topher Ngo, Grayson Villanueva, Josh Levi"
2022,4,1,97,make up sex (feat. blackbear),"Machine Gun Kelly, blackbear"
2022,4,1,98,Yonaguni,Bad Bunny
2022,4,1,99,Pursuit Of Happiness (Nightmare),"Kid Cudi, MGMT, Ratatat"
2022,4,1,100,Everlong,Foo Fighters
2022,4,1,101,Poppin,Yeat
2022,4,1,102,Envolver,Anitta
2022,4,1,103,Sky,Playboi Carti
2022,4,1,104,Save Your Tears,The Weeknd
2022,4,1,105,DÁKITI,"Bad Bunny, Jhayco"
2022,4,1,106,All Girls Are The Same,Juice WRLD
2022,4,1,107,Bound 2,Kanye West
2022,4,1,108,The Family Madrigal,"Stephanie Beatriz, Olga Merediz, Encanto - Cast"
2022,4,1,109,2055,Sleepy Hallow
2022,4,1,110,Martin & Gina,Polo G
2022,4,1,111,Wet Dreamz,J. Cole
2022,4,1,112,Daddy Issues,The Neighbourhood
2022,4,1,113,Good Days,SZA
2022,4,1,114,The Real Slim Shady,Eminem
2022,4,1,115,What Happened To Virgil (feat. Gunna),"Lil Durk, Gunna"
2022,4,1,116,Fair Trade (with Travis Scott),"Drake, Travis Scott"
2022,4,1,117,MONTERO (Call Me By Your Name),Lil Nas X
2022,4,1,118,Drip Too Hard (Lil Baby & Gunna),"Lil Baby, Gunna"
2022,4,1,119,Me or Sum (feat. Future & Lil Baby),"Nardo Wick, Future, Lil Baby"
2022,4,1,120,LA CANCIÓN,"J Balvin, Bad Bunny"
2022,4,1,121,Lo Siento BB:/ (with Bad Bunny & Julieta Venegas),"Tainy, Bad Bunny, Julieta Venegas"
2022,4,1,122,EARFQUAKE,"Tyler, The Creator"
2022,4,1,123,maybe (feat. Bring Me The Horizon),"Machine Gun Kelly, Bring Me The Horizon"
2022,4,1,124,Mount Everest,Labrinth
2022,4,1,125,The Way Life Goes (feat. Oh Wonder),"Lil Uzi Vert, Oh Wonde"
2022,4,1,126,Alien Blues,Vundabar
2022,4,1,127,"jealousy, jealousy",Olivia Rodrigo
2022,4,1,128,Smells Like Teen Spirit,Nirvana
2022,4,1,129,Redbone,Childish Gambino
2022,4,1,130,Die For You,The Weeknd
2022,4,1,131,All Too Well (10 Minute Version) (Taylor's Version) (From The Vault),Taylor Swift
2022,4,1,132,Smokin Out The Window,"Bruno Mars, Anderson .Paak, Silk Sonic"
2022,4,1,133,Work Out,J. Cole
2022,4,1,134,Til You Can't,Cody Johnson
2022,4,1,135,Sand In My Boots,Morgan Wallen
2022,4,1,136,Circles,Post Malone
2022,4,1,137,Without Me,Eminem
2022,4,1,138,Adore You,Harry Styles
2022,4,1,139,Buy Dirt,"Jordan Davis, Luke Bryan"
2022,4,1,140,Father Stretch My Hands Pt. 1,Kanye West
2022,4,1,141,Still D.R.E.,"Dr. Dre, Snoop Dogg"
2022,4,1,142,Dreams - 2004 Remaster,Fleetwood Mac
2022,4,1,143,SLOW DANCING IN THE DARK,Joji
2022,4,1,144,Tell Em,"Cochise, $NOT"
2022,4,1,145,Ni**as In Paris,"JAY-Z, Kanye West"
2022,4,1,146,Lose Yourself,Eminem
2022,4,1,147,Fuck Love,"XXXTENTACION, Trippie Redd"
2022,4,1,148,XO Tour Llif3,Lil Uzi Vert
2022,4,1,149,Golden,Harry Styles
2022,4,1,150,AHHH HA,Lil Durk
2022,4,1,151,Mr. Ranger,Kid Cudi
2022,4,1,152,Flashing Lights,"Kanye West, Dwele"
2022,4,1,153,Love Sosa,Chief Keef
2022,4,1,154,HANDSOMER (Remix) (Feat. Ktlyn),"Russ, Ktlyn"
2022,4,1,155,"Come On, Let's Go (with Nigo)","Tyler, The Creator, Nigo"
2022,4,1,156,Flower Shops (feat. Morgan Wallen),"ERNEST, Morgan Wallen"
2022,4,1,157,Sometimes,Juice WRLD
2022,4,1,158,happier,Olivia Rodrigo
2022,4,1,159,Big tonka (feat. Lil Uzi Vert),"Yeat, Lil Uzi Vert"
2022,4,1,160,Shoota (feat. Lil Uzi Vert),"Playboi Carti, Lil Uzi Vert"
2022,4,1,161,HUMBLE.,Kendrick Lamar
2022,4,1,162,Tennessee Whiskey,Chris Stapleton
2022,4,1,163,MIDDLE CHILD,J. Cole
2022,4,1,164,Godzilla (feat. Juice WRLD),"Eminem, Juice WRLD"
2022,4,1,165,Till I Collapse,"Eminem, Nate Dogg"
2022,4,1,166,chaotic,Tate McRae
2022,4,1,167,Yes Indeed,"Lil Baby, Drake"
2022,4,1,168,The Less I Know The Better,Tame Impala
2022,4,1,169,The Hills,The Weeknd
2022,4,1,170,Streets,Doja Cat
2022,4,1,171,Cigarette Daydreams,Cage The Elephant
2022,4,1,172,Desesperados,"Rauw Alejandro, Chencho Corleone"
2022,4,1,173,LOVE. FEAT. ZACARI.,"Kendrick Lamar, Zacari"
2022,4,1,174,Save Your Tears (Remix) (with Ariana Grande) - Bonus Track,"The Weeknd, Ariana Grande"
2022,4,1,175,3G (feat. Lil Uzi Vert),"Yeat, Lil Uzi Vert"
2022,4,1,176,"Who Want Smoke?? (feat. G Herbo, Lil Durk & 21 Savage)","Nardo Wick, G Herbo, Lil Durk, 21 Savage"
2022,4,1,177,When I Was Your Man,Bruno Mars
2022,4,1,178,Peaches (feat. Daniel Caesar & Giveon),"Justin Bieber, Daniel Caesar, Giveon"
2022,4,1,179,brutal,Olivia Rodrigo
2022,4,1,180,It Was A Good Day,Ice Cube
2022,4,1,181,Ric Flair Drip (with Metro Boomin),"Offset, Metro Boomin"
2022,4,1,182,Star Shopping,Lil Peep
2022,4,1,183,All Falls Down,"Kanye West, Syleena Johnson"
2022,4,1,184,Bones,Imagine Dragons
2022,4,1,185,Miss The Rage,"Trippie Redd, Playboi Carti"
2022,4,1,186,goosebumps,Travis Scott
2022,4,1,187,Come & Go (with Marshmello),"Juice WRLD, Marshmello"
2022,4,1,188,Jocelyn Flores,XXXTENTACION
2022,4,1,189,Eventually,Tame Impala
2022,4,1,190,Cigarettes,Juice WRLD
2022,4,1,191,WUSYANAME (feat. Youngboy Never Broke Again & Ty Dolla $ign),"Tyler, The Creator, YoungBoy Never Broke Again, Ty Dolla $ign"
2022,4,1,192,Don't Play That,"King Von, 21 Savage"
2022,4,1,193,this is what falling in love feels like,JVKE
2022,4,1,194,The Night We Met,Lord Huron
2022,4,1,195,Falling,Harry Styles
2022,4,1,196,emo girl (feat. WILLOW),"Machine Gun Kelly, WILLOW"
2022,4,1,197,Passionfruit,Drake
2022,4,1,198,Young,Vacations
2022,4,1,199,trademark usa,Baby Keem
2022,4,1,200,Electric Love,BØRNS
2022,5,1,1,As It Was,Harry Styles
2022,5,1,2,First Class,Jack Harlow
2022,5,1,3,WAIT FOR U (feat. Drake & Tems),"Future, Drake, Tems"
2022,5,1,4,PUFFIN ON ZOOTIEZ,Future
2022,5,1,5,I'M ON ONE (feat. Drake),"Future, Drake"
2022,5,1,6,Heat Waves,Glass Animals
2022,5,1,7,About Damn Time,Lizzo
2022,5,1,8,712PM,Future
2022,5,1,9,I'M DAT N****,Future
2022,5,1,10,KEEP IT BURNIN (feat. Kanye West),"Future, Kanye West"
2022,5,1,11,INDUSTRY BABY (feat. Jack Harlow),"Lil Nas X, Jack Harlow"
2022,5,1,12,STAY (with Justin Bieber),"The Kid LAROI, Justin Bieber"
2022,5,1,13,Honest (feat. Don Toliver),"Justin Bieber, Don Toliver"
2022,5,1,14,No Role Modelz,J. Cole
2022,5,1,15,good 4 u,Olivia Rodrigo
2022,5,1,16,LOVE YOU BETTER,Future
2022,5,1,17,Woman,Woman
2022,5,1,18,FOR A NUT (feat. Gunna & Young Thug),"Future, Gunna, Young Thug"
2022,5,1,19,MASSAGING ME,Future
2022,5,1,20,Wait a Minute!,WILLOW
2022,5,1,21,Enemy (with JID) - from the series Arcane League of Legends,"Imagine Dragons, JID, Arcane, League of Legends"
2022,5,1,22,Ghost,Justin Bieber
2022,5,1,23,Thousand Miles,The Kid LAROI
2022,5,1,24,GOLD STACKS,Future
2022,5,1,25,Need to Know,Doja Cat
2022,5,1,26,Super Gremlin,Kodak Black
2022,5,1,27,Knife Talk (with 21 Savage ft. Project Pat),"Drake, 21 Savage, Project Pat"
2022,5,1,28,PROVENZA,KAROL G
2022,5,1,29,505,Arctic Monkeys
2022,5,1,30,MAMIII,"Becky G, KAROL G"
2022,5,1,31,CHICKENS (feat. EST Gee),"Future, EST Gee"
2022,5,1,32,THATS WHAT I WANT,Lil Nas X
2022,5,1,33,Bam Bam (feat. Ed Sheeran),"Camila Cabello, Ed Sheeran"
2022,5,1,34,Dark Red,Steve Lacy
2022,5,1,35,Sweater Weather,The Neighbourhood
2022,5,1,36,I Love You So,The Walters
2022,5,1,37,Cold Heart - PNAU Remix,"Elton John, Dua Lipa, PNAU"
2022,5,1,38,Wasted On You,Morgan Wallen
2022,5,1,39,Nail Tech,Jack Harlow
2022,5,1,40,Don't Think Jesus,Morgan Wallen
2022,5,1,41,We Don't Talk About Bruno,"Carolina Gaitán - La Gaita, Mauro Castillo, Adassa, Rhenzy Feliz, Diane Guerrero, Stephanie Beatriz, Encanto - Cast"
2022,5,1,42,Shivers,Ed Sheeran
2022,5,1,43,Boyfriend,Dove Cameron
2022,5,1,44,See You Again (feat. Kali Uchis),"Tyler, The Creator, Kali Uchis"
2022,5,1,45,Kiss Me More (feat. SZA),"Doja Cat, SZA"
2022,5,1,46,Wants and Needs (feat. Lil Baby),"Drake, Lil Baby"
2022,5,1,47,family ties (with Kendrick Lamar),"Baby Keem, Kendrick Lamar"
2022,5,1,48,traitor,Olivia Rodrigo
2022,5,1,49,MIDDLE OF THE NIGHT,Elley Duhé
2022,5,1,50,HOLY GHOST,Future
2022,5,1,51,Monëy so big,Yeat
2022,5,1,52,WE JUS WANNA GET HIGH,Future
2022,5,1,53,VOODOO (feat. Kodak Black),"Future, Kodak Black"
2022,5,1,54,Flowers,Lauren Spencer Smith
2022,5,1,55,Lost,Frank Ocean
2022,5,1,56,pushin P (feat. Young Thug),"Gunna, Future, Young Thug"
2022,5,1,57,One Right Now (with The Weeknd),"Post Malone, The Weeknd"
2022,5,1,58,deja vu,Olivia Rodrigo
2022,5,1,59,In The Stars,Benson Boone
2022,5,1,60,Happier Than Ever,Billie Eilish
2022,5,1,61,20 Min,Lil Uzi Vert
2022,5,1,62,Numb Little Bug,Em Beihold
2022,5,1,63,Broadway Girls (feat. Morgan Wallen),"Lil Durk, Morgan Wallen"
2022,5,1,64,10 Things I Hate About You,Leah Kate
2022,5,1,65,Right On,Lil Baby
2022,5,1,66,Better Days (NEIKED x Mae Muller x Polo G),"NEIKED, Mae Muller, Polo G"
2022,5,1,67,Money Trees,"Kendrick Lamar, Jay Rock"
2022,5,1,68,abcdefu,GAYLE
2022,5,1,69,Whiskey Glasses,Morgan Wallen
2022,5,1,70,Light Switch,Charlie Puth
2022,5,1,71,Watermelon Sugar,Harry Styles
2022,5,1,72,In My Head,Lil Tjay
2022,5,1,73,Levitating (feat. DaBaby),"Dua Lipa, DaBaby"
2022,5,1,74,The Motto,"Tiësto, Ava Max"
2022,5,1,75,YKWIM?,Yot Club
2022,5,1,76,Easy On Me,Adele
2022,5,1,77,Heartless,Kanye West
2022,5,1,78,NEW MAGIC WAND,"Tyler, The Creator"
2022,5,1,79,The Spins,"Mac Miller, Empire of the Sun"
2022,5,1,80,Drowning (feat. Kodak Black),"A Boogie Wit da Hoodie, Kodak Black"
2022,5,1,81,drivers license,Olivia Rodrigo
2022,5,1,82,BACK TO THE BASICS,Future
2022,5,1,83,Big Energy,Latto
2022,5,1,84,Blinding Lights,The Weeknd
2022,5,1,85,Something In The Way,Nirvana
2022,5,1,86,Something in the Orange,Zach Bryan
2022,5,1,87,Die For You,The Weeknd
2022,5,1,88,Mr. Brightside,The Killers
2022,5,1,89,Sunflower - Spider-Man: Into the Spider-Verse,"Post Malone, Swae Lee"
2022,5,1,90,she's all i wanna be,Tate McRae
2022,5,1,91,Dandelions,Ruth B.
2022,5,1,92,Notion,The Rare Occasions
2022,5,1,93,You Right,"Doja Cat, The Weeknd"
2022,5,1,94,Tek It,Cafuné
2022,5,1,95,THE WAY THINGS GOING,Future
2022,5,1,96,Ain't Shit,Doja Cat
2022,5,1,97,Drip Too Hard (Lil Baby & Gunna),"Lil Baby, Gunna"
2022,5,1,98,Bound 2,Kanye West
2022,5,1,99,Way 2 Sexy (with Future & Young Thug),"Drake, Future, Young Thug"
2022,5,1,100,Wet Dreamz,J. Cole
2022,5,1,101,What Happened To Virgil (feat. Gunna),"Lil Durk, Gunna"
2022,5,1,102,Revenge,XXXTENTACION
2022,5,1,103,RAPSTAR,Polo G
2022,5,1,104,Space Song,Beach House
2022,5,1,105,Sand In My Boots,Morgan Wallen
2022,5,1,106,Pepas,Farruko
2022,5,1,107,Plan B,Megan Thee Stallion
2022,5,1,108,Bad Habits,Ed Sheeran
2022,5,1,109,Get Into It (Yuh),Doja Cat
2022,5,1,110,Frozen,Lil Baby
2022,5,1,111,Lucid Dreams,Juice WRLD
2022,5,1,112,Sweetest Pie,"Megan Thee Stallion, Dua Lipa"
2022,5,1,113,Goin Up,Lil Tjay
2022,5,1,114,That That (prod.&feat. SUGA of BTS),"PSY, SUGA"
2022,5,1,115,favorite crime,Olivia Rodrigo
2022,5,1,116,Freaks,Surf Curse
2022,5,1,117,Buy Dirt,"Jordan Davis, Luke Bryan"
2022,5,1,118,All Girls Are The Same,Juice WRLD
2022,5,1,119,Pursuit Of Happiness (Nightmare),"Kid Cudi, MGMT, Ratatat"
2022,5,1,120,Meet Me At Our Spot,"THE ANXIETY, WILLOW, Tyler Cole"
2022,5,1,121,Yes Indeed,"Lil Baby, Drake"
2022,5,1,122,Save Your Tears,The Weeknd
2022,5,1,123,Yonaguni,Bad Bunny
2022,5,1,124,Skyline,Khalid
2022,5,1,125,Work Out,J. Cole
2022,5,1,126,Ni**as In Paris,"JAY-Z, Kanye West"
2022,5,1,127,Softcore,The Neighbourhood
2022,5,1,128,2055,Sleepy Hallow
2022,5,1,129,Martin & Gina,Polo G
2022,5,1,130,I Hate U,SZA
2022,5,1,131,"Surface Pressure - From ""Encanto""/Soundtrack Version",Jessica Darrow
2022,5,1,132,X ÚLTIMA VEZ,"Daddy Yankee, Bad Bunny"
2022,5,1,133,Soy El Unico,Yahritza Y Su Esencia
2022,5,1,134,DÁKITI,"Bad Bunny, Jhayco"
2022,5,1,135,Flashing Lights,"Kanye West, Dwele"
2022,5,1,136,Lo Siento BB:/ (with Bad Bunny & Julieta Venegas),"Tainy, Bad Bunny, Julieta Venegas"
2022,5,1,137,In A Minute,Lil Baby
2022,5,1,138,Father Stretch My Hands Pt. 1,Kanye West
2022,5,1,139,Daddy Issues,The Neighbourhood
2022,5,1,140,Jugaste y Sufrí,"Eslabon Armado, DannyLux"
2022,5,1,141,Fair Trade (with Travis Scott),"Drake, Travis Scott"
2022,5,1,142,Redbone,Childish Gambino
2022,5,1,143,Adore You,Harry Styles
2022,5,1,144,Love Sosa,Chief Keef
2022,5,1,145,The Way Life Goes (feat. Oh Wonder),"Lil Uzi Vert, Oh Wonder"
2022,5,1,146,SLOW DANCING IN THE DARK,Joji
2022,5,1,147,Cover Me Up,Morgan Wallen
2022,5,1,148,Dreams - 2004 Remaster,Fleetwood Mac
2022,5,1,149,"jealousy, jealousy",Olivia Rodrigo
2022,5,1,150,Sky,Playboi Carti
2022,5,1,151,Circles,Post Malone
2022,5,1,152,Smells Like Teen Spirit,Nirvana
2022,5,1,153,Alien Blues,Vundabar
2022,5,1,154,Iris,The Goo Goo Dolls
2022,5,1,155,Shoota (feat. Lil Uzi Vert),"Playboi Carti, Lil Uzi Vert"
2022,5,1,156,The Real Slim Shady,Eminem
2022,5,1,157,LA CANCIÓN,"J Balvin, Bad Bunny"
2022,5,1,158,Passionfruit,Drake
2022,5,1,159,EA (feat. 21 Savage),"Young Nudy, 21 Savage"
2022,5,1,160,Good Days,SZA
2022,5,1,161,Scrape It Off (feat. Lil Uzi Vert & Don Toliver),"Pusha T, Lil Uzi Vert, Don Toliver"
2022,5,1,162,It Was A Good Day,Ice Cube
2022,5,1,163,HUMBLE.,Kendrick Lamar
2022,5,1,164,LOVE. FEAT. ZACARI.,"Kendrick Lamar, Zacari"
2022,5,1,165,Leave The Door Open,"Bruno Mars, Anderson .Paak, Silk Sonic"
2022,5,1,166,Flower Shops (feat. Morgan Wallen),"ERNEST, Morgan Wallen"
2022,5,1,167,Til You Can't,Cody Johnson
2022,5,1,168,Fingers Crossed,Lauren Spencer Smith
2022,5,1,169,More Than My Hometown,Morgan Wallen
2022,5,1,170,Tennessee Whiskey,Chris Stapleton
2022,5,1,171,Hold That Heat (feat. Travis Scott),"Southside, Future, Travis Scott"
2022,5,1,172,Tell Em,"Cochise, $NOT"
2022,5,1,173,Took Her To The O,King Von
2022,5,1,174,The Hills,The Weeknd
2022,5,1,175,When You're Gone,Shawn Mendes
2022,5,1,176,Fuck Love,"XXXTENTACION, Trippie Redd"
2022,5,1,177,XO Tour Llif3,Lil Uzi Vert
2022,5,1,178,P power (feat. Drake),"Gunna, Drake"
2022,5,1,179,MONTERO (Call Me By Your Name),Lil Nas X
2022,5,1,180,Sunroof,"Nicky Youre, dazy"
2022,5,1,181,Me and Your Mama,Childish Gambino
2022,5,1,182,Young,Vacations
2022,5,1,183,Cigarette Daydreams,Cage The Elephant
2022,5,1,184,Banking On Me,Gunna
2022,5,1,185,MIDDLE CHILD,J. Cole
2022,5,1,186,IDGAF (with blackbear),"BoyWithUke, blackbear"
2022,5,1,187,EARFQUAKE,"Tyler, The Creator"
2022,5,1,188,Without Me,Eminem
2022,5,1,189,Ric Flair Drip (with Metro Boomin),"Offset, Metro Boomin"
2022,5,1,190,The Less I Know The Better,Tame Impala
2022,5,1,191,Desesperados,"Rauw Alejandro, Chencho Corleone"
2022,5,1,192,Mr. Ranger,Kid Cudi
2022,5,1,193,Chasin’ You,Morgan Wallen
2022,5,1,194,House of Memories,Panic! At The Disco
2022,5,1,195,Streets,Doja Cat
2022,5,1,196,Till I Collapse,"Eminem, Nate Dogg"
2022,5,1,197,Save Your Tears (Remix) (with Ariana Grande) - Bonus Track,"The Weeknd, Ariana Grande"
2022,5,1,198,Lose Yourself,Eminem
2022,5,1,199,this is what falling in love feels like,JVKE
2022,5,1,200,Envolver,Anitta
2022,6,1,1,As It Was,Harry Styles
2022,6,1,2,Late Night Talking,Harry Styles
2022,6,1,3,Running Up That Hill (A Deal With God),Kate Bush
2022,6,1,4,First Class,Jack Harlow
2022,6,1,5,Me Porto Bonito,"Bad Bunny, Chencho Corleone"
2022,6,1,6,About Damn Time,Lizzo
2022,6,1,7,Music For a Sushi Restaurant,Harry Styles
2022,6,1,8,Matilda,Harry Styles
2022,6,1,9,True Love,"Kanye West, XXXTENTACION"
2022,6,1,10,Tití Me Preguntó,Bad Bunny
2022,6,1,11,Daylight,Harry Styles
2022,6,1,12,Ojitos Lindos,"Bad Bunny, Bomba Estéreo"
2022,6,1,13,Little Freak,Harry Styles
2022,6,1,14,Grapejuice,Harry Styles
2022,6,1,15,WAIT FOR U (feat. Drake & Tems),"Future, Drake, Tems"
2022,6,1,16,Moscow Mule,Bad Bunny
2022,6,1,17,Satellite,Harry Styles
2022,6,1,18,N95,Kendrick Lamar
2022,6,1,19,Heat Waves,Glass Animals
2022,6,1,20,Después de la Playa,Bad Bunny
2022,6,1,21,Party,"Bad Bunny, Rauw Alejandro"
2022,6,1,22,Keep Driving,Harry Styles
2022,6,1,23,Cinema,Harry Styles
2022,6,1,24,Daydreaming,Harry Styles
2022,6,1,25,Love Of My Life,Harry Styles
2022,6,1,26,Cooped Up (with Roddy Ricch),"Post Malone, Roddy Ricch"
2022,6,1,27,Potion (with Dua Lipa & Young Thug),"Calvin Harris, Dua Lipa, Young Thug"
2022,6,1,28,PUFFIN ON ZOOTIEZ,Future
2022,6,1,29,Die Hard,"Kendrick Lamar, Blxst, Amanda Reifer"
2022,6,1,30,You Proof,Morgan Wallen
2022,6,1,31,Efecto,Bad Bunny
2022,6,1,32,Die Young (feat. 347aidan),"Sleepy Hallow, 347aidan"
2022,6,1,33,Boyfriends,Harry Styles
2022,6,1,34,PROVENZA,KAROL G
2022,6,1,35,Wasted On You,Morgan Wallen
2022,6,1,36,No Role Modelz,J. Cole
2022,6,1,37,STAY (with Justin Bieber),"The Kid LAROI, Justin Bieber"
2022,6,1,38,Woman,Doja Cat
2022,6,1,39,INDUSTRY BABY (feat. Jack Harlow),"Lil Nas X, Jack Harlow"
2022,6,1,40,Tarot,"Bad Bunny, Jhayco"
2022,6,1,41,good 4 u,Olivia Rodrigo
2022,6,1,42,Un Ratito,Bad Bunny
2022,6,1,43,Rich Spirit,Kendrick Lamar
2022,6,1,44,Ghost,Justin Bieber
2022,6,1,45,Something in the Orange,Zach Bryan
2022,6,1,46,Dua Lipa,Jack Harlow
2022,6,1,47,Yo No Soy Celoso,Bad Bunny
2022,6,1,48,Silent Hill,"Kendrick Lamar, Kodak Black"
2022,6,1,49,Until I Found You,Stephen Sanchez
2022,6,1,50,Enemy (with JID) - from the series Arcane League of Legends,"Imagine Dragons, JID, Arcane, League of Legends"
2022,6,1,51,Cold Heart - PNAU Remix,"Elton John, Dua Lipa, PNAU"
2022,6,1,52,Wait a Minute!,WILLOW
2022,6,1,53,Bam Bam (feat. Ed Sheeran),"Camila Cabello, Ed Sheeran"
2022,6,1,54,Neverita,Bad Bunny
2022,6,1,55,505,Arctic Monkeys
2022,6,1,56,Sweater Weather,The Neighbourhood
2022,6,1,57,Knife Talk (with 21 Savage ft. Project Pat),"Drake, 21 Savage, Project Pat"
2022,6,1,58,Whiskey Glasses,Morgan Wallen
2022,6,1,59,La Corriente,"Bad Bunny, Tony Dize"
2022,6,1,60,THATS WHAT I WANT,Lil Nas X
2022,6,1,61,Kiss Me More (feat. SZA),"Doja Cat, SZA"
2022,6,1,62,Dark Red,Steve Lacy
2022,6,1,63,HOTEL LOBBY (Unc & Phew),"Quavo, Takeoff"
2022,6,1,64,MIDDLE OF THE NIGHT,Elley Duhé
2022,6,1,65,MAMIII,"Becky G, KAROL G"
2022,6,1,66,she's all i wanna be,Tate McRae
2022,6,1,67,Shivers,Ed Sheeran
2022,6,1,68,United In Grief,Kendrick Lamar
2022,6,1,69,Need to Know,Doja Cat
2022,6,1,70,Boyfriend,Dove Cameron
2022,6,1,71,Super Gremlin,Kodak Black
2022,6,1,72,I Love You So,The Walters
2022,6,1,73,Father Time (feat. Sampha),"Kendrick Lamar, Sampha"
2022,6,1,74,family ties (with Kendrick Lamar),"Baby Keem, Kendrick Lamar"
2022,6,1,75,Die For You,The Weeknd
2022,6,1,76,Sweetest Pie,"Megan Thee Stallion, Dua Lipa"
2022,6,1,77,Otro Atardecer,"Bad Bunny, The Marías"
2022,6,1,78,One Right Now (with The Weeknd),"Post Malone, The Weeknd"
2022,6,1,79,Thought You Should Know,Morgan Wallen
2022,6,1,80,Big Energy,Latto
2022,6,1,81,Broadway Girls (feat. Morgan Wallen),"Lil Durk, Morgan Wallen"
2022,6,1,82,traitor,Olivia Rodrigo
2022,6,1,83,See You Again (feat. Kali Uchis),"Tyler, The Creator, Kali Uchis"
2022,6,1,84,The Spins,"Mac Miller, Empire of the Sun"
2022,6,1,85,Watermelon Sugar,Harry Styles
2022,6,1,86,Sunroof,"Nicky Youre, dazy"
2022,6,1,87,Andrea,"Bad Bunny, Buscabulla"
2022,6,1,88,Money Trees,"Kendrick Lamar, Jay Rock"
2022,6,1,89,Levitating (feat. DaBaby),"Dua Lipa, DaBaby"
2022,6,1,90,I'M ON ONE (feat. Drake),"Future, Drake"
2022,6,1,91,Wants and Needs (feat. Lil Baby),"Drake, Lil Baby"
2022,6,1,92,Drowning (feat. Kodak Black),"A Boogie Wit da Hoodie, Kodak Black"
2022,6,1,93,Aguacero,Bad Bunny
2022,6,1,94,20 Min,Lil Uzi Vert
2022,6,1,95,deja vu,Olivia Rodrigo
2022,6,1,96,Thousand Miles,The Kid LAROI
2022,6,1,97,Callaita,"Bad Bunny, Tainy"
2022,6,1,98,Un Coco,Bad Bunny
2022,6,1,99,El Apagón,Bad Bunny
2022,6,1,100,We Don't Talk About Bruno,"Carolina Gaitán - La Gaita, Mauro Castillo, Adassa, Rhenzy Feliz, Diane Guerrero, Stephanie Beatriz, Encanto - Cast"
2022,6,1,101,Sunflower - Spider-Man: Into the Spider-Verse,"Post Malone, Swae Lee"
2022,6,1,102,Count Me Out,Kendrick Lamar
2022,6,1,103,Mr. Brightside,The Killers
2022,6,1,104,Dos Mil 16,Bad Bunny
2022,6,1,105,Sand In My Boots,Morgan Wallen
2022,6,1,106,Monëy so big,Yeat
2022,6,1,107,Blinding Lights,The Weeknd
2022,6,1,108,Everybody Wants To Rule The World,Tears For Fears
2022,6,1,109,Bound 2,Kanye West
2022,6,1,110,Lost,Frank Ocean
2022,6,1,111,Flashing Lights,"Kanye West, Dwele"
2022,6,1,112,Heartless,Kanye West
2022,6,1,113,Buy Dirt,"Jordan Davis, Luke Bryan"
2022,6,1,114,More Than My Hometown,Morgan Wallen
2022,6,1,115,Revenge,XXXTENTACION
2022,6,1,116,Til You Can't,Cody Johnson
2022,6,1,117,10 Things I Hate About You,Leah Kate
2022,6,1,118,Enséñame a Bailar,Bad Bunny
2022,6,1,119,Light Switch,Charlie Puth
2022,6,1,120,Happier Than Ever,Billie Eilish
2022,6,1,121,abcdefu,GAYLE
2022,6,1,122,Better Days (NEIKED x Mae Muller x Polo G),"NEIKED, Mae Muller, Polo G"
2022,6,1,123,Vegas (From the Original Motion Picture Soundtrack ELVIS),Doja Cat
2022,6,1,124,Tek It,Cafuné
2022,6,1,125,Dandelions,Ruth B
2022,6,1,126,Lucid Dress,Juice WRLD
2022,6,1,127,Dreams - 2004 Remaster,Fleetwood Mac
2022,6,1,128,Me Fui de Vacaciones,Bad Bunny
2022,6,1,129,gfy (with Machine Gun Kelly),"blackbear, Machine Gun Kelly"
2022,6,1,130,See Wat I’m Sayin,"Moneybagg Yo, CMG The Label"
2022,6,1,131,Iris,The Goo Goo Dolls
2022,6,1,132,Flower Shops (feat. Morgan Wallen),"ERNEST, Morgan Wallen"
2022,6,1,133,Me and Your Mama,Childish Gambino
2022,6,1,134,Wet Dreamz,J. Cole
2022,6,1,135,drivers license,Olivia Rodrigo
2022,6,1,136,NEW MAGIC WAND,"Tyler, The Creator"
2022,6,1,137,Don't Think Jesus,Morgan Wallen
2022,6,1,138,Savior,"Kendrick Lamar, Baby Keem, Sam Dew"
2022,6,1,139,Bad Habits,Ed Sheeran
2022,6,1,140,Un Verano Sin Ti,Bad Bunny
2022,6,1,141,RAPSTAR,Polo G
2022,6,1,142,Get Into It (Yuh),Doja Cat
2022,6,1,143,Chasin’ You,Morgan Wallen
2022,6,1,144,Circles,Post Malone
2022,6,1,145,Tennessee Whiskey,Chris Stapleton
2022,6,1,146,2055,Sleepy Hallow
2022,6,1,147,Churchill Downs (feat. Drake),"Jack Harlow, Drake"
2022,6,1,148,Easy On Me,Adele
2022,6,1,149,Work Out,J. Cole
2022,6,1,150,The Motto,"Tiësto, Ava Max"
2022,6,1,151,Chicken Fried,Zac Brown Band
2022,6,1,152,You Right,"Doja Cat, The Weeknd"
2022,6,1,153,Love Sosa,Chief Keef
2022,6,1,154,Numb Little Bug,Em Beihold
2022,6,1,155,Pursuit Of Happiness (Nightmare),"Kid Cudi, MGMT, Ratatat"
2022,6,1,156,Ni**as In Paris,"JAY-Z, Kanye West"
2022,6,1,157,Cover Me Up,Morgan Wallen
2022,6,1,158,Pepas,Farruko
2022,6,1,159,YKWIM?,Yot Club
2022,6,1,160,don't come back,Tate McRae
2022,6,1,161,pushin P (feat. Young Thug),"Gunna, Future, Young Thug"
2022,6,1,162,Freaks,Surf Curse
2022,6,1,163,Sleazy Flow (with Lil Baby) - Remix,"SleazyWorld Go, Lil Baby"
2022,6,1,164,Ain't Shit,Doja Cat
2022,6,1,165,Space Song,Beach House
2022,6,1,166,All Girls Are The Same,Juice WRLD
2022,6,1,167,Father Stretch My Hands Pt. 1,Kanye West
2022,6,1,168,It Was A Good Day,Ice Cube
2022,6,1,169,Nail Tech,Jack Harlow
2022,6,1,170,Fair Trade (with Travis Scott),"Drake, Travis Scott"
2022,6,1,171,Save Your Tears,The Weeknd
2022,6,1,172,Notion,The Rare Occasions
2022,6,1,173,HUMBLE.,Kendrick Lamar
2022,6,1,174,Redbone,Childish Gambino
2022,6,1,175,Drip Too Hard (Lil Baby & Gunna),"Lil Baby, Gunna"
2022,6,1,176,In A Minute,Lil Baby
2022,6,1,177,Martin & Gina,Polo G
2022,6,1,178,Party In The U.S.A.,Miley Cyrus
2022,6,1,179,Fancy Like,Walker Hayes
2022,6,1,180,When It Rains It Pours,Luke Combs
2022,6,1,181,Don't Stop Believin',Journey
2022,6,1,182,Right On,Lil Baby
2022,6,1,183,Smells Like Teen Spirit,Nirvana
2022,6,1,184,Agosto,Bad Bunny
2022,6,1,185,Way 2 Sexy (with Future & Young Thug),"Drake, Future, Young Thug"
2022,6,1,186,Sky,Playboi Carti
2022,6,1,187,Passionfruit,Drake
2022,6,1,188,7 Summers,Morgan Wallen
2022,6,1,189,Without Me,Eminem
2022,6,1,190,House of Memories,Panic! At The Disco
2022,6,1,191,Till I Collapse,"Eminem, Nate Dogg"
2022,6,1,192,The Real Slim Shady,Eminem
2022,6,1,193,LOVE. FEAT. ZACARI.,"Kendrick Lamar, Zacari"
2022,6,1,194,The Way Life Goes (feat. Oh Wonder),"Lil Uzi Vert, Oh Wonder"
2022,6,1,195,favorite crime,Olivia Rodrigo
2022,6,1,196,Fuck Love,"XXXTENTACION, Trippie Redd"
2022,6,1,197,Meet Me At Our Spot,"THE ANXIETY, WILLOW, Tyler Cole"
2022,6,1,198,MIDDLE CHILD,J. Cole
2022,6,1,199,The Hills,The Weeknd
2022,6,1,200,What Happened To Virgil (feat. Gunna),"Lil Durk, Gunna"
2022,7,1,1,Running Up That Hill (A Deal With God),Kate Bush
2022,7,1,2,Glimpse of Us,Joji
2022,7,1,3,As It Was,Harry Styles
2022,7,1,4,Jimmy Cooks (feat. 21 Savage),"Drake, 21 Savage"
2022,7,1,5,Me Porto Bonito,"Bad Bunny, Chencho Corleone"
2022,7,1,6,Tití Me Preguntó,Bad Bunny
2022,7,1,7,Vegas (From the Original Motion Picture Soundtrack ELVIS),Doja Cat
2022,7,1,8,I Like You (A Happier Song) (with Doja Cat),"Post Malone, Doja Cat"
2022,7,1,9,First Class,Jack Harlow
2022,7,1,10,About Damn Time,Lizzo
2022,7,1,11,Heat Waves,Glass Animals
2022,7,1,12,WAIT FOR U (feat. Drake & Tems),"Future, Drake, Tems"
2022,7,1,13,Master of Puppets (Remastered),Metallica
2022,7,1,14,Hot Shit (feat. Ye & Lil Durk),"Cardi B, Kanye West, Lil Durk"
2022,7,1,15,Late Night Talking,Harry Styles
2022,7,1,16,Efecto,Bad Bunny
2022,7,1,17,Moscow Mule,Bad Bunny
2022,7,1,18,Ojitos Lindos,"Bad Bunny, Bomba Estéreo"
2022,7,1,19,Left and Right (Feat. Jung Kook of BTS),"Charlie Puth, Jung Kook, BTS"
2022,7,1,20,You Proof,Morgan Wallen
2022,7,1,21,BREAK MY SOUL,Beyoncé
2022,7,1,22,I Ain't Worried,OneRepublic
2022,7,1,23,Party,"Bad Bunny, Rauw Alejandro"
2022,7,1,24,Sunroof,"Nicky Youre, dazy"
2022,7,1,25,Después de la Playa,Bad Bunny
2022,7,1,26,Cash In Cash Out,
2022,7,1,27,Bad Habit,Steve Lacy
2022,7,1,28,Sticky,Drake
2022,7,1,29,Rich Minion,Yeat
2022,7,1,30,The Kind of Love We Make,Luke Combs
2022,7,1,31,PUFFIN ON ZOOTIEZ,Future
2022,7,1,32,STAY (with Justin Bieber),"The Kid LAROI, Justin Bieber"
2022,7,1,33,Sweater Weather,The Neighbourhood
2022,7,1,34,PROVENZA,KAROL G
2022,7,1,35,Cooped Up (with Roddy Ricch),"Post Malone, Roddy Ricch"
2022,7,1,36,Massive,Drake
2022,7,1,37,Wasted On You,Morgan Wallen
2022,7,1,38,No Role Modelz,J. Cole
2022,7,1,39,Ghost,Justin Bieber
2022,7,1,40,Tarot,"Bad Bunny, Jhayco"
2022,7,1,41,Woman,Doja Cat
2022,7,1,42,Something in the Orange,Zach Bryan
2022,7,1,43,Whiskey Glasses,Morgan Wallen
2022,7,1,44,Knife Talk (with 21 Savage ft. Project Pat),"Drake, 21 Savage, Project Pat"
2022,7,1,45,Die For You,The Weeknd
2022,7,1,46,Die Young (feat. 347aidan),"Sleepy Hallow, 347aidan"
2022,7,1,47,Music For a Sushi Restaurant,Harry Styles
2022,7,1,48,Until I Found You,Stephen Sanchez
2022,7,1,49,Betty (Get Money),Yung Gravy
2022,7,1,50,good 4 u,Olivia Rodrigo
2022,7,1,51,Party In The U.S.A.,Miley Cyrus
2022,7,1,52,Cold Heart - PNAU Remix,"Elton John, Dua Lipa, PNAU"
2022,7,1,53,SLOW DANCING IN THE DARK,Joji
2022,7,1,54,INDUSTRY BABY (feat. Jack Harlow),"Lil Nas X, Jack Harlow"
2022,7,1,55,505,Arctic Monkeys
2022,7,1,56,Chicken Fried,Zac Brown Band
2022,7,1,57,Everybody Wants To Rule The World,Tears For Fears
2022,7,1,58,Dark Red,Steve Lacy
2022,7,1,59,N95,Kendrick Lamar
2022,7,1,60,Enemy (with JID) - from the series Arcane League of Legends,"Imagine Dragons, JID, Arcane, League of Legends"
2022,7,1,61,Rock and A Hard Place,Bailey Zimmerman
2022,7,1,62,Un Ratito,Bad Bunny
2022,7,1,63,La Corriente,"Bad Bunny, Tony Dize"
2022,7,1,64,Kiss Me More (feat. SZA),"Doja Cat, SZA"
2022,7,1,65,Wants and Needs (feat. Lil Baby),"Drake, Lil Baby"
2022,7,1,66,Mr. Brightside,The Killers
2022,7,1,67,Big Energy,Latto
2022,7,1,68,Til You Can't,Cody Johnson
2022,7,1,69,Pass The Dutchie,Musical Youth
2022,7,1,70,Levitating (feat. DaBaby),"Dua Lipa, DaBaby"
2022,7,1,71,Bam Bam (feat. Ed Sheeran),"Camila Cabello, Ed Sheeran"
2022,7,1,72,Need to Know,Doja Cat
2022,7,1,73,Broadway Girls (feat. Morgan Wallen),"Lil Durk, Morgan Wallen"
2022,7,1,74,Wait a Minute!,WILLOW
2022,7,1,75,Daylight,Harry Styles
2022,7,1,76,Me and Your Mama,Childish Gambino
2022,7,1,77,Matilda,Harry Styles
2022,7,1,78,The Spins,"Mac Miller, Empire of the Sun"
2022,7,1,79,She Had Me At Heads Carolina,Cole Swindell
2022,7,1,80,Sweetest Pie,"Megan Thee Stallion, Dua Lipa"
2022,7,1,81,Super Gremlin,Kodak Black
2022,7,1,82,Blinding Lights,The Weeknd
2022,7,1,83,Shivers,Ed Sheeran
2022,7,1,84,See You Again (feat. Kali Uchis),"Tyler, The Creator, Kali Uchis"
2022,7,1,85,Neverita,Bad Bunny
2022,7,1,86,deja vu,Olivia Rodrigo
2022,7,1,87,Dreams - 2004 Remaster,Fleetwood Mac
2022,7,1,88,MORE,j-hope
2022,7,1,89,traitor,Olivia Rodrigo
2022,7,1,90,I Love You So,The Walters
2022,7,1,91,Sunflower - Spider-Man: Into the Spider-Verse,"Post Malone, Swae Lee"
2022,7,1,92,Yo No Soy Celoso,Bad Bunny
2022,7,1,93,Money Trees,"Kendrick Lamar, Jay Rock"
2022,7,1,94,Watermelon Sugar,Harry Styles
2022,7,1,95,Die Hard,"Kendrick Lamar, Blxst, Amanda Reifer"
2022,7,1,96,HOTEL LOBBY (Unc & Phew),"Quavo, Takeoff"
2022,7,1,97,Boyfriend,Dove Cameron
2022,7,1,98,Tennessee Whiskey,Chris Stapleton
2022,7,1,99,family ties (with Kendrick Lamar),"Baby Keem, Kendrick Lamar"
2022,7,1,100,Happier Than Ever,Billie Eilish
2022,7,1,101,THATS WHAT I WANT,Lil Nas X
2022,7,1,102,20 Min,Lil Uzi Vert
2022,7,1,103,Sand In My Boots,Morgan Wallen
2022,7,1,104,Thought You Should Know,Morgan Wallen
2022,7,1,105,Satellite,Harry Styles
2022,7,1,106,Circles,Post Malone
2022,7,1,107,MAMIII,"Becky G, KAROL G"
2022,7,1,108,More Than My Hometown,Morgan Wallen
2022,7,1,109,Heartless,Kanye West
2022,7,1,110,Don't Stop Believin',Journey
2022,7,1,111,Buy Dirt,"Jordan Davis, Luke Bryan"
2022,7,1,112,Separate Ways (Worlds Apart) - Bryce Miller/Alloy Tracks Remix,"Journey, Steve Perry"
2022,7,1,113,MIDDLE OF THE NIGHT,Elley Duhé
2022,7,1,114,Whiskey On You,Nate Smith
2022,7,1,115,When It Rains It Pours,Luke Combs
2022,7,1,116,Bound 2,Kanye West
2022,7,1,117,Lost,Frank Ocean
2022,7,1,118,Sweet Home Alabama,Lynyrd Skynyrd
2022,7,1,119,Callaita,"Bad Bunny, Tainy"
2022,7,1,120,One Right Now (with The Weeknd),"Post Malone, The Weeknd"
2022,7,1,121,Stargirl Interlude,"The Weeknd, Lana Del Rey"
2022,7,1,122,Better Days (NEIKED x Mae Muller x Polo G),"NEIKED, Mae Muller, Polo G"
2022,7,1,123,Don’t Blame Me,Taylor Swift
2022,7,1,124,Flower Shops (feat. Morgan Wallen),"ERNEST, Morgan Wallen"
2022,7,1,125,Dandelions,Ruth B.
2022,7,1,126,Wagon Wheel,Darius Rucker
2022,7,1,127,Revenge,XXXTENTACION
2022,7,1,128,Wet Dreamz,J. Cole
2022,7,1,129,Fall In Love,Bailey Zimmerman
2022,7,1,130,Dua Lipa,Jack Harlow
2022,7,1,131,Grapejuice,Harry Styles
2022,7,1,132,Lucid Dreams,Juice WRLD
2022,7,1,133,Andrea,"Bad Bunny, Buscabulla"
2022,7,1,134,Otro Atardecer,"Bad Bunny, The Marías"
2022,7,1,135,Brown Eyed Girl,Van Morrison
2022,7,1,136,Chasin’ You,Morgan Wallen
2022,7,1,137,Fortunate Son,Creedence Clearwater Revival
2022,7,1,138,Flashing Lights,"Kanye West, Dwele"
2022,7,1,139,drivers license,Olivia Rodrigo
2022,7,1,140,Late To Da Party (F*CK BET) (feat. YoungBoy Never Broke Again),"Lil Nas X, YoungBoy Never Broke Again"
2022,7,1,141,Passionfruit,Drake
2022,7,1,142,Monëy so big,Yeat
2022,7,1,143,Little Freak,Harry Styles
2022,7,1,144,5 Foot 9,Tyler Hubbard
2022,7,1,145,Drowning (feat. Kodak Black),"A Boogie Wit da Hoodie, Kodak Black"
2022,7,1,146,Fancy Like,Walker Hayes
2022,7,1,147,Space Song,Beach House
2022,7,1,148,YKWIM?,Yot Club
2022,7,1,149,Cover Me Up,Morgan Wallen
2022,7,1,150,The Hills,The Weeknd
2022,7,1,151,RAPSTAR,Polo G
2022,7,1,152,7 Summers,Morgan Wallen
2022,7,1,153,Thousand Miles,The Kid LAROI
2022,7,1,154,Cruel Summer,Taylor Swift
2022,7,1,155,New Money (with 21 Savage),"Calvin Harris, 21 Savage"
2022,7,1,156,True Love,"Kanye West, XXXTENTACION"
2022,7,1,157,2055,Sleepy Hallow
2022,7,1,158,Freaks,Surf Curse
2022,7,1,159,Pursuit Of Happiness (Nightmare),"Kid Cudi, MGMT, Ratatat"
2022,7,1,160,Un Coco,Bad Bunny
2022,7,1,161,You Right,"Doja Cat, The Weeknd"
2022,7,1,162,Redbone,Childish Gambino
2022,7,1,163,Get Into It (Yuh),Doja Cat
2022,7,1,164,Smells Like Teen Spirit,
2022,7,1,165,Silent Hill,"Kendrick Lamar, Kodak Black"
2022,7,1,166,Pepas,Farruko
2022,7,1,167,Aguacero,Bad Bunny
2022,7,1,168,she's all i wanna be,Tate McRae
2022,7,1,169,Save Your Tears,The Weeknd
2022,7,1,170,Love Sosa,Chief Keef
2022,7,1,171,Te Felicito,"Shakira, Rauw Alejandro"
2022,7,1,172,Keep Driving,Harry Styles
2022,7,1,173,NEW MAGIC WAND,"Tyler, The Creator"
2022,7,1,174,We Don't Talk About Bruno,"Carolina Gaitán - La Gaita, Mauro Castillo, Adassa, Rhenzy Feliz, Diane Guerrero, Stephanie Beatriz, Encanto - Cast"
2022,7,1,175,Ni**as In Paris,"JAY-Z, Kanye West"
2022,7,1,176,Light Switch,Charlie Puth
2022,7,1,177,Starboy,"The Weeknd, Daft Punk"
2022,7,1,178,Sky,Playboi Carti
2022,7,1,179,Father Stretch My Hands Pt. 1,Kanye West
2022,7,1,180,Iris,The Goo Goo Dolls
2022,7,1,181,Riptide,Vance Joy
2022,7,1,182,The Night We Met,Lord Huron
2022,7,1,183,Drip Too Hard (Lil Baby & Gunna),"Lil Baby, Gunna"
2022,7,1,184,Born in the U.S.A.,Bruce Springsteen
2022,7,1,185,Distraction,Polo G
2022,7,1,186,After Dark,Mr.Kitty
2022,7,1,187,Don't Think Jesus,Morgan Wallen
2022,7,1,188,Good Days,SZA
2022,7,1,189,Beer Never Broke My Heart,Luke Combs
2022,7,1,190,Beautiful Crazy,Luke Combs
2022,7,1,191,Cigarette Daydreams,Cage The Elephant
2022,7,1,192,Take It Easy - 2013 Remaster,Eagles
2022,7,1,193,World's Smallest Violin,AJR
2022,7,1,194,Forever After All,Luke Combs
2022,7,1,195,Luke Combs,Yes Indeed
2022,7,1,196,All Girls Are The Same,Juice WRLD
2022,7,1,197,Sleazy Flow (with Lil Baby) - Remix,"SleazyWorld Go, Lil Baby"
2022,7,1,198,Love Of My Life,Harry Styles
2022,7,1,199,Right On,Lil Baby
2022,7,1,200,LA CANCIÓN,"J Balvin, Bad Bunny"
2022,8,1,1,Bad Habit,Steve Lacy
2022,8,1,2,As It Was,Harry Styles
2022,8,1,3,Running Up That Hill (A Deal With God),Kate Bush
2022,8,1,4,Me Porto Bonito,"Bad Bunny, Chencho Corleone"
2022,8,1,5,BREAK MY SOUL,Beyoncé
2022,8,1,6,Tití Me Preguntó,Bad Bunny
2022,8,1,7,Jimmy Cooks (feat. 21 Savage),"Drake, 21 Savage"
2022,8,1,8,Glimpse of Us,Joji
2022,8,1,9,ALIEN SUPERSTAR,Beyoncé
2022,8,1,10,CUFF IT,Beyoncé
2022,8,1,11,I'M THAT GIRL,Beyoncé
2022,8,1,12,ENERGY (feat. Beam),"Beyoncé, BEAM"
2022,8,1,13,I Like You (A Happier Song) (with Doja Cat),"Post Malone, Doja Cat"
2022,8,1,14,CHURCH GIRL,Beyoncé
2022,8,1,15,COZY,Beyoncé
2022,8,1,16,Heat Waves,Glass Animals
2022,8,1,17,SUMMER RENAISSANCE,Beyoncé
2022,8,1,18,Efecto,Bad Bunny
2022,8,1,19,About Damn Time,Lizzo
2022,8,1,20,I Ain't Worried,OneRepublic
2022,8,1,21,Vegas (From the Original Motion Picture Soundtrack ELVIS),Doja Cat
2022,8,1,22,Late Night Talking,Harry Styles
2022,8,1,23,You Proof,Morgan Wallen
2022,8,1,24,WAIT FOR U (feat. Drake & Tems),"Future, Drake, Tems"
2022,8,1,25,Never Sleep (with Lil Baby feat. Travis Scott),"NAV, Lil Baby, Travis Scott"
2022,8,1,26,VIRGO'S GROOVE,Beyoncé
2022,8,1,27,First Class,Jack Harlow
2022,8,1,28,Moscow Mule,Bad Bunny
2022,8,1,29,PLASTIC OFF THE SOFA,Beyoncé
2022,8,1,30,Betty (Get Money),Yung Gravy
2022,8,1,31,Ojitos Lindos,"Bad Bunny, Bomba Estéreo"
2022,8,1,32,Sweater Weather,The Neighbourhood
2022,8,1,33,Sunroof,"Nicky Youre, dazy"
2022,8,1,34,HEATED,Beyoncé
2022,8,1,35,THIQUE,Beyoncé
2022,8,1,36,MOVE (feat. Grace Jones & Tems),"Beyoncé, Grace Jones, Tems"
2022,8,1,37,Die For You,The Weeknd
2022,8,1,38,Party,"Bad Bunny, Rauw Alejandro"
2022,8,1,39,Master of Puppets (Remastered),Metallica
2022,8,1,40,The Kind of Love We Make,Luke Combs
2022,8,1,41,PURE/HONEY,Beyoncé
2022,8,1,42,Después de la Playa,Bad Bunny
2022,8,1,43,Dark Red,Steve Lacy
2022,8,1,44,No Role Modelz,J. Cole
2022,8,1,45,"Quevedo: Bzrp Music Sessions, Vol. 52","Bizarrap, Quevedo"
2022,8,1,46,AMERICA HAS A PROBLEM,Beyoncé
2022,8,1,47,ALL UP IN YOUR MIND,Beyoncé
2022,8,1,48,STAY (with Justin Bieber),"The Kid LAROI, Justin Bieber"
2022,8,1,49,Rock and A Hard Place,Bailey Zimmerman
2022,8,1,50,HONEST,Baby Keem
2022,8,1,51,Something in the Orange,Zach Bryan
2022,8,1,52,Wasted On You,Morgan Wallen
2022,8,1,53,PROVENZA,KAROL G
2022,8,1,54,Tarot,"Bad Bunny, Jhayco"
2022,8,1,55,505,Arctic Monkeys
2022,8,1,56,Knife Talk (with 21 Savage ft. Project Pat),"Drake, 21 Savage, Project Pat"
2022,8,1,57,TV,Billie Eilish
2022,8,1,58,Matte Black,$uicideboy$
2022,8,1,59,Ghost,Justin Bieber
2022,8,1,60,She Had Me At Heads Carolina,Cole Swindell
2022,8,1,61,Everybody Wants To Rule The World,Tears For Fears
2022,8,1,62,Until I Found You,Stephen Sanchez
2022,8,1,63,Cooped Up (with Roddy Ricch),"Post Malone, Roddy Ricch"
2022,8,1,64,Genesis,$uicideboy$
2022,8,1,65,Whiskey Glasses,Morgan Wallen
2022,8,1,66,Woman,Doja Cat
2022,8,1,67,PUFFIN ON ZOOTIEZ,Future
2022,8,1,68,august,Taylor Swift
2022,8,1,69,good 4 u,Olivia Rodrigo
2022,8,1,70,La Corriente,"Bad Bunny, Tony Dize"
2022,8,1,71,Cold Heart - PNAU Remix,"Elton John, Dua Lipa, PNAU"
2022,8,1,72,Cash In Cash Out,"Pharrell Williams, 21 Savage, Tyler, The Creator"
2022,8,1,73,Wants and Needs (feat. Lil Baby),"Drake, Lil Baby"
2022,8,1,74,DESPECHÁ,ROSALÍA
2022,8,1,75,Left and Right (Feat. Jung Kook of BTS),"Charlie Puth, Jung Kook, BTS"
2022,8,1,76,Heartless,Kanye West
2022,8,1,77,Fucking Your Culture,$uicideboy$
2022,8,1,78,1000 Blunts,$uicideboy$
2022,8,1,79,traitor,Olivia Rodrigo
2022,8,1,80,INDUSTRY BABY (feat. Jack Harlow),"Lil Nas X, Jack Harlow"
2022,8,1,81,Love Lost,"Mac Miller, The Temper Trap"
2022,8,1,82,family ties (with Kendrick Lamar),"Baby Keem, Kendrick Lamar"
2022,8,1,83,Til You Can't,Cody Johnson
2022,8,1,84,I Love You So,The Walters
2022,8,1,85,Mr. Brightside,The Killers
2022,8,1,86,Doja,Central Cee
2022,8,1,87,Blinding Lights,The Weeknd
2022,8,1,88,Un Ratito,Bad Bunny
2022,8,1,89,Sticky,Drake
2022,8,1,90,Stargirl Interlude,"The Weeknd, Lana Del Rey"
2022,8,1,91,Happier Than Ever,Billie Eilish
2022,8,1,92,deja vu,Olivia Rodrigo
2022,8,1,93,See You Again (feat. Kali Uchis),"Tyler, The Creator, Kali Uchis"
2022,8,1,94,SLOW DANCING IN THE DARK,Joji
2022,8,1,95,The Hills,The Weeknd
2022,8,1,96,Money Trees,"Kendrick Lamar, Jay Rock"
2022,8,1,97,Sunflower - Spider-Man: Into the Spider-Verse,"Post Malone, Swae Lee"
2022,8,1,98,Me and Your Mama,Childish Gambino
2022,8,1,99,N95,Kendrick Lamar
2022,8,1,100,Escape From BABYLON,$uicideboy$
2022,8,1,101,Kiss Me More (feat. SZA),"Doja Cat, SZA"
2022,8,1,102,Music For a Sushi Restaurant,Harry Styles
2022,8,1,103,Levitating (feat. DaBaby),"Dua Lipa, DaBaby"
2022,8,1,104,The Spins,"Mac Miller, Empire of the Sun"
2022,8,1,105,Stick Season,Noah Kahan
2022,8,1,106,Neverita,Bad Bunny
2022,8,1,107,Wet Dreamz,J. Cole
2022,8,1,108,Wait a Minute!,WILLOW
2022,8,1,109,The 30th,Billie Eilish
2022,8,1,110,Shivers,Ed Sheeran
2022,8,1,111,World's Smallest Violin,AJR
2022,8,1,112,Circles,Post Malone
2022,8,1,113,Bam Bam (feat. Ed Sheeran),"Camila Cabello, Ed Sheeran"
2022,8,1,114,Bound 2,Kanye West
2022,8,1,115,20 Min,Lil Uzi Vert
2022,8,1,116,Call Out My Name,The Weeknd
2022,8,1,117,Super Gremlin,Kodak Black
2022,8,1,118,Enemy (with JID) - from the series Arcane League of Legends,"Imagine Dragons, JID, Arcane, League of Legends"
2022,8,1,119,In Constant Sorrow,$uicideboy$
2022,8,1,120,Big Energy,Latto
2022,8,1,121,Need to Know,Doja Cat
2022,8,1,122,Broadway Girls (feat. Morgan Wallen),"Lil Durk, Morgan Wallen"
2022,8,1,123,Lost,Frank Ocean
2022,8,1,124,Watermelon Sugar,Harry Styles
2022,8,1,125,Thought You Should Know,Morgan Wallen
2022,8,1,126,Yo No Soy Celoso,Bad Bunny
2022,8,1,127,Sweetest Pie,"Megan Thee Stallion, Dua Lipa"
2022,8,1,128,Starboy,"The Weeknd, Daft Punk"
2022,8,1,129,Dreams - 2004 Remaster,Fleetwood Mac
2022,8,1,130,HOTEL LOBBY (Unc & Phew),"Quavo, Takeoff"
2022,8,1,131,THATS WHAT I WANT,Lil Nas X
2022,8,1,132,Flower Shops (feat. Morgan Wallen),"ERNEST, Morgan Wallen"
2022,8,1,133,More Than My Hometown,Morgan Wallen
2022,8,1,134,Matilda,Harry Styles
2022,8,1,135,Don’t Blame Me,Taylor Swift
2022,8,1,136,Tennessee Whiskey,Chris Stapleton
2022,8,1,137,Boyfriend,Dove Cameron
2022,8,1,138,Drip Too Hard (Lil Baby & Gunna),"Lil Baby, Gunna"
2022,8,1,139,Sand In My Boots,Morgan Wallen
2022,8,1,140,Apocalypse,Cigarettes After Sex
2022,8,1,141,I Was Never There,"The Weeknd, Gesaffelstein"
2022,8,1,142,5 Foot 9,Tyler Hubbard
2022,8,1,143,Lucid Dreams,Juice WRLD
2022,8,1,144,Die Young (feat. 347aidan),"Sleepy Hallow, 347aidan"
2022,8,1,145,Save Your Tears,The Weeknd
2022,8,1,146,drivers license,Olivia Rodrigo
2022,8,1,147,Dandelions,Ruth B.
2022,8,1,148,Buy Dirt,"Jordan Davis, Luke Bryan"
2022,8,1,149,Massive,Drake
2022,8,1,150,Otro Atardecer,"Bad Bunny, The Marías"
2022,8,1,151,LA CANCIÓN,"J Balvin, Bad Bunny"
2022,8,1,152,Pursuit Of Happiness (Nightmare),"Kid Cudi, MGMT, Ratatat"
2022,8,1,153,Flashing Lights,"Kanye West, Dwele"
2022,8,1,154,Callaita,"Bad Bunny, Tainy"
2022,8,1,155,FOR FUN,Lil Uzi Vert
2022,8,1,156,Space Song,Beach House
2022,8,1,157,MIDDLE OF THE NIGHT,Elley Duhé
2022,8,1,158,Daylight,Harry Styles
2022,8,1,159,Party In The U.S.A.,Miley Cyrus
2022,8,1,160,Revenge,XXXTENTACION
2022,8,1,161,Freestyle,Lil Baby
2022,8,1,162,Ni**as In Paris,"JAY-Z, Kanye West"
2022,8,1,163,Numb,"Marshmello, Khalid"
2022,8,1,164,Cruel Summer,Taylor Swift
2022,8,1,165,$uicideboy$ Were Better In 2015,$uicideboy$
2022,8,1,166,Better Days (NEIKED x Mae Muller x Polo G),"NEIKED, Mae Muller, Polo G"
2022,8,1,167,YKWIM?,Yot Club
2022,8,1,168,Antarctica,$uicideboy$
2022,8,1,169,Yes Indeed,"Lil Baby, Drake"
2022,8,1,170,MAMIII,"Becky G, KAROL G"
2022,8,1,171,Die Hard,"Kendrick Lamar, Blxst, Amanda Reifer"
2022,8,1,172,After Dark,Mr.Kitty
2022,8,1,173,Freaks,Surf Curse
2022,8,1,174,Andrea,"Bad Bunny, Buscabulla"
2022,8,1,175,Cover Me Up,Morgan Wallen
2022,8,1,176,Don't Stop Believin',Journey
2022,8,1,177,Father Stretch My Hands Pt. 1,Kanye West
2022,8,1,178,Redbone,Childish Gambino
2022,8,1,179,Love Sosa,Chief Keef
2022,8,1,180,NEW MAGIC WAND,"Tyler, The Creator"
2022,8,1,181,"No Matter Which Direction I'm Going In, I Never Chase These Hoes",$uicideboy$
2022,8,1,182,LOVE. FEAT. ZACARI.,"Kendrick Lamar, Zacari"
2022,8,1,183,Chasin' You,Morgan Wallen
2022,8,1,184,Sky,Playboi Carti
2022,8,1,185,7 Summers,Morgan Wallen
2022,8,1,186,2055,Sleepy Hallow
2022,8,1,187,Satellite,Harry Styles
2022,8,1,188,Smells Like Teen Spirit,Nirvana
2022,8,1,189,RAPSTAR,Polo G
2022,8,1,190,Dah Dah DahDah,Nardo Wick
2022,8,1,191,Un Coco,Bad Bunny
2022,8,1,192,All Girls Are The Same,Juice WRLD
2022,8,1,193,The Night We Met,Lord Huron
2022,8,1,194,When It Rains It Pours,Luke Combs
2022,8,1,195,"...And to Those I Love, Thanks for Sticking Around",$uicideboy$
2022,8,1,196,Ashes of Luxury,$uicideboy$
2022,8,1,197,El Apagón,Bad Bunny
2022,8,1,198,Riptide,Vance Joy
2022,8,1,199,Iris,The Goo Goo Dolls
2022,8,1,200,DÁKITI,"Bad Bunny, Jhayco"
2022,9,1,1,Bad Habit,Steve Lacy
2022,9,1,2,Me Porto Bonito,"Bad Bunny, Chencho Corleone"
2022,9,1,3,As It Was,Harry Styles
2022,9,1,4,Super Freaky Girl,Nicki Minaj
2022,9,1,5,Tití Me Preguntó,Bad Bunny
2022,9,1,6,Jimmy Cooks (feat. 21 Savage),"Drake, 21 Savage"
2022,9,1,7,I Like You (A Happier Song) (with Doja Cat),"Post Malone, Doja Cat"
2022,9,1,8,Glimpse of Us,Joji
2022,9,1,9,Running Up That Hill (A Deal With God),Kate Bush
2022,9,1,10,Efecto,Bad Bunny
2022,9,1,11,I Ain't Worried,OneRepublic
2022,9,1,12,You Proof,Morgan Wallen
2022,9,1,13,STAYING ALIVE (feat. Drake & Lil Baby),"DJ Khaled, Drake, Lil Baby"
2022,9,1,14,Late Night Talking,Harry Styles
2022,9,1,15,Hold Me Closer,"Elton John, Britney Spears"
2022,9,1,16,Heat Waves,Glass Animals
2022,9,1,17,Vegas (From the Original Motion Picture Soundtrack ELVIS),Doja Cat
2022,9,1,18,WAIT FOR U (feat. Drake & Tems),"Future, Drake, Tems"
2022,9,1,19,Betty (Get Money),Yung Gravy
2022,9,1,20,Pink Venom,BLACKPINK
2022,9,1,21,Moscow Mule,Bad Bunny
2022,9,1,22,About Damn Time,Lizzo
2022,9,1,23,golden hour,JVKE
2022,9,1,24,Sunroof,"Nicky Youre, dazy"
2022,9,1,25,Die For You,The Weeknd
2022,9,1,26,Sweater Weather,The Neighbourhood
2022,9,1,27,Dark Red,Steve Lacy
2022,9,1,28,Dah Dah DahDah,Nardo Wick
2022,9,1,29,BEAUTIFUL (feat. Future & SZA),"DJ Khaled, Future, SZA"
2022,9,1,30,Beat the Odds,Lil Tjay
2022,9,1,31,Something in the Orange,Zach Bryan
2022,9,1,32,"GOD DID (feat. Rick Ross, Lil Wayne, Jay-Z, John Legend & Fridayy)","DJ Khaled, Rick Ross, Lil Wayne, JAY-Z, John Legend, Fridayy"
2022,9,1,33,The Kind of Love We Make,Luke Combs
2022,9,1,34,First Class,Jack Harlow
2022,9,1,35,Ojitos Lindos,"Bad Bunny, Bomba Estéreo"
2022,9,1,36,BIG TIME (feat. Future & Lil Baby),"DJ Khaled, Future, Lil Baby"
2022,9,1,37,No Role Modelz,J. Cole
2022,9,1,38,505,Arctic Monkeys
2022,9,1,39,Rock and A Hard Place,Bailey Zimmerman
2022,9,1,40,Mary On A Cross,Ghost
2022,9,1,41,"Quevedo: Bzrp Music Sessions, Vol. 52","Bizarrap, Quevedo"
2022,9,1,42,Party,"Bad Bunny, Rauw Alejandro"
2022,9,1,43,BREAK MY SOUL,Beyoncé
2022,9,1,44,Until I Found You,Stephen Sanchez
2022,9,1,45,Romantic Homicide,d4vd
2022,9,1,46,Después de la Playa,Bad Bunny
2022,9,1,47,STAY (with Justin Bieber),"The Kid LAROI, Justin Bieber"
2022,9,1,48,PROVENZA,KAROL G
2022,9,1,49,Wasted On You,Morgan Wallen
2022,9,1,50,Heartless,Kanye West
2022,9,1,51,YUKON (INTERLUDE),Joji
2022,9,1,52,Juice WRLD DID (feat. Juice WRLD),"DJ Khaled, Juice WRLD"
2022,9,1,53,Static,Steve Lacy
2022,9,1,54,She Had Me At Heads Carolina,Cole Swindell
2022,9,1,55,Knife Talk (with 21 Savage ft. Project Pat),"Drake, 21 Savage, Project Pat"
2022,9,1,56,Tarot,"Bad Bunny, Jhayco"
2022,9,1,57,GATÚBELA,"KAROL G, Maldy"
2022,9,1,58,DESPECHÁ,ROSALÍA
2022,9,1,59,Neverita,Bad Bunny
2022,9,1,60,Under The Influence,Chris Brown
2022,9,1,61,HONEST,Baby Keem
2022,9,1,62,I'm Good (Blue),"David Guetta, Bebe Rexha"
2022,9,1,63,Bound 2,Kanye West
2022,9,1,64,La Corriente,"Bad Bunny, Tony Dize"
2022,9,1,65,family ties (with Kendrick Lamar),"Baby Keem, Kendrick Lamar"
2022,9,1,66,Left and Right (Feat. Jung Kook of BTS),"Charlie Puth, Jung Kook, BTS"
2022,9,1,67,Everybody Wants To Rule The World,Tears For Fears
2022,9,1,68,Ghost,Justin Bieber
2022,9,1,69,Wants and Needs (feat. Lil Baby),"Drake, Lil Baby"
2022,9,1,70,Whiskey Glasses,Morgan Wallen
2022,9,1,71,PUFFIN ON ZOOTIEZ,Future
2022,9,1,72,ALIEN SUPERSTAR,Beyoncé
2022,9,1,73,Woman,Doja Cat
2022,9,1,74,Mr. Brightside,The Killers
2022,9,1,75,Stargirl Interlude,"The Weeknd, Lana Del Rey"
2022,9,1,76,USE THIS GOSPEL (feat. Kanye West & Eminem) - REMIX,"DJ Khaled, Kanye West, Eminem"
2022,9,1,77,Cold Heart - PNAU Remix,"Elton John, Dua Lipa, PNAU"
2022,9,1,78,Money Trees,"Kendrick Lamar, Jay Rock"
2022,9,1,79,See You Again (feat. Kali Uchis),"Tyler, The Creator, Kali Uchis"
2022,9,1,80,I Love You So,The Walters
2022,9,1,81,Starboy,"The Weeknd, Daft Punk"
2022,9,1,82,Apocalypse,Cigarettes After Sex
2022,9,1,83,Blinding Lights,The Weeknd
2022,9,1,84,SNAP,Rosa Linn
2022,9,1,85,SLOW DANCING IN THE DARK,Joji
2022,9,1,86,The Hills,The Weeknd
2022,9,1,87,Me and Your Mama,Childish Gambino
2022,9,1,88,august,Taylor Swift
2022,9,1,89,Wet Dreamz,J. Cole
2022,9,1,90,good 4 u,Olivia Rodrigo
2022,9,1,91,traitor,Olivia Rodrigo
2022,9,1,92,LET'S PRAY (feat. Don Toliver & Travis Scott),"DJ Khaled, Don Toliver, Travis Scott"
2022,9,1,93,Un Ratito,Bad Bunny
2022,9,1,94,Dance Now (feat. Kenny Mason),"JID, Kenny Mason"
2022,9,1,95,Victoria's Secret,Jax
2022,9,1,96,I Was Never There,"The Weeknd, Gesaffelstein"
2022,9,1,97,LA CANCIÓN,"J Balvin, Bad Bunny"
2022,9,1,98,INDUSTRY BABY (feat. Jack Harlow),"Lil Nas X, Jack Harlow"
2022,9,1,99,Stick Season,Noah Kahan
2022,9,1,100,Never Sleep (with Lil Baby feat. Travis Scott),"NAV, Lil Baby, Travis Scott"
2022,9,1,101,Call Out My Name,The Weeknd
2022,9,1,102,Flashing Lights,"Kanye West, Dwele"
2022,9,1,103,La Bachata,Manuel Turizo
2022,9,1,104,deja vu,Olivia Rodrigo
2022,9,1,105,Master of Puppets (Remastered),Metallica
2022,9,1,106,The Spins,"Mac Miller, Empire of the Sun"
2022,9,1,107,20 Min,Lil Uzi Vert
2022,9,1,108,Happier Than Ever,Billie Eilish
2022,9,1,109,Calm Down (with Selena Gomez),"Rema, Selena Gomez"
2022,9,1,110,World's Smallest Violin,AJR
2022,9,1,111,Drip Too Hard (Lil Baby & Gunna),"Lil Baby, Gunna"
2022,9,1,112,Sunflower - Spider-Man: Into the Spider-Verse,"Post Malone, Swae Lee"
2022,9,1,113,King For A Day,"Pierce The Veil, Kellin Quinn"
2022,9,1,114,Surround Sound (feat. 21 Savage & Baby Tate),"JID, 21 Savage, Baby Tate"
2022,9,1,115,Numb,"Marshmello, Khalid"
2022,9,1,116,Shivers,Ed Sheeran
2022,9,1,117,Cash In Cash Out,"Pharrell Williams, 21 Savage, Tyler, The Creator"
2022,9,1,118,"KEEP GOING (feat. Lil Durk, 21 Savage & Roddy Ricch)","DJ Khaled, Lil Durk, 21 Savage, Roddy Ricch"
2022,9,1,119,Freestyle,Lil Baby
2022,9,1,120,Where It Ends,Bailey Zimmerman
2022,9,1,121,Novacane,Frank Ocean
2022,9,1,122,Talk that Talk,TWICE
2022,9,1,123,Yes Indeed,"Lil Baby, Drake"
2022,9,1,124,5 Foot 9,Tyler Hubbard
2022,9,1,125,Circles,Post Malone
2022,9,1,126,PARTY (feat. Quavo & Takeoff),"DJ Khaled, Quavo, Takeoff"
2022,9,1,127,Sticky,Drake
2022,9,1,128,Music For a Sushi Restaurant,Harry Styles
2022,9,1,129,IT AIN'T SAFE (feat. Nardo Wick & Kodak Black),"DJ Khaled, Nardo Wick, Kodak Black"
2022,9,1,130,BILLIE EILISH.,Armani White
2022,9,1,131,Matilda,Harry Styles
2022,9,1,132,Lost,Frank Ocean
2022,9,1,133,Revenge,XXXTENTACION
2022,9,1,134,Redbone,Childish Gambino
2022,9,1,135,Watermelon Sugar,Harry Styles
2022,9,1,136,Save Your Tears,The Weeknd
2022,9,1,137,Ni**as In Paris,"JAY-Z, Kanye West"
2022,9,1,138,Bones,Imagine Dragons
2022,9,1,139,ALL MINE,Brent Faiyaz
2022,9,1,140,N95,Kendrick Lamar
2022,9,1,141,Kiss Me More (feat. SZA),"Doja Cat, SZA"
2022,9,1,142,Father Stretch My Hands Pt. 1,Kanye West
2022,9,1,143,CUFF IT,Beyoncé
2022,9,1,144,Levitating (feat. DaBaby),"Dua Lipa, DaBaby"
2022,9,1,145,Big Energy,Latto
2022,9,1,146,Fall In Love,Bailey Zimmerman
2022,9,1,147,Space Song,Beach House
2022,9,1,148,Flower Shops (feat. Morgan Wallen),"ERNEST, Morgan Wallen"
2022,9,1,149,YKWIM?,Yot Club
2022,9,1,150,Super Gremlin,Kodak Black
2022,9,1,151,Don’t Blame Me,Taylor Swift
2022,9,1,152,Bam Bam (feat. Ed Sheeran),"Camila Cabello, Ed Sheeran"
2022,9,1,153,Daylight,Harry Styles
2022,9,1,154,Dreams - 2004 Remaster,Fleetwood Mac
2022,9,1,155,Boyfriend,Dove Cameron
2022,9,1,156,Tennessee Whiskey,Chris Stapleton
2022,9,1,157,"Sex, Drugs, Etc.",Beach Weather
2022,9,1,158,Yo No Soy Celoso,Bad Bunny
2022,9,1,159,Lucid Dreams,Juice WRLD
2022,9,1,160,Pursuit Of Happiness (Nightmare),"Kid Cudi, MGMT, Ratatat"
2022,9,1,161,Raydar,JID
2022,9,1,162,Doja,Central Cee
2022,9,1,163,Thought You Should Know,Morgan Wallen
2022,9,1,164,MAMIII,"Becky G, KAROL G"
2022,9,1,165,Love Sosa,Chief Keef
2022,9,1,166,CODE (feat. Moneybagg Yo),"Offset, Moneybagg Yo"
2022,9,1,167,Freaks,Surf Curse
2022,9,1,168,Bad Decisions (with BTS & Snoop Dogg),"benny blanco, BTS, Snoop Dogg"
2022,9,1,169,Enemy (with JID) - from the series Arcane League of Legends,"Imagine Dragons, JID, Arcane, League of Legends"
2022,9,1,170,Need to Know,Doja Cat
2022,9,1,171,Callaita,"Bad Bunny, Tainy"
2022,9,1,172,Wait a Minute!,WILLOW
2022,9,1,173,After Dark,Mr.Kitty
2022,9,1,174,More Than My Hometown,Morgan Wallen
2022,9,1,175,DÁKITI,"Bad Bunny, Jhayco"
2022,9,1,176,Sand In My Boots,Morgan Wallen
2022,9,1,177,Dandelions,Ruth B.
2022,9,1,178,Broadway Girls (feat. Morgan Wallen),"Lil Durk, Morgan Wallen"
2022,9,1,179,HOTEL LOBBY (Unc & Phew),"Quavo, Takeoff"
2022,9,1,180,29,Demi Lovato
2022,9,1,181,Sky,Playboi Carti
2022,9,1,182,NEW MAGIC WAND,"Tyler, The Creator"
2022,9,1,183,Pink + White,Frank Ocean
2022,9,1,184,NO SECRET (feat. Drake),"DJ Khaled, Drake"
2022,9,1,185,"...And to Those I Love, Thanks for Sticking Around",$uicideboy$
2022,9,1,186,Un Coco,Bad Bunny
2022,9,1,187,Buy Dirt,"Jordan Davis, Luke Bryan"
2022,9,1,188,drivers license,Olivia Rodrigo
2022,9,1,189,Satellite,Harry Styles
2022,9,1,190,THATS WHAT I WANT,Lil Nas X
2022,9,1,191,Everlong,Foo Fighters
2022,9,1,192,Sparks,Coldplay
2022,9,1,193,Antarctica,$uicideboy$
2022,9,1,194,Daddy Issues,The Neighbourhood
2022,9,1,195,The Night We Met,Lord Huron
2022,9,1,196,Cruel Summer,Taylor Swift
2022,9,1,197,Smells Like Teen Spirit,Nirvana
2022,9,1,198,Don't Stop Believin',Journey
2022,9,1,199,Son Of A Sinner,Jelly Roll
2022,9,1,200,Cover Me Up,Morgan Wallen
2022,10,1,1,Unholy (feat. Kim Petras),"Sam Smith, Kim Petras"
2022,10,1,2,Bad Habit,Steve Lacy
2022,10,1,3,Tití Me Preguntó,Bad Bunny
2022,10,1,4,As It Was,Harry Styles
2022,10,1,5,Romantic Homicide,d4vd
2022,10,1,6,Me Porto Bonito,"Bad Bunny, Chencho Corleone"
2022,10,1,7,Super Freaky Girl,Nicki Minaj
2022,10,1,8,Something in the Orange,Zach Bryan
2022,10,1,9,I'm Good (Blue),"David Guetta, Bebe Rexha"
2022,10,1,10,Jimmy Cooks (feat. 21 Savage),"Drake, 21 Savage"
2022,10,1,11,I Ain't Worried,OneRepublic
2022,10,1,12,Evergreen (You Didn’t Deserve Me At All),Omar Apollo
2022,10,1,13,I Like You (A Happier Song) (with Doja Cat),"Post Malone, Doja Cat"
2022,10,1,14,Die For You,The Weeknd
2022,10,1,15,Sweater Weather,The Neighbourhood
2022,10,1,16,Dark Red,Steve Lacy
2022,10,1,17,Glimpse of Us,Joji
2022,10,1,18,golden hour,JVKE
2022,10,1,19,Efecto,Bad Bunny
2022,10,1,20,You Proof,Morgan Wallen
2022,10,1,21,WAIT FOR U (feat. Drake & Tems),"Future, Drake, Tems"
2022,10,1,22,Vegas (From the Original Motion Picture Soundtrack ELVIS),Doja Cat
2022,10,1,23,No Role Modelz,J. Cole
2022,10,1,24,CUFF IT,Beyoncé
2022,10,1,25,Late Night Talking,Harry Styles
2022,10,1,26,Static,Steve Lacy
2022,10,1,27,Under The Influence,Chris Brown
2022,10,1,28,Heat Waves,Glass Animals
2022,10,1,29,Bound 2,Kanye West
2022,10,1,30,STAR WALKIN' (League of Legends Worlds Anthem),Lil Nas X
2022,10,1,31,Moscow Mule,Bad Bunny
2022,10,1,32,The Kind of Love We Make,Luke Combs
2022,10,1,33,About Damn Time,Lizzo
2022,10,1,34,505,Arctic Monkeys
2022,10,1,35,Sunroof,"Nicky Youre, dazy"
2022,10,1,36,Until I Found You,Stephen Sanchez
2022,10,1,37,Ojitos Lindos,"Bad Bunny, Bomba Estéreo"
2022,10,1,38,Wasted On You,Morgan Wallen
2022,10,1,39,Betty (Get Money),Yung Gravy
2022,10,1,40,Neverita,Bad Bunny
2022,10,1,41,Rock and A Hard Place,Bailey Zimmerman
2022,10,1,42,Running Up That Hill (A Deal With God),Kate Bush
2022,10,1,43,Shut Down,BLACKPINK
2022,10,1,44,STAY (with Justin Bieber),"The Kid LAROI, Justin Bieber"
2022,10,1,45,Heartless,Kanye West
2022,10,1,46,BILLIE EILISH.,Armani White
2022,10,1,47,First Class,Jack Harlow
2022,10,1,48,family ties (with Kendrick Lamar),"Baby Keem, Kendrick Lamar"
2022,10,1,49,Me and Your Mama,Childish Gambino
2022,10,1,50,Mary On A Cross,Ghost
2022,10,1,51,Apocalypse,Cigarettes After Sex
2022,10,1,52,NO SE VA - EN VIVO,Grupo Frontera
2022,10,1,53,She Had Me At Heads Carolina,Cole Swindell
2022,10,1,54,Talk,Yeat
2022,10,1,55,"Quevedo: Bzrp Music Sessions, Vol. 52","Bizarrap, Quevedo"
2022,10,1,56,Party,"Bad Bunny, Rauw Alejandro"
2022,10,1,57,Flashing Lights,"Kanye West, Dwele"
2022,10,1,58,Money Trees,"Kendrick Lamar, Jay Rock"
2022,10,1,59,Dah Dah DahDah,Nardo Wick
2022,10,1,60,La Bachata,Manuel Turizo
2022,10,1,61,Tomorrow 2 (with Cardi B),"GloRilla, Cardi B"
2022,10,1,62,we fell in love in october,girl in red
2022,10,1,63,Gangsta's Paradise,"Coolio, L.V."
2022,10,1,64,Knife Talk (with 21 Savage ft. Project Pat),"Drake, 21 Savage, Project Pat"
2022,10,1,65,HONEST,Baby Keem
2022,10,1,66,Después de la Playa,Bad Bunny
2022,10,1,67,Whiskey Glasses,Morgan Wallen
2022,10,1,68,This Is Why,Paramore
2022,10,1,69,Stargirl Interlude,"The Weeknd, Lana Del Rey"
2022,10,1,70,Shut up My Moms Calling,Hotel Ugly
2022,10,1,71,PROVENZA,KAROL G
2022,10,1,72,See You Again (feat. Kali Uchis),"Tyler, The Creator, Kali Uchis"
2022,10,1,73,I Love You So,The Walters
2022,10,1,74,I Was Never There,"The Weeknd, Gesaffelstein"
2022,10,1,75,The Color Violet,Tory Lanez
2022,10,1,76,Hotel,Montell Fish
2022,10,1,77,uh oh,Tate McRae
2022,10,1,78,The Hills,The Weeknd
2022,10,1,79,Tarot,"Bad Bunny, Jhayco"
2022,10,1,80,Starboy,"The Weeknd, Daft Punk"
2022,10,1,81,LA CANCIÓN,"J Balvin, Bad Bunny"
2022,10,1,82,Wants and Needs (feat. Lil Baby),"Drake, Lil Baby"
2022,10,1,83,"Sex, Drugs, Etc.",Beach Weather
2022,10,1,84,I Really Want to Stay at Your House,"Rosa Walton, Hallie Coggins"
2022,10,1,85,La Corriente,"Bad Bunny, Tony Dize"
2022,10,1,86,Bones,Imagine Dragons
2022,10,1,87,Mr. Brightside,The Killers
2022,10,1,88,Wet Dreamz,J. Cole
2022,10,1,89,Everybody Wants To Rule The World,Tears For Fears
2022,10,1,90,Hold Me Closer,"Elton John, Britney Spears"
2022,10,1,91,Freestyle,Lil Baby
2022,10,1,92,DESPECHÁ,ROSALÍA
2022,10,1,93,SLOW DANCING IN THE DARK,Joji
2022,10,1,94,Blinding Lights,The Weeknd
2022,10,1,95,Call Out My Name,The Weeknd
2022,10,1,96,2 Be Loved (Am I Ready),Lizzo
2022,10,1,97,Ghost,Justin Bieber
2022,10,1,98,Sunflower - Spider-Man: Into the Spider-Verse,"Post Malone, Swae Lee"
2022,10,1,99,Stick Season,Noah Kahan
2022,10,1,100,Left and Right (Feat. Jung Kook of BTS),"Charlie Puth, Jung Kook, BTS"
2022,10,1,101,Drip Too Hard (Lil Baby & Gunna),"Lil Baby, Gunna"
2022,10,1,102,I Wanna Be Yours,Arctic Monkeys
2022,10,1,103,Redbone,Childish Gambino
2022,10,1,104,20 Min,Lil Uzi Vert
2022,10,1,105,90 Proof (with J. Cole),"Smino, J. Cole"
2022,10,1,106,World's Smallest Violin,AJR
2022,10,1,107,Lost,Frank Ocean
2022,10,1,108,Calm Down (with Selena Gomez),"Rema, Selena Gomez"
2022,10,1,109,Pink Venom,BLACKPINK
2022,10,1,110,All Girls Are The Same,Juice WRLD
2022,10,1,111,PUFFIN ON ZOOTIEZ,Future
2022,10,1,112,Novacane,Frank Ocean
2022,10,1,113,INDUSTRY BABY (feat. Jack Harlow),"Lil Nas X, Jack Harlow"
2022,10,1,114,Yes Indeed,"Lil Baby, Drake"
2022,10,1,115,SNAP,Rosa Linn
2022,10,1,116,good 4 u,Olivia Rodrigo
2022,10,1,117,Revenge,XXXTENTACION
2022,10,1,118,Lucid Dreams,Juice WRLD
2022,10,1,119,Pink + White,Frank Ocean
2022,10,1,120,Space Song,Beach House
2022,10,1,121,Father Stretch My Hands Pt. 1,Kanye West
2022,10,1,122,Happier Than Ever,Billie Eilish
2022,10,1,123,STAYING ALIVE (feat. Drake & Lil Baby),"DJ Khaled, Drake, Lil Baby"
2022,10,1,124,Tennessee Whiskey,Chris Stapleton
2022,10,1,125,Don’t Blame Me,Taylor Swift
2022,10,1,126,Chasin' You,Morgan Wallen
2022,10,1,127,Thought You Should Know,Morgan Wallen
2022,10,1,128,Ni**as In Paris,"JAY-Z, Kanye West"
2022,10,1,129,LOVE. FEAT. ZACARI.,"Kendrick Lamar, Zacari"
2022,10,1,130,GATÚBELA,"KAROL G, Maldy"
2022,10,1,131,Everlong,Foo Fighters
2022,10,1,132,Circles,Post Malone
2022,10,1,133,Sparks,Coldplay
2022,10,1,134,Another Love,Tom Odell
2022,10,1,135,Woman,Doja Cat
2022,10,1,136,YKWIM?,Yot Club
2022,10,1,137,5 Foot 9,Tyler Hubbard
2022,10,1,138,Dreams - 2004 Remaster,Fleetwood Mac
2022,10,1,139,Daddy Issues,The Neighbourhood
2022,10,1,140,The Night We Met,Lord Huron
2022,10,1,141,Lovers Rock,TV Girl
2022,10,1,142,The Spins,"Mac Miller, Empire of the Sun"
2022,10,1,143,All Too Well (10 Minute Version) (Taylor's Version) (From The Vault),Taylor Swift
2022,10,1,144,After Dark,Mr.Kitty
2022,10,1,145,It Was A Good Day,Ice Cube
2022,10,1,146,Love Sosa,Chief Keef
2022,10,1,147,Save Your Tears,The Weeknd
2022,10,1,148,Numb,"Marshmello, Khalid"
2022,10,1,149,ALL MINE,Brent Faiyaz
2022,10,1,150,BREAK MY SOUL,Beyoncé
2022,10,1,151,I Wonder,Kanye West
2022,10,1,152,traitor,Olivia Rodrigo
2022,10,1,153,More Than My Hometown,Morgan Wallen
2022,10,1,154,Super Gremlin,Kodak Black
2022,10,1,155,august,Taylor Swift
2022,10,1,156,Pursuit Of Happiness (Nightmare),"Kid Cudi, MGMT, Ratatat"
2022,10,1,157,Fall In Love,Bailey Zimmerman
2022,10,1,158,Freaks,Surf Curse
2022,10,1,159,Flawlëss (feat. Lil Uzi Vert),"Yeat, Lil Uzi Vert"
2022,10,1,160,Buy Dirt,"Jordan Davis, Luke Bryan"
2022,10,1,161,Dandelions,Ruth B.
2022,10,1,162,Clouded,Brent Faiyaz
2022,10,1,163,HUMBLE.,Kendrick Lamar
2022,10,1,164,Cover Me Up,Morgan Wallen
2022,10,1,165,Pure Cocaine,Lil Baby
2022,10,1,166,"...And to Those I Love, Thanks for Sticking Around",$uicideboy$
2022,10,1,167,Un Ratito,Bad Bunny
2022,10,1,168,Feathered Indians,Tyler Childers
2022,10,1,169,Antarctica,$uicideboy$
2022,10,1,170,Sand In My Boots,Morgan Wallen
2022,10,1,171,All Your'n,Tyler Childers
2022,10,1,172,MIDDLE CHILD,J. Cole
2022,10,1,173,Smells Like Teen Spirit,Nirvana
2022,10,1,174,Matilda,Harry Styles
2022,10,1,175,What My World Spins Around,Jordan Davis
2022,10,1,176,ORANGE SODA,Baby Keem
2022,10,1,177,Levitating (feat. DaBaby),"Dua Lipa, DaBaby"
2022,10,1,178,ARE WE STILL FRIENDS?,"Tyler, The Creator"
2022,10,1,179,NEW MAGIC WAND,"Tyler, The Creator"
2022,10,1,180,2055,Sleepy Hallow
2022,10,1,181,La Curiosidad,"Ivan Cornejo, Eslabon Armado"
2022,10,1,182,Heather,Conan Gray
2022,10,1,183,Kiss Me More (feat. SZA),"Doja Cat, SZA"
2022,10,1,184,Tennessee Orange,Megan Moroney
2022,10,1,185,ball w/o you,21 Savage
2022,10,1,186,Stop Breathing,Roddy Ricch
2022,10,1,187,Whiskey On You,Nate Smith
2022,10,1,188,Shivers,Ed Sheeran
2022,10,1,189,Cold Heart - PNAU Remix,"Elton John, Dua Lipa, PNAU"
2022,10,1,190,Star Shopping,Lil Peep
2022,10,1,191,Boyfriend,Dove Cameron
2022,10,1,192,J.,Ivan Cornejo
2022,10,1,193,RAPSTAR,Polo G
2022,10,1,194,PRIDE.,Kendrick Lamar
2022,10,1,195,deja vu,Olivia Rodrigo
2022,10,1,196,The Real Slim Shady,Eminem
2022,10,1,197,Watermelon Sugar,Harry Styles
2022,10,1,198,Why'd You Only Call Me When You're High?,Arctic Monkeys
2022,10,1,199,DÁKITI,"Bad Bunny, Jhayco"
2022,10,1,200,Good Days,SZA
2022,11,1,1,Anti-Hero,Taylor Swift
2022,11,1,2,Lavender Haze,Taylor Swift
2022,11,1,3,Midnight Rain,Taylor Swift
2022,11,1,4,Maroon,Taylor Swift
2022,11,1,5,Karma,Taylor Swift
2022,11,1,6,"You're On Your Own, Kid",Taylor Swift
2022,11,1,7,Snow On The Beach (feat. Lana Del Rey),"Taylor Swift, Lana Del Rey"
2022,11,1,8,Bejeweled,Taylor Swift
2022,11,1,9,Unholy (feat. Kim Petras),"Sam Smith, Kim Petras"
2022,11,1,10,Vigilante Shit,Taylor Swift
2022,11,1,11,Question...?,Taylor Swift
2022,11,1,12,Bad Habit,Steve Lacy
2022,11,1,13,Mastermind,Taylor Swift
2022,11,1,14,Shirt,SZA
2022,11,1,15,Labyrinth,Taylor Swift
2022,11,1,16,Sweet Nothing,Taylor Swift
2022,11,1,17,Lift Me Up - From Black Panther: Wakanda Forever - Music From and Inspired By,Rihanna
2022,11,1,18,Romantic Homicide,d4vd
2022,11,1,19,"Would've, Could've, Should've",Taylor Swift
2022,11,1,20,As It Was,Harry Styles
2022,11,1,21,In My Head,Juice WRLD
2022,11,1,22,golden hour,JVKE
2022,11,1,23,Just Wanna Rock,Lil Uzi Vert
2022,11,1,24,The Great War,Taylor Swift
2022,11,1,25,Something in the Orange,Zach Bryan
2022,11,1,26,Tití Me Preguntó,Bad Bunny
2022,11,1,27,Bigger Than The Whole Sky,Taylor Swift
2022,11,1,28,Die For You,The Weeknd
2022,11,1,29,Paris,Taylor Swift
2022,11,1,30,Jimmy Cooks (feat. 21 Savage),"Drake, 21 Savage"
2022,11,1,31,Me Porto Bonito,"Bad Bunny, Chencho Corleone"
2022,11,1,32,High Infidelity,Taylor Swift
2022,11,1,33,Made You Look,Meghan Trainor
2022,11,1,34,I'm Good (Blue),"David Guetta, Bebe Rexha"
2022,11,1,35,Sweater Weather,The Neighbourhood
2022,11,1,36,Dark Red,Steve Lacy
2022,11,1,37,Glitch,Taylor Swift
2022,11,1,38,I Ain't Worried,OneRepublic
2022,11,1,39,Under The Influence,Chris Brown
2022,11,1,40,Super Freaky Girl,Nicki Minaj
2022,11,1,41,WAIT FOR U (feat. Drake & Tems),"Future, Drake, Tems"
2022,11,1,42,You Proof,Morgan Wallen
2022,11,1,43,Monster Mash,"Bobby ""Boris"" Pickett, The Crypt-Kickers"
2022,11,1,44,Dear Reader,Taylor Swift
2022,11,1,45,CUFF IT,Beyoncé
2022,11,1,46,I Like You (A Happier Song) (with Doja Cat),"Post Malone, Doja Cat"
2022,11,1,47,No Role Modelz,J. Cole
2022,11,1,48,This Is Halloween,The Citizens of Halloween
2022,11,1,49,Glimpse of Us,Joji
2022,11,1,50,Until I Found You,Stephen Sanchez
2022,11,1,51,Evergreen (You Didn’t Deserve Me At All),Omar Apollo
2022,11,1,52,Bones,Imagine Dragons
2022,11,1,53,Ghostbusters,Ray Parker Jr.
2022,11,1,54,Efecto,Bad Bunny
2022,11,1,55,Static,Steve Lacy
2022,11,1,56,Poland,Lil Yachty
2022,11,1,57,Vegas (From the Original Motion Picture Soundtrack ELVIS),Doja Cat
2022,11,1,58,Late Night Talking,Harry Styles
2022,11,1,59,Heat Waves,Glass Animals
2022,11,1,60,family ties (with Kendrick Lamar),"Baby Keem, Kendrick Lamar"
2022,11,1,61,Wasted On You,Morgan Wallen
2022,11,1,62,The Kind of Love We Make,Luke Combs
2022,11,1,63,505,Arctic Monkeys
2022,11,1,64,La Bachata,Manuel Turizo
2022,11,1,65,Miss You - Bonus Track,"Oliver Tree, Robin Schulz"
2022,11,1,66,Stick Season,Noah Kahan
2022,11,1,67,Bound 2,Kanye West
2022,11,1,68,Blinding Lights,The Weeknd
2022,11,1,69,Shut up My Moms Calling,Hotel Ugly
2022,11,1,70,Thriller,Michael Jackson
2022,11,1,71,Rock and A Hard Place,Bailey Zimmerman
2022,11,1,72,About Damn Time,Lizzo
2022,11,1,73,Heartless,Kanye West
2022,11,1,74,NO SE VA - EN VIVO,Grupo Frontera
2022,11,1,75,Running Up That Hill (A Deal With God),Kate Bush
2022,11,1,76,Tomorrow 2 (with Cardi B),"GloRilla, Cardi B"
2022,11,1,77,"Spooky, Scary Skeletons - Undead Tombstone Remix",Andrew Gold
2022,11,1,78,Mary On A Cross,Ghost
2022,11,1,79,Money Trees,"Kendrick Lamar, Jay Rock"
2022,11,1,80,Sunroof,"Nicky Youre, dazy"
2022,11,1,81,Moscow Mule,Bad Bunny
2022,11,1,82,Stargirl Interlude,"The Weeknd, Lana Del Rey"
2022,11,1,83,Disturbia,Rihanna
2022,11,1,84,Freestyle,Lil Baby
2022,11,1,85,Flashing Lights,"Kanye West, Dwele"
2022,11,1,86,HONEST,Baby Keem
2022,11,1,87,Knife Talk (with 21 Savage ft. Project Pat),"Drake, 21 Savage, Project Pat"
2022,11,1,88,Bye Bye,"Marshmello, Juice WRLD"
2022,11,1,89,Monotonía,"Shakira, Ozuna"
2022,11,1,90,Wet Dreamz,J. Cole
2022,11,1,91,STAY (with Justin Bieber),"The Kid LAROI, Justin Bieber"
2022,11,1,92,BILLIE EILISH.,Armani White
2022,11,1,93,California Breeze,Lil Baby
2022,11,1,94,Ojitos Lindos,"Bad Bunny, Bomba Estéreo"
2022,11,1,95,The Color Violet,Tory Lanez
2022,11,1,96,Me and Your Mama,Childish Gambino
2022,11,1,97,Apocalypse,Cigarettes After Sex
2022,11,1,98,"Sex, Drugs, Etc.",Beach Weather
2022,11,1,99,Clouded,Brent Faiyaz
2022,11,1,100,Revenge,XXXTENTACION
2022,11,1,101,See You Again (feat. Kali Uchis),"Tyler, The Creator, Kali Uchis"
2022,11,1,102,Calm Down (with Selena Gomez),"Rema, Selena Gomez"
2022,11,1,103,Pink + White,Frank Ocean
2022,11,1,104,Wants and Needs (feat. Lil Baby),"Drake, Lil Baby"
2022,11,1,105,I Wanna Be Yours,Arctic Monkeys
2022,11,1,106,"Quevedo: Bzrp Music Sessions, Vol. 52","Bizarrap, Quevedo"
2022,11,1,107,Another Love,Tom Odell
2022,11,1,108,Neverita,Bad Bunny
2022,11,1,109,Betty (Get Money),Yung Gravy
2022,11,1,110,Drip Too Hard (Lil Baby & Gunna),"Lil Baby, Gunna"
2022,11,1,111,Somebody's Watching Me - Single Version,Rockwell
2022,11,1,112,STAR WALKIN' (League of Legends Worlds Anthem),Lil Nas X
2022,11,1,113,Starboy,"The Weeknd, Daft Punk"
2022,11,1,114,The Hills,The Weeknd
2022,11,1,115,Thriller - 2003 Edit,Michael Jackson
2022,11,1,116,I Love You So,The Walters
2022,11,1,117,Yes Indeed,"Lil Baby, Drake"
2022,11,1,118,Whiskey Glasses,Morgan Wallen
2022,11,1,119,we fell in love in october,girl in red
2022,11,1,120,HOTEL LOBBY (Unc & Phew),"Quavo, Takeoff"
2022,11,1,121,Gilded Lily,Cults
2022,11,1,122,I Was Never There,"The Weeknd, Gesaffelstein"
2022,11,1,123,The Astronaut,JIN
2022,11,1,124,Don’t Blame Me,Taylor Swift
2022,11,1,125,TV,Billie Eilish
2022,11,1,126,Solo,Future
2022,11,1,127,LA CANCIÓN,"J Balvin, Bad Bunny"
2022,11,1,128,Mr. Brightside,The Killers
2022,11,1,129,She Had Me At Heads Carolina,Cole Swindell
2022,11,1,130,Sunflower - Spider-Man: Into the Spider-Verse,"Post Malone, Swae Lee"
2022,11,1,131,Here With Me,d4vd
2022,11,1,132,First Class,Jack Harlow
2022,11,1,133,20 Min,Lil Uzi Vert
2022,11,1,134,PROVENZA,KAROL G
2022,11,1,135,Party,"Bad Bunny, Rauw Alejandro"
2022,11,1,136,Call Out My Name,The Weeknd
2022,11,1,137,PUFFIN ON ZOOTIEZ,Future
2022,11,1,138,Lucid Dreams,Juice WRLD
2022,11,1,139,OOGA BOOGA!,Ski Mask The Slump God
2022,11,1,140,ALL MINE,Brent Faiyaz
2022,11,1,141,All Girls Are The Same,Juice WRLD
2022,11,1,142,Everybody Wants To Rule The World,Tears For Fears
2022,11,1,143,Don't,Bryson Tiller
2022,11,1,144,Toxic,Britney Spears
2022,11,1,145,bank account (with Lil Uzi Vert),"Baby Keem, Lil Uzi Vert"
2022,11,1,146,Pure Cocaine,Lil Baby
2022,11,1,147,SLOW DANCING IN THE DARK,Joji
2022,11,1,148,Ain't Safe (feat. Don Toliver),"Trippie Redd, Don Toliver"
2022,11,1,149,All I Want for Christmas Is You,Mariah Carey
2022,11,1,150,5 Foot 9,Tyler Hubbard
2022,11,1,151,Talk,Yeat
2022,11,1,152,KICK BACK,Kenshi Yonezu
2022,11,1,153,Left and Right (Feat. Jung Kook of BTS),"Charlie Puth, Jung Kook, BTS"
2022,11,1,154,Chasin' You,Morgan Wallen
2022,11,1,155,Sparks,Coldplay
2022,11,1,156,Ni**as In Paris,"JAY-Z, Kanye West"
2022,11,1,157,rises the moon,Liana Flores
2022,11,1,158,ball w/o you,21 Savage
2022,11,1,159,LOVE. FEAT. ZACARI.,"Kendrick Lamar, Zacari"
2022,11,1,160,Everlong,Foo Fighters
2022,11,1,161,Father Stretch My Hands Pt. 1,Kanye West
2022,11,1,162,ORANGE SODA,Baby Keem
2022,11,1,163,Thought You Should Know,Morgan Wallen
2022,11,1,164,Love Sosa,Chief Keef
2022,11,1,165,Fall In Love,Bailey Zimmerman
2022,11,1,166,DESPECHÁ,ROSALÍA
2022,11,1,167,Sweet Dreams (Are Made of This) - Remastered,"Eurythmics, Annie Lennox, Dave Stewart"
2022,11,1,168,SNAP,Rosa Linn
2022,11,1,169,Not Finished,Lil Baby
2022,11,1,170,Dah Dah DahDah,Nardo Wick
2022,11,1,171,Bag Talk,Polo G
2022,11,1,172,The Night We Met,Lord Huron
2022,11,1,173,It Was A Good Day,Ice Cube
2022,11,1,174,Ric Flair Drip (with Metro Boomin),"Offset, Metro Boomin"
2022,11,1,175,Super Gremlin,Kodak Black
2022,11,1,176,All Your'n,Tyler Childers
2022,11,1,177,Space Song,Beach House
2022,11,1,178,Lost,Frank Ocean
2022,11,1,179,Circles,Post Malone
2022,11,1,180,I Wonder,Kanye West
2022,11,1,181,GATÚBELA,"KAROL G, Maldy"
2022,11,1,182,Redbone,Childish Gambino
2022,11,1,183,MIDDLE CHILD,J. Cole
2022,11,1,184,Tennessee Whiskey,Chris Stapleton
2022,11,1,185,Save Your Tears,The Weeknd
2022,11,1,186,After Dark,Mr.Kitty
2022,11,1,187,(Don't Fear) The Reaper,Blue Öyster Cult
2022,11,1,188,HUMBLE.,Kendrick Lamar
2022,11,1,189,2 Be Loved (Am I Ready),Lizzo
2022,11,1,190,INDUSTRY BABY (feat. Jack Harlow),"Lil Nas X, Jack Harlow"
2022,11,1,191,Super Freak,Rick James
2022,11,1,192,The Grinch,Trippie Redd
2022,11,1,193,When I Was Your Man,Bruno Mars
2022,11,1,194,The Spins,"Mac Miller, Empire of the Sun"
2022,11,1,195,YKWIM?,Yot Club
2022,11,1,196,La Curiosidad,"Ivan Cornejo, Eslabon Armado"
2022,11,1,197,a lot,21 Savage
2022,11,1,198,Pursuit Of Happiness (Nightmare),"Kid Cudi, MGMT, Ratatat"
2022,11,1,199,Novacane,Frank Ocean
2022,11,1,200,Daddy Issues,The Neighbourhood
2022,12,1,1,Rich Flex,"Drake, 21 Savage"
2022,12,1,2,Rockin' Around The Christmas Tree,Brenda Lee
2022,12,1,3,Anti-Hero,Taylor Swift
2022,12,1,4,All I Want for Christmas Is You,Mariah Carey
2022,12,1,5,Bad Habit,Steve Lacy
2022,12,1,6,Jingle Bell Rock,Bobby Helms
2022,12,1,7,Unholy (feat. Kim Petras),"Sam Smith, Kim Petras"
2022,12,1,8,Just Wanna Rock,Lil Uzi Vert
2022,12,1,9,It's the Most Wonderful Time of the Year,Andy Williams
2022,12,1,10,Last Christmas,Wham!
2022,12,1,11,Romantic Homicide,d4vd
2022,12,1,12,It's Beginning to Look a Lot like Christmas,Michael Bublé
2022,12,1,13,A Holly Jolly Christmas,Burl Ives
2022,12,1,14,golden hour,JVKE
2022,12,1,15,Lavender Haze,Taylor Swift
2022,12,1,16,Midnight Rain,Taylor Swift
2022,12,1,17,Let It Snow! Let It Snow! Let It Snow!,Dean Martin
2022,12,1,18,As It Was,Harry Styles
2022,12,1,19,Die For You,The Weeknd
2022,12,1,20,Something in the Orange,Zach Bryan
2022,12,1,21,Santa Tell Me,Ariana Grande
2022,12,1,22,Jimmy Cooks (feat. 21 Savage),"Drake, 21 Savage"
2022,12,1,23,White Christmas - 1947 Version,"Bing Crosby, Ken Darby Singers, John Scott Trotter & His Orchestra"
2022,12,1,24,Maroon,Taylor Swift
2022,12,1,25,Pussy & Millions (feat. Travis Scott),"Drake, 21 Savage, Travis Scott"
2022,12,1,26,Karma,Taylor Swift
2022,12,1,27,Tití Me Preguntó,Bad Bunny
2022,12,1,28,"You're On Your Own, Kid",Taylor Swift
2022,12,1,29,Feliz Navidad,José Feliciano
2022,12,1,30,The Christmas Song (Merry Christmas To You),Nat King Cole
2022,12,1,31,Underneath the Tree,Kelly Clarkson
2022,12,1,32,Bejeweled,Taylor Swift
2022,12,1,33,Sweater Weather,The Neighbourhood
2022,12,1,34,Holly Jolly Christmas,Michael Bublé
2022,12,1,35,Me Porto Bonito,"Bad Bunny, Chencho Corleone"
2022,12,1,36,You Proof,Morgan Wallen
2022,12,1,37,Sleigh Ride,The Ronettes
2022,12,1,38,Major Distribution,"Drake, 21 Savage"
2022,12,1,39,No Role Modelz,J. Cole
2022,12,1,40,Snow On The Beach (feat. Lana Del Rey),"Taylor Swift, Lana Del Rey"
2022,12,1,41,On BS,"Drake, 21 Savage"
2022,12,1,42,Made You Look,Meghan Trainor
2022,12,1,43,Dark Red,Steve Lacy
2022,12,1,44,Shirt,SZA
2022,12,1,45,I'm Good (Blue),"David Guetta, Bebe Rexha"
2022,12,1,46,I Ain't Worried,OneRepublic
2022,12,1,47,It's Beginning to Look a Lot Like Christmas (with Mitchell Ayres & His Orchestra),"Perry Como, The Fontane Sisters, Mitchell Ayres & His Orchestra"
2022,12,1,48,WAIT FOR U (feat. Drake & Tems),"Future, Drake, Tems"
2022,12,1,49,Vigilante Shit,Taylor Swift
2022,12,1,50,Glimpse of Us,Joji
2022,12,1,51,Under The Influence,Chris Brown
2022,12,1,52,Here With Me,d4vd
2022,12,1,53,Die For You,Joji
2022,12,1,54,Spin Bout U,"Drake, 21 Savage"
2022,12,1,55,Christmas (Baby Please Come Home),Darlene Love
2022,12,1,56,Wasted On You,Morgan Wallen
2022,12,1,57,Question...?,Taylor Swift
2022,12,1,58,I Like You (A Happier Song) (with Doja Cat),"Post Malone, Doja Cat"
2022,12,1,59,Carol of the Bells,"Mykola Dmytrovych Leontovych, John Williams"
2022,12,1,60,Blue Christmas,Elvis Presley
2022,12,1,61,Mistletoe,Justin Bieber
2022,12,1,62,Shut up My Moms Calling,Hotel Ugly
2022,12,1,63,Little Saint Nick - 1991 Remix,The Beach Boys
2022,12,1,64,CUFF IT,Beyoncé
2022,12,1,65,Circo Loco,"Drake, 21 Savage"
2022,12,1,66,Mastermind,Taylor Swift
2022,12,1,67,Heat Waves,Glass Animals
2022,12,1,68,505,Arctic Monkeys
2022,12,1,69,Until I Found You,Stephen Sanchez
2022,12,1,70,Jingle Bells - Remastered 1999,Frank Sinatra
2022,12,1,71,Run Rudolph Run,Chuck Berry
2022,12,1,72,The Color Violet,Tory Lanez
2022,12,1,73,Efecto,Bad Bunny
2022,12,1,74,Christmas Time Is Here,Vince Guaraldi Trio
2022,12,1,75,family ties (with Kendrick Lamar),"Baby Keem, Kendrick Lamar"
2022,12,1,76,Rock and A Hard Place,Bailey Zimmerman
2022,12,1,77,HOTEL LOBBY (Unc & Phew),"Quavo, Takeoff"
2022,12,1,78,Deck The Halls,Nat King Cole
2022,12,1,79,Winter Wonderland - Remastered,Bing Crosby
2022,12,1,80,Super Freaky Girl,Nicki Minaj
2022,12,1,81,Santa Baby (with Henri René & His Orchestra),"Eartha Kitt, Henri René and His Orchestra"
2022,12,1,82,Stick Season,Noah Kahan
2022,12,1,83,Santa Claus Is Coming To Town,The Jackson 5
2022,12,1,84,"Would've, Could've, Should've",Taylor Swift
2022,12,1,85,Broke Boys,"Drake, 21 Savage"
2022,12,1,86,Evergreen (You Didn’t Deserve Me At All),Omar Apollo
2022,12,1,87,La Bachata,Manuel Turizo
2022,12,1,88,Let It Snow! Let It Snow! Let It Snow! (with The B. Swanson Quartet),"Frank Sinatra, B. Swanson Quartet"
2022,12,1,89,Late Night Talking,Harry Styles
2022,12,1,90,Bound 2,Kanye West
2022,12,1,91,Happy Holiday / The Holiday Season,Andy Williams
2022,12,1,92,Labyrinth,Taylor Swift
2022,12,1,93,Privileged Rappers,"Drake, 21 Savage"
2022,12,1,94,Sweet Nothing,Taylor Swift
2022,12,1,95,Wonderful Christmastime - Edited Version / Remastered 2011,Paul McCartney
2022,12,1,96,Have Yourself A Merry Little Christmas - Remastered 1999,Frank Sinatra
2022,12,1,97,Stargirl Interlude,"The Weeknd, Lana Del Rey"
2022,12,1,98,Christmas (Baby Please Come Home),Mariah Carey
2022,12,1,99,Vegas (From the Original Motion Picture Soundtrack ELVIS),Doja Cat
2022,12,1,100,"Merry Christmas, Happy Holidays",*NSYNC
2022,12,1,101,Heartless,Kanye West
2022,12,1,102,Miss You - Bonus Track,"Oliver Tree, Robin Schulz"
2022,12,1,103,Mele Kalikimaka - Single Version,"Bing Crosby, The Andrews Sisters"
2022,12,1,104,SPIT IN MY FACE!,ThxSoMch
2022,12,1,105,Money Trees,"Kendrick Lamar, Jay Rock"
2022,12,1,106,Lift Me Up - From Black Panther: Wakanda Forever - Music From and Inspired By,Rihanna
2022,12,1,107,The Kind of Love We Make,Luke Combs
2022,12,1,108,Static,Steve Lacy
2022,12,1,109,Apocalypse,Cigarettes After Sex
2022,12,1,110,ALL MINE,Brent Faiyaz
2022,12,1,111,Space Song,Beach House
2022,12,1,112,Wet Dreamz,J. Cole
2022,12,1,113,"Santa Claus Is Comin' to Town - Live at C.W. Post College, Greenvale, NY - December 1975",Bruce Springsteen
2022,12,1,114,Revenge,XXXTENTACION
2022,12,1,115,I Wanna Be Yours,Arctic Monkeys
2022,12,1,116,Freestyle,Lil Baby
2022,12,1,117,Me and Your Mama,Childish Gambino
2022,12,1,118,Bones,Imagine Dragons
2022,12,1,119,The Great War,Taylor Swift
2022,12,1,120,NO SE VA - EN VIVO,Grupo Frontera
2022,12,1,121,HONEST,Baby Keem
2022,12,1,122,STAY (with Justin Bieber),"The Kid LAROI, Justin Bieber"
2022,12,1,123,Tomorrow 2 (with Cardi B),"GloRilla, Cardi B"
2022,12,1,124,Pink + White,Frank Ocean
2022,12,1,125,See You Again (feat. Kali Uchis),"Tyler, The Creator, Kali Uchis"
2022,12,1,126,Limbo,Freddie Dredd
2022,12,1,127,About Damn Time,Lizzo
2022,12,1,128,Ojitos Lindos,"Bad Bunny, Bomba Estéreo"
2022,12,1,129,Moscow Mule,Bad Bunny
2022,12,1,130,Knife Talk (with 21 Savage ft. Project Pat),"Drake, 21 Savage, Project Pat"
2022,12,1,131,Flashing Lights,"Kanye West, Dwele"
2022,12,1,132,All Girls Are The Same,Juice WRLD
2022,12,1,133,Rudolph The Red-Nosed Reindeer,Burl Ives
2022,12,1,134,I Love You So,The Walters
2022,12,1,135,"Baby, It's Cold Outside",Dean Martin
2022,12,1,136,Joy To The World,Nat King Cole
2022,12,1,137,Thought You Should Know,Morgan Wallen
2022,12,1,138,BackOutsideBoyz,Drake
2022,12,1,139,The Hills,The Weeknd
2022,12,1,140,Drip Too Hard (Lil Baby & Gunna),"Lil Baby, Gunna"
2022,12,1,141,Mockingbird,Eminem
2022,12,1,142,Sure Thing,Miguel
2022,12,1,143,Starboy,"The Weeknd, Daft Punk"
2022,12,1,144,"Sex, Drugs, Etc.",Beach Weather
2022,12,1,145,TV,Billie Eilish
2022,12,1,146,Wants and Needs (feat. Lil Baby),"Drake, Lil Baby"
2022,12,1,147,Don't,Bryson Tiller
2022,12,1,148,Clouded,Brent Faiyaz
2022,12,1,149,Yes Indeed,"Lil Baby, Drake"
2022,12,1,150,Whiskey Glasses,Morgan Wallen
2022,12,1,151,Another Love,Tom Odell
2022,12,1,152,I Was Never There,"The Weeknd, Gesaffelstein"
2022,12,1,153,You Make It Feel Like Christmas (feat. Blake Shelton),"Gwen Stefani, Blake Shelton"
2022,12,1,154,20 Min,Lil Uzi Vert
2022,12,1,155,Do They Know It's Christmas? - 1984 Version,Band Aid
2022,12,1,156,Glock In My Lap,"21 Savage, Metro Boomin"
2022,12,1,157,Happy Xmas (War Is Over) - Remastered 2010,"John Lennon, Yoko Ono"
2022,12,1,158,Solo,Future
2022,12,1,159,SLOW DANCING IN THE DARK,Joji
2022,12,1,160,(There's No Place Like) Home for the Holidays - 1959 Version,Perry Como
2022,12,1,161,PUFFIN ON ZOOTIEZ,Future
2022,12,1,162,Sunroof,"Nicky Youre, dazy"
2022,12,1,163,Everlong,Foo Fighters
2022,12,1,164,Heading South,Zach Bryan
2022,12,1,165,Call Out My Name,The Weeknd
2022,12,1,166,Down In Atlanta,"Pharrell Williams, Travis Scott"
2022,12,1,167,Paris,Taylor Swift
2022,12,1,168,Snowman,Sia
2022,12,1,169,Calm Down (with Selena Gomez),"Rema, Selena Gomez"
2022,12,1,170,In My Head,Juice WRLD
2022,12,1,171,Sunflower - Spider-Man: Into the Spider-Verse,"Post Malone, Swae Lee"
2022,12,1,172,Mr. Brightside,The Killers
2022,12,1,173,Here Comes Santa Claus (Right Down Santa Claus Lane),Elvis Presley
2022,12,1,174,She Had Me At Heads Carolina,Cole Swindell
2022,12,1,175,Neverita,Bad Bunny
2022,12,1,176,Blinding Lights,The Weeknd
2022,12,1,177,Star Shopping,Lil Peep
2022,12,1,178,Hours In Silence,"Drake, 21 Savage"
2022,12,1,179,Chasin' You,Morgan Wallen
2022,12,1,180,Lucid Dreams,Juice WRLD
2022,12,1,181,Merry Christmas Darling - Remix,Carpenters
2022,12,1,182,Here Comes Santa Claus (Right Down Santa Claus Lane) - 1947 Version,Gene Autry
2022,12,1,183,ball w/o you,21 Savage
2022,12,1,184,Running Up That Hill (A Deal With God),Kate Bush
2022,12,1,185,LA CANCIÓN,"J Balvin, Bad Bunny"
2022,12,1,186,Pure Cocaine,Lil Baby
2022,12,1,187,Father Stretch My Hands Pt. 1,Kanye West
2022,12,1,188,Gilded Lily,Cults
2022,12,1,189,Tennessee Whiskey,Chris Stapleton
2022,12,1,190,Bigger Than The Whole Sky,Taylor Swift
2022,12,1,191,Please Come Home for Christmas - 2013 Remaster,Eagles
2022,12,1,192,Sparks,Coldplay
2022,12,1,193,Do You Hear What I Hear? - Remastered 2006,Bing Crosby
2022,12,1,194,Feathered Indians,Tyler Childers
2022,12,1,195,All Your'n,Tyler Childers
2022,12,1,196,Everybody Wants To Rule The World,Tears For Fears
2022,12,1,197,O Tannenbaum,Vince Guaraldi Trio
2022,12,1,198,The Night We Met,Lord Huron
2022,12,1,199,Dreams - 2004 Remaster,Fleetwood Mac
2022,12,1,200,First Class,Jack Harlow
2023,1,1,1,Kill Bill,SZA
2023,1,1,2,Rich Flex,"Drake, 21 Savage"
2023,1,1,3,Creepin' (with The Weeknd & 21 Savage),"Metro Boomin, The Weeknd, 21 Savage"
2023,1,1,4,Anti-Hero,Taylor Swift
2023,1,1,5,Just Wanna Rock,Lil Uzi Vert
2023,1,1,6,Bad Habit,Steve Lacy
2023,1,1,7,Unholy (feat. Kim Petras),"Sam Smith, Kim Petras"
2023,1,1,8,Superhero (Heroes & Villains) [with Future & Chris Brown],"Metro Boomin, Future, Chris Brown"
2023,1,1,9,golden hour,JVKE
2023,1,1,10,As It Was,Harry Styles
2023,1,1,11,Romantic Homicide,d4vd
2023,1,1,12,Die For You,The Weeknd
2023,1,1,13,Nobody Gets Me,SZA
2023,1,1,14,Low,SZA
2023,1,1,15,Something in the Orange,Zach Bryan
2023,1,1,16,Shirt,SZA
2023,1,1,17,I'm Good (Blue),"David Guetta, Bebe Rexha"
2023,1,1,18,Until I Found You (with Em Beihold) - Em Beihold Version,"Stephen Sanchez, Em Beihold"
2023,1,1,19,You Proof,Morgan Wallen
2023,1,1,20,Blind,SZA
2023,1,1,21,Tití Me Preguntó,Bad Bunny
2023,1,1,22,Here With Me,d4vd
2023,1,1,23,Jimmy Cooks (feat. 21 Savage),"Drake, 21 Savage"
2023,1,1,24,Escapism.,"RAYE, 070 Shake"
2023,1,1,25,Sweater Weather,The Neighbourhood
2023,1,1,26,No Role Modelz,J. Cole
2023,1,1,27,Sure Thing,Miguel
2023,1,1,28,Me Porto Bonito,"Bad Bunny, Chencho Corleone"
2023,1,1,29,Lavender Haze,Taylor Swift
2023,1,1,30,I Ain't Worried,OneRepublic
2023,1,1,31,CUFF IT,Beyoncé
2023,1,1,32,Rock and A Hard Place,Bailey Zimmerman
2023,1,1,33,Made You Look,Meghan Trainor
2023,1,1,34,Dark Red,Steve Lacy
2023,1,1,35,Snooze,SZA
2023,1,1,36,The Color Violet,Tory Lanez
2023,1,1,37,Bebe Dame,"Fuerza Regida, Grupo Frontera"
2023,1,1,38,Heat Waves,Glass Animals
2023,1,1,39,Too Many Nights (feat. Don Toliver & with Future),"Metro Boomin, Future, Don Toliver"
2023,1,1,40,Wasted On You,Morgan Wallen
2023,1,1,41,Gato de Noche,"Ñengo Flow, Bad Bunny"
2023,1,1,42,Niagara Falls (Foot or 2) [with Travis Scott & 21 Savage],"Metro Boomin, Travis Scott, 21 Savage"
2023,1,1,43,Love Language,SZA
2023,1,1,44,Good Days,SZA
2023,1,1,45,WAIT FOR U (feat. Drake & Tems),"Future, Drake, Tems"
2023,1,1,46,Shut up My Moms Calling,Hotel Ugly
2023,1,1,47,About Damn Time,Lizzo
2023,1,1,48,Midnight Rain,Taylor Swift
2023,1,1,49,I Like You (A Happier Song) (with Doja Cat),"Post Malone, Doja Cat"
2023,1,1,50,505,Arctic Monkeys
2023,1,1,51,Seek & Destroy,SZA
2023,1,1,52,Ghost in the Machine (feat. Phoebe Bridgers),"SZA, Phoebe Bridgers"
2023,1,1,53,La Jumpa,"Arcángel, Bad Bunny"
2023,1,1,54,Under The Influence,Chris Brown
2023,1,1,55,SPIT IN MY FACE!,ThxSoMch
2023,1,1,56,Used (feat. Don Toliver),"SZA, Don Toliver"
2023,1,1,57,Space Song,Beach House
2023,1,1,58,Super Freaky Girl,Nicki Minaj
2023,1,1,59,Vegas (From the Original Motion Picture Soundtrack ELVIS),Doja Cat
2023,1,1,60,Glimpse of Us,Joji
2023,1,1,61,Ditto,NewJeans
2023,1,1,62,Efecto,Bad Bunny
2023,1,1,63,family ties (with Kendrick Lamar),"Baby Keem, Kendrick Lamar"
2023,1,1,64,Calm Down (with Selena Gomez),"Rema, Selena Gomez"
2023,1,1,65,Evergreen (You Didn’t Deserve Me At All),Omar Apollo
2023,1,1,66,HOTEL LOBBY (Unc & Phew),"Quavo, Takeoff"
2023,1,1,67,Pussy & Millions (feat. Travis Scott),"Drake, 21 Savage, Travis Scott"
2023,1,1,68,Late Night Talking,Harry Styles
2023,1,1,69,La Bachata,Manuel Turizo
2023,1,1,70,Karma,Taylor Swift
2023,1,1,71,Heart To Heart,Mac DeMarco
2023,1,1,72,Bloody Mary,Lady Gaga
2023,1,1,73,Open Arms (feat. Travis Scott),"SZA, Travis Scott"
2023,1,1,74,Bejeweled,Taylor Swift
2023,1,1,75,STAY (with Justin Bieber),"The Kid LAROI, Justin Bieber"
2023,1,1,76,Special,SZA
2023,1,1,77,"You're On Your Own, Kid",Taylor Swift
2023,1,1,78,Heartless,Kanye West
2023,1,1,79,Stargirl Interlude,"The Weeknd, Lana Del Rey"
2023,1,1,80,I Wanna Be Yours,Arctic Monkeys
2023,1,1,81,Maroon,Taylor Swift
2023,1,1,82,Everlong,Foo Fighters
2023,1,1,83,The Kind of Love We Make,Luke Combs
2023,1,1,84,Revenge,XXXTENTACION
2023,1,1,85,Mr. Brightside,The Killers
2023,1,1,86,Stick Season,Noah Kahan
2023,1,1,87,SOS,SZA
2023,1,1,88,Que Vuelvas,"Carin Leon, Grupo Frontera"
2023,1,1,89,Wet Dreamz,J. Cole
2023,1,1,90,Blinding Lights,The Weeknd
2023,1,1,91,ALL MINE,Brent Faiyaz
2023,1,1,92,Starboy,"The Weeknd, Daft Punk"
2023,1,1,93,Sunroof,"Nicky Youre, dazy"
2023,1,1,94,Money Trees,"Kendrick Lamar, Jay Rock"
2023,1,1,95,Apocalypse,Cigarettes After Sex
2023,1,1,96,Boy's a Liar,PinkPantheress
2023,1,1,97,Kiss Me More (feat. SZA),"Doja Cat, SZA"
2023,1,1,98,Miss You - Bonus Track,"Oliver Tree, Robin Schulz"
2023,1,1,99,Bound 2,Kanye West
2023,1,1,100,Out thë way,Yeat
2023,1,1,101,Pink + White,Frank Ocean
2023,1,1,102,The Hills,The Weeknd
2023,1,1,103,Another Love,Tom Odell
2023,1,1,104,Until I Found You,Stephen Sanchez
2023,1,1,105,Me and Your Mama,Childish Gambino
2023,1,1,106,I Was Never There,"The Weeknd, Gesaffelstein"
2023,1,1,107,On BS,"Drake, 21 Savage"
2023,1,1,108,See You Again (feat. Kali Uchis),"Tyler, The Creator, Kali Uchis"
2023,1,1,109,Gone Girl,SZA
2023,1,1,110,All Girls Are The Same,Juice WRLD
2023,1,1,111,Limbo,Freddie Dredd
2023,1,1,112,Whiskey Glasses,Morgan Wallen
2023,1,1,113,Snow On The Beach (feat. Lana Del Rey),"Taylor Swift, Lana Del Rey"
2023,1,1,114,Bones,Imagine Dragons
2023,1,1,115,I Hate U,SZA
2023,1,1,116,Mockingbird,Eminem
2023,1,1,117,First Class,Jack Harlow
2023,1,1,118,Major Distribution,"Drake, 21 Savage"
2023,1,1,119,Thought You Should Know,Morgan Wallen
2023,1,1,120,Die For You,Joji
2023,1,1,121,Glock In My Lap,"21 Savage, Metro Boomin"
2023,1,1,122,F2F,SZA
2023,1,1,123,Drip Too Hard (Lil Baby & Gunna),"Lil Baby, Gunna"
2023,1,1,124,Spin Bout U,"Drake, 21 Savage"
2023,1,1,125,TV,Billie Eilish
2023,1,1,126,One Thing At A Time,Morgan Wallen
2023,1,1,127,Flashing Lights,"Kanye West, Dwele"
2023,1,1,128,Freestyle,Lil Baby
2023,1,1,129,Don't,Bryson Tiller
2023,1,1,130,I Love You So,The Walters
2023,1,1,131,She Had Me At Heads Carolina,Cole Swindell
2023,1,1,132,Tomorrow 2 (with Cardi B),"GloRilla, Cardi B"
2023,1,1,133,Yes Indeed,"Lil Baby, Drake"
2023,1,1,134,Ric Flair Drip (with Metro Boomin),"Offset, Metro Boomin"
2023,1,1,135,Heading South,Zach Bryan
2023,1,1,136,Notice Me,SZA
2023,1,1,137,Ojitos Lindos,"Bad Bunny, Bomba Estéreo"
2023,1,1,138,Knife Talk (with 21 Savage ft. Project Pat),"Drake, 21 Savage, Project Pat"
2023,1,1,139,Running Up That Hill (A Deal With God),Kate Bush
2023,1,1,140,HONEST,Baby Keem
2023,1,1,141,"Sex, Drugs, Etc.",Beach Weather
2023,1,1,142,Cold Heart - PNAU Remix,"Elton John, Dua Lipa, PNAU"
2023,1,1,143,LOKERA,"Rauw Alejandro, Lyanno, Brray"
2023,1,1,144,Chasin' You,Morgan Wallen
2023,1,1,145,Sunflower - Spider-Man: Into the Spider-Verse,"Post Malone, Swae Lee"
2023,1,1,146,20 Min,Lil Uzi Vert
2023,1,1,147,Call Out My Name,The Weeknd
2023,1,1,148,Wants and Needs (feat. Lil Baby),"Drake, Lil Baby"
2023,1,1,149,"Quevedo: Bzrp Music Sessions, Vol. 52","Bizarrap, Quevedo"
2023,1,1,150,good 4 u,Olivia Rodrigo
2023,1,1,151,Raindrops (Insane) [with Travis Scott],"Metro Boomin, Travis Scott"
2023,1,1,152,Clouded,Brent Faiyaz
2023,1,1,153,Everybody Wants To Rule The World,Tears For Fears
2023,1,1,154,Party In The U.S.A.,Miley Cyrus
2023,1,1,155,Moscow Mule,Bad Bunny
2023,1,1,156,Star Shopping,Lil Peep
2023,1,1,157,Lovers Rock,TV Girl
2023,1,1,158,Tennessee Whiskey,Chris Stapleton
2023,1,1,159,No Se Va - EN VIVO,Grupo Frontera
2023,1,1,160,Thank God,"Kane Brown, Katelyn Brown"
2023,1,1,161,Redbone,Childish Gambino
2023,1,1,162,Pure Cocaine,Lil Baby
2023,1,1,163,Solo,Future
2023,1,1,164,Dreams - 2004 Remaster,Fleetwood Mac
2023,1,1,165,"Going, Going, Gone",Luke Combs
2023,1,1,166,What My World Spins Around,Jordan Davis
2023,1,1,167,PUFFIN ON ZOOTIEZ,Future
2023,1,1,168,Smoking on my Ex Pack,SZA
2023,1,1,169,All The Stars (with SZA),"Kendrick Lamar, SZA"
2023,1,1,170,Lucid Dreams,Juice WRLD
2023,1,1,171,Don’t Blame Me,Taylor Swift
2023,1,1,172,Static,Steve Lacy
2023,1,1,173,LOVE. FEAT. ZACARI.,"Kendrick Lamar, Zacari"
2023,1,1,174,ORANGE SODA,Baby Keem
2023,1,1,175,Neverita,Bad Bunny
2023,1,1,176,Circles,Post Malone
2023,1,1,177,Umbrella (with 21 Savage & Young Nudy),"Metro Boomin, 21 Savage, Young Nudy"
2023,1,1,178,Conceited,SZA
2023,1,1,179,The Spins,"Mac Miller, Empire of the Sun"
2023,1,1,180,Vigilante Shit,Taylor Swift
2023,1,1,181,Feathered Indians,Tyler Childers
2023,1,1,182,SLOW DANCING IN THE DARK,Joji
2023,1,1,183,LET GO,Central Cee
2023,1,1,184,When I Was Your Man,Bruno Mars
2023,1,1,185,After Dark,Mr.Kitty
2023,1,1,186,Mad Max,"Lil Durk, Future"
2023,1,1,187,Riptide,Vance Joy
2023,1,1,188,Fall In Love,Bailey Zimmerman
2023,1,1,189,Tennessee Orange,Megan Moroney
2023,1,1,190,It Was A Good Day,Ice Cube
2023,1,1,191,Circo Loco,"Drake, 21 Savage"
2023,1,1,192,Love Sosa,Chief Keef
2023,1,1,193,rises the moon,Liana Flores
2023,1,1,194,The Real Slim Shady,Eminem
2023,1,1,195,YKWIM?,Yot Club
2023,1,1,196,Chamber Of Reflection,Mac DeMarco
2023,1,1,197,Ni**as In Paris,"JAY-Z, Kanye West"
2023,1,1,198,Buy Dirt,"Jordan Davis, Luke Bryan"
2023,1,1,199,The Night We Met,Lord Huron
2023,1,1,200,Not Allowed,TV Girl
2023,2,1,1,Flowers,Miley Cyrus
2023,2,1,2,Kill Bill,SZA
2023,2,1,3,Creepin' (with The Weeknd & 21 Savage),"Metro Boomin, The Weeknd, 21 Savage"
2023,2,1,4,Superhero (Heroes & Villains) [with Future & Chris Brown],"Metro Boomin, Future, Chris Brown"
2023,2,1,5,Rich Flex,"Drake, 21 Savage"
2023,2,1,6,Just Wanna Rock,Lil Uzi Vert
2023,2,1,7,"Shakira: Bzrp Music Sessions, Vol. 53","Bizarrap, Shakira"
2023,2,1,8,Die For You,The Weeknd
2023,2,1,9,Anti-Hero,Taylor Swift
2023,2,1,10,Sure Thing,Miguel
2023,2,1,11,golden hour,JVKE
2023,2,1,12,Bad Habit,Steve Lacy
2023,2,1,13,LOVE AGAIN,The Kid LAROI
2023,2,1,14,Romantic Homicide,d4vd
2023,2,1,15,Unholy (feat. Kim Petras),"Sam Smith, Kim Petras"
2023,2,1,16,Something in the Orange,Zach Bryan
2023,2,1,17,Dawns (feat. Maggie Rogers),"Zach Bryan, Maggie Rogers"
2023,2,1,18,As It Was,Harry Styles
2023,2,1,19,Low,SZA
2023,2,1,20,Here With Me,d4vd
2023,2,1,21,Snooze,SZA
2023,2,1,22,No Role Modelz,J. Cole
2023,2,1,23,Last Night,Morgan Wallen
2023,2,1,24,Escapism.,"RAYE, 070 Shake"
2023,2,1,25,Bebe Dame,"Fuerza Regida, Grupo Frontera"
2023,2,1,26,The Color Violet,Tory Lanez
2023,2,1,27,Lavender Haze,Taylor Swift
2023,2,1,28,I'm Good (Blue),"David Guetta, Bebe Rexha"
2023,2,1,29,Nobody Gets Me,SZA
2023,2,1,30,Rock and A Hard Place,Bailey Zimmerman
2023,2,1,31,OMG,NewJeans
2023,2,1,32,Jimmy Cooks (feat. 21 Savage),"Drake, 21 Savage"
2023,2,1,33,Sweater Weather,The Neighbourhood
2023,2,1,34,Shirt,SZA
2023,2,1,35,Shut up My Moms Calling,Hotel Ugly
2023,2,1,36,Ditto,NewJeans
2023,2,1,37,I Wish you Roses,Kali Uchis
2023,2,1,38,You Proof,Morgan Wallen
2023,2,1,39,"Hey, Mickey!",Baby Tate
2023,2,1,40,I Ain't Worried,OneRepublic
2023,2,1,41,Tití Me Preguntó,Bad Bunny
2023,2,1,42,Dark Red,Steve Lacy
2023,2,1,43,I'm Not Here To Make Friends,"Sam Smith, Calvin Harris, Jessie Reyez"
2023,2,1,44,Heart To Heart,Mac DeMarco
2023,2,1,45,Nonsense,Sabrina Carpenter
2023,2,1,46,Wasted On You,Morgan Wallen
2023,2,1,47,Calm Down (with Selena Gomez),"Rema, Selena Gomez"
2023,2,1,48,SPIT IN MY FACE!,ThxSoMch
2023,2,1,49,WAIT FOR U (feat. Drake & Tems),"Future, Drake, Tems"
2023,2,1,50,505,Arctic Monkeys
2023,2,1,51,Blind,SZA
2023,2,1,52,Que Vuelvas,"Carin Leon, Grupo Frontera"
2023,2,1,53,I Wrote The Book,Morgan Wallen
2023,2,1,54,Until I Found You (with Em Beihold) - Em Beihold Version,"Stephen Sanchez, Em Beihold"
2023,2,1,55,CUFF IT,Beyoncé
2023,2,1,56,Me Porto Bonito,"Bad Bunny, Chencho Corleone"
2023,2,1,57,The Kind of Love We Make,Luke Combs
2023,2,1,58,Freestyle,Lil Baby
2023,2,1,59,Made You Look,Meghan Trainor
2023,2,1,60,Everything I Love,Morgan Wallen
2023,2,1,61,La Jumpa,"Arcángel, Bad Bunny"
2023,2,1,62,Out thë way,Yeat
2023,2,1,63,family ties (with Kendrick Lamar),"Baby Keem, Kendrick Lamar"
2023,2,1,64,Space Song,Beach House
2023,2,1,65,Stargirl Interlude,"The Weeknd, Lana Del Rey"
2023,2,1,66,Too Many Nights (feat. Don Toliver & with Future),"Metro Boomin, Future, Don Toliver"
2023,2,1,67,I Like You (A Happier Song) (with Doja Cat),"Post Malone, Doja Cat"
2023,2,1,68,STAY (with Justin Bieber),"The Kid LAROI, Justin Bieber"
2023,2,1,69,the BLACK seminole.,Lil Yachty
2023,2,1,70,Players,Coi Leray
2023,2,1,71,La Bachata,Manuel Turizo
2023,2,1,72,Money Trees,"Kendrick Lamar, Jay Rock"
2023,2,1,73,Good Days,SZA
2023,2,1,74,One Thing At A Time,Morgan Wallen
2023,2,1,75,Heartless,Kanye West
2023,2,1,76,Evergreen (You Didn’t Deserve Me At All),Omar Apollo
2023,2,1,77,I Wanna Be Yours,Arctic Monkeys
2023,2,1,78,Glock In My Lap,"21 Savage, Metro Boomin"
2023,2,1,79,Wet Dreamz,J. Cole
2023,2,1,80,Starboy,"The Weeknd, Daft Punk"
2023,2,1,81,Heat Waves,Glass Animals
2023,2,1,82,KNIGHT CRAWLER,"Trippie Redd, Juice WRLD"
2023,2,1,83,Niagara Falls (Foot or 2) [with Travis Scott & 21 Savage],"Metro Boomin, Travis Scott, 21 Savage"
2023,2,1,84,Late Night Talking,Harry Styles
2023,2,1,85,Revenge,XXXTENTACION
2023,2,1,86,Everlong,Foo Fighters
2023,2,1,87,Pink + White,Frank Ocean
2023,2,1,88,Fin de Semana,"Oscar Maydon, Junior H"
2023,2,1,89,Thought You Should Know,Morgan Wallen
2023,2,1,90,ALL MINE,Brent Faiyaz
2023,2,1,91,HOTEL LOBBY (Unc & Phew),"Quavo, Takeoff"
2023,2,1,92,AMG,"Natanael Cano, Peso Pluma, Gabito Ballesteros"
2023,2,1,93,Sugar Rush Ride,TOMORROW X TOGETHER
2023,2,1,94,Midnight Rain,Taylor Swift
2023,2,1,95,Glimpse of Us,Joji
2023,2,1,96,Apocalypse,Cigarettes After Sex
2023,2,1,97,Vegas (From the Original Motion Picture Soundtrack ELVIS),Doja Cat
2023,2,1,98,I Was Never There,"The Weeknd, Gesaffelstein"
2023,2,1,99,The Hills,The Weeknd
2023,2,1,100,See You Again (feat. Kali Uchis),"Tyler, The Creator, Kali Uchis"
2023,2,1,101,Drip Too Hard (Lil Baby & Gunna),"Lil Baby, Gunna"
2023,2,1,102,Growin' Up and Gettin' Old,Luke Combs
2023,2,1,103,Under The Influence,Chris Brown
2023,2,1,104,Gato de Noche,"Ñengo Flow, Bad Bunny"
2023,2,1,105,Me and Your Mama,Childish Gambino
2023,2,1,106,TV,Billie Eilish
2023,2,1,107,Boy's a Liar,PinkPantheress
2023,2,1,108,0.440972222,"Tiësto, Tate McRae"
2023,2,1,109,Bones,Imagine Dragons
2023,2,1,110,Yes Indeed,"Lil Baby, Drake"
2023,2,1,111,When I Was Your Man,Bruno Mars
2023,2,1,112,Pussy & Millions (feat. Travis Scott),"Drake, 21 Savage, Travis Scott"
2023,2,1,113,Lovers Rock,TV Girl
2023,2,1,114,PRC,"Peso Pluma, Natanael Cano"
2023,2,1,115,All Girls Are The Same,Juice WRLD
2023,2,1,116,No Se Va - EN VIVO,Grupo Frontera
2023,2,1,117,ceilings,Lizzy McAlpine
2023,2,1,118,Efecto,Bad Bunny
2023,2,1,119,"Going, Going, Gone",Luke Combs
2023,2,1,120,About Damn Time,Lizzo
2023,2,1,121,Pure Cocaine,Lil Baby
2023,2,1,122,red (feat. Morgan Wallen),"HARDY, Morgan Wallen"
2023,2,1,123,Don't,Bryson Tiller
2023,2,1,124,Star Shopping,Lil Peep
2023,2,1,125,Bound 2,Kanye West
2023,2,1,126,Whiskey Glasses,Morgan Wallen
2023,2,1,127,Flashing Lights,"Kanye West, Dwele"
2023,2,1,128,Karma,Taylor Swift
2023,2,1,129,Do You Like Me?,Daniel Caesar
2023,2,1,130,Heading South,Zach Bryan
2023,2,1,131,Ghost in the Machine (feat. Phoebe Bridgers),"SZA, Phoebe Bridgers"
2023,2,1,132,Another Love,Tom Odell
2023,2,1,133,Spin Bout U,"Drake, 21 Savage"
2023,2,1,134,Knife Talk (with 21 Savage ft. Project Pat),"Drake, 21 Savage, Project Pat"
2023,2,1,135,Mockingbird,Eminem
2023,2,1,136,20 Min,Lil Uzi Vert
2023,2,1,137,Everybody Wants To Rule The World,Tears For Fears
2023,2,1,138,Bejeweled,Taylor Swift
2023,2,1,139,Love Language,SZA
2023,2,1,140,Mr. Brightside,The Killers
2023,2,1,141,"You're On Your Own, Kid",Taylor Swift
2023,2,1,142,I Love You So,The Walters
2023,2,1,143,"Sex, Drugs, Etc.",Beach Weather
2023,2,1,144,Sunflower - Spider-Man: Into the Spider-Verse,"Post Malone, Swae Lee"
2023,2,1,145,Blinding Lights,The Weeknd
2023,2,1,146,Break from Toronto,PARTYNEXTDOOR
2023,2,1,147,Until I Found You,Stephen Sanchez
2023,2,1,148,Ric Flair Drip (with Metro Boomin),"Offset, Metro Boomin"
2023,2,1,149,Sun to Me,Zach Bryan
2023,2,1,150,Clouded,Brent Faiyaz
2023,2,1,151,Limbo,Freddie Dredd
2023,2,1,152,All The Stars (with SZA),"Kendrick Lamar, SZA"
2023,2,1,153,Chamber Of Reflection,Mac DeMarco
2023,2,1,154,Stick Season,Noah Kahan
2023,2,1,155,LOVE. FEAT. ZACARI.,"Kendrick Lamar, Zacari"
2023,2,1,156,HONEST,Baby Keem
2023,2,1,157,the ride-,Lil Yachty
2023,2,1,158,Solo,Future
2023,2,1,159,Redbone,Childish Gambino
2023,2,1,160,Don’t Blame Me,Taylor Swift
2023,2,1,161,Maroon,Taylor Swift
2023,2,1,162,Wants and Needs (feat. Lil Baby),"Drake, Lil Baby"
2023,2,1,163,Two Tens (feat. Anderson .Paak),"Cordae, Anderson .Paak"
2023,2,1,164,She Had Me At Heads Carolina,Cole Swindell
2023,2,1,165,PUFFIN ON ZOOTIEZ,Future
2023,2,1,166,Call Out My Name,The Weeknd
2023,2,1,167,Super Freaky Girl,Nicki Minaj
2023,2,1,168,Die For You,Joji
2023,2,1,169,Seek & Destroy,SZA
2023,2,1,170,My Shit,A Boogie Wit da Hoodie
2023,2,1,171,LLYLM,ROSALÍA
2023,2,1,172,Yandel 150,"Yandel, Feid"
2023,2,1,173,It Was A Good Day,Ice Cube
2023,2,1,174,Lucid Dreams,Juice WRLD
2023,2,1,175,Girl With The Tattoo Enter.lewd,Miguel
2023,2,1,176,Chasin' You,Morgan Wallen
2023,2,1,177,Love Sosa,Chief Keef
2023,2,1,178,Tinnitus (Wanna be a rock),TOMORROW X TOGETHER
2023,2,1,179,Tennessee Whiskey,Chris Stapleton
2023,2,1,180,pRETTy,Lil Yachty
2023,2,1,181,The Spins,"Mac Miller, Empire of the Sun"
2023,2,1,182,ORANGE SODA,Baby Keem
2023,2,1,183,In Ha Mood,Ice Spice
2023,2,1,184,running out of time,Lil Yachty
2023,2,1,185,Ni**as In Paris,"JAY-Z, Kanye West"
2023,2,1,186,On BS,"Drake, 21 Savage"
2023,2,1,187,Not Allowed,TV Girl
2023,2,1,188,Open Arms (feat. Travis Scott),"SZA, Travis Scott"
2023,2,1,189,Bloody Mary,Lady Gaga
2023,2,1,190,a lot,21 Savage
2023,2,1,191,For the First Time,Mac DeMarco
2023,2,1,192,HUMBLE.,Kendrick Lamar
2023,2,1,193,"Burn, Burn, Burn",Zach Bryan
2023,2,1,194,MIDDLE CHILD,J. Cole
2023,2,1,195,Father Stretch My Hands Pt. 1,Kanye West
2023,2,1,196,MOONLIGHT SUNRISE,TWICE
2023,2,1,197,Tennessee Orange,Megan Moroney
2023,2,1,198,Jealous,Eyedress
2023,2,1,199,Miss You - Bonus Track,"Oliver Tree, Robin Schulz"
2023,2,1,200,drive ME crazy!,Lil Yachty
2023,3,1,1,Boy's a liar Pt. 2,"PinkPantheress, Ice Spice"
2023,3,1,2,Kill Bill,SZA
2023,3,1,3,Die For You - Remix,"The Weeknd, Ariana Grande"
2023,3,1,4,Last Night,Morgan Wallen
2023,3,1,5,Flowers,Miley Cyrus
2023,3,1,6,TQG,"KAROL G, Shakira"
2023,3,1,7,Creepin' (with The Weeknd & 21 Savage),"Metro Boomin, The Weeknd, 21 Savage"
2023,3,1,8,Just Wanna Rock,Lil Uzi Vert
2023,3,1,9,PAINTING PICTURES,Superstar Pride
2023,3,1,10,Superhero (Heroes & Villains) [with Future & Chris Brown],"Metro Boomin, Future, Chris Brown"
2023,3,1,11,Rich Flex,"Drake, 21 Savage"
2023,3,1,12,Die For You,The Weeknd
2023,3,1,13,Watch This - ARIZONATEARS Pluggnb Remix,"Lil Uzi Vert, sped up nightcore, ARIZONATEARS"
2023,3,1,14,Sure Thing,Miguel
2023,3,1,15,golden hour,JVKE
2023,3,1,16,As It Was,Harry Styles
2023,3,1,17,Bad Habit,Steve Lacy
2023,3,1,18,ceilings,Lizzy McAlpine
2023,3,1,19,Snooze,SZA
2023,3,1,20,Something in the Orange,Zach Bryan
2023,3,1,21,Romantic Homicide,d4vd
2023,3,1,22,Anti-Hero,Taylor Swift
2023,3,1,23,Low,SZA
2023,3,1,24,No Role Modelz,J. Cole
2023,3,1,25,Players,Coi Leray
2023,3,1,26,Unholy (feat. Kim Petras),"Sam Smith, Kim Petras"
2023,3,1,27,Heaven,Niall Horan
2023,3,1,28,Here With Me,d4vd
2023,3,1,29,Escapism.,"RAYE, 070 Shake"
2023,3,1,30,You Proof,Morgan Wallen
2023,3,1,31,Love You Anyway,Luke Combs
2023,3,1,32,X SI VOLVEMOS,"KAROL G, Romeo Santos"
2023,3,1,33,Bebe Dame,"Fuerza Regida, Grupo Frontera"
2023,3,1,34,Wasted On You,Morgan Wallen
2023,3,1,35,"Shakira: Bzrp Music Sessions, Vol. 53","Bizarrap, Shakira"
2023,3,1,36,Jimmy Cooks (feat. 21 Savage),"Drake, 21 Savage"
2023,3,1,37,OMG,NewJeans
2023,3,1,38,Sweater Weather,The Neighbourhood
2023,3,1,39,Rock and A Hard Place,Bailey Zimmerman
2023,3,1,40,Dark Red,Steve Lacy
2023,3,1,41,I'm Good (Blue),"David Guetta, Bebe Rexha"
2023,3,1,42,The Color Violet,Tory Lanez
2023,3,1,43,Calm Down (with Selena Gomez),"Rema, Selena Gomez"
2023,3,1,44,Shirt,SZA
2023,3,1,45,In Ha Mood,Ice Spice
2023,3,1,46,Freestyle,Lil Baby
2023,3,1,47,I Ain't Worried,OneRepublic
2023,3,1,48,Until I Found You (with Em Beihold) - Em Beihold Version,"Stephen Sanchez, Em Beihold"
2023,3,1,49,Tití Me Preguntó,Bad Bunny
2023,3,1,50,Lavender Haze,Taylor Swift
2023,3,1,51,Heart To Heart,Mac DeMarco
2023,3,1,52,HOPE,NF
2023,3,1,53,Private Landing (feat. Justin Bieber & Future),"Don Toliver, Justin Bieber, Future"
2023,3,1,54,WAIT FOR U (feat. Drake & Tems),"Future, Drake, Tems"
2023,3,1,55,Shut up My Moms Calling,Hotel Ugly
2023,3,1,56,AMG,"Natanael Cano, Peso Pluma, Gabito Ballesteros"
2023,3,1,57,Glock In My Lap,"21 Savage, Metro Boomin"
2023,3,1,58,Nobody Gets Me,SZA
2023,3,1,59,Me Porto Bonito,"Bad Bunny, Chencho Corleone"
2023,3,1,60,Thought You Should Know,Morgan Wallen
2023,3,1,61,Split,Yeat
2023,3,1,62,One Thing At A Time,Morgan Wallen
2023,3,1,63,Out thë way,Yeat
2023,3,1,64,family ties (with Kendrick Lamar),"Baby Keem, Kendrick Lamar"
2023,3,1,65,No morë talk,Yeat
2023,3,1,66,Money Trees,"Kendrick Lamar, Jay Rock"
2023,3,1,67,Starboy,"The Weeknd, Daft Punk"
2023,3,1,68,Heartless,Kanye West
2023,3,1,69,Que Vuelvas,"Carin Leon, Grupo Frontera"
2023,3,1,70,Tormenta (feat. Bad Bunny),"Gorillaz, Bad Bunny"
2023,3,1,71,505,Arctic Monkeys
2023,3,1,72,I Like You (A Happier Song) (with Doja Cat),"Post Malone, Doja Cat"
2023,3,1,73,Shmunk (feat. YoungBoy Never Broke Again),"Yeat, YoungBoy Never Broke Again"
2023,3,1,74,Trance (with Travis Scott & Young Thug),"Metro Boomin, Travis Scott, Young Thug"
2023,3,1,75,The Kind of Love We Make,Luke Combs
2023,3,1,76,PRC,"Peso Pluma, Natanael Cano"
2023,3,1,77,Big Shot Cream Soda,"$uicideboy$, Shakewell"
2023,3,1,78,CUFF IT,Beyoncé
2023,3,1,79,La Bachata,Manuel Turizo
2023,3,1,80,Moonlight,Kali Uchis
2023,3,1,81,Stargirl Interlude,"The Weeknd, Lana Del Rey"
2023,3,1,82,LOVE AGAIN,The Kid LAROI
2023,3,1,83,Good Days,SZA
2023,3,1,84,Pink + White,Frank Ocean
2023,3,1,85,Wet Dreamz,J. Cole
2023,3,1,86,I Wrote The Book,Morgan Wallen
2023,3,1,87,Glue Song,beabadoobee
2023,3,1,88,SPIT IN MY FACE!,ThxSoMch
2023,3,1,89,Space Song,Beach House
2023,3,1,90,SLUT ME OUT,NLE Choppa
2023,3,1,91,Heat Waves,Glass Animals
2023,3,1,92,Lovers Rock,TV Girl
2023,3,1,93,Nonsense,Sabrina Carpenter
2023,3,1,94,Everlong,Foo Fighters
2023,3,1,95,TUS GAFITAS,KAROL G
2023,3,1,96,Too Many Nights (feat. Don Toliver & with Future),"Metro Boomin, Future, Don Toliver"
2023,3,1,97,MIENTRAS ME CURO DEL CORA,KAROL G
2023,3,1,98,Blind,SZA
2023,3,1,99,PROVENZA,KAROL G
2023,3,1,100,I Wanna Be Yours,Arctic Monkeys
2023,3,1,101,Revenge,XXXTENTACION
2023,3,1,102,Dawns (feat. Maggie Rogers),"Zach Bryan, Maggie Rogers"
2023,3,1,103,See You Again (feat. Kali Uchis),"Tyler, The Creator, Kali Uchis"
2023,3,1,104,The Hills,The Weeknd
2023,3,1,105,Apocalypse,Cigarettes After Sex
2023,3,1,106,Late Night Talking,Harry Styles
2023,3,1,107,Yandel 150,"Yandel, Feid"
2023,3,1,108,CAIRO,"KAROL G, Ovy On The Drums"
2023,3,1,109,Efecto,Bad Bunny
2023,3,1,110,Favorite Song,Toosii
2023,3,1,111,HOTEL LOBBY (Unc & Phew),"Quavo, Takeoff"
2023,3,1,112,ALL MINE,Brent Faiyaz
2023,3,1,113,Needed Me,Rihanna
2023,3,1,114,Drip Too Hard (Lil Baby & Gunna),"Lil Baby, Gunna"
2023,3,1,115,Pure Cocaine,Lil Baby
2023,3,1,116,Flashing Lights,"Kanye West, Dwele"
2023,3,1,117,Niagara Falls (Foot or 2) [with Travis Scott & 21 Savage],"Metro Boomin, Travis Scott, 21 Savage"
2023,3,1,118,Whiskey Glasses,Morgan Wallen
2023,3,1,119,I Was Never There,"The Weeknd, Gesaffelstein"
2023,3,1,120,Spin Bout U,"Drake, 21 Savage"
2023,3,1,121,GUCCI LOS PAÑOS,KAROL G
2023,3,1,122,Chasin' You,Morgan Wallen
2023,3,1,123,How it go,Yeat
2023,3,1,124,Bound 2,Kanye West
2023,3,1,125,All Girls Are The Same,Juice WRLD
2023,3,1,126,Star Shopping,Lil Peep
2023,3,1,127,La Jumpa,"Arcángel, Bad Bunny"
2023,3,1,128,STAY (with Justin Bieber),"The Kid LAROI, Justin Bieber"
2023,3,1,129,About Damn Time,Lizzo
2023,3,1,130,Tennessee Whiskey,Chris Stapleton
2023,3,1,131,Under The Influence,Chris Brown
2023,3,1,132,A&W,Lana Del Rey
2023,3,1,133,We Found Love,"Rihanna, Calvin Harris"
2023,3,1,134,Made You Look,Meghan Trainor
2023,3,1,135,Yes Indeed,"Lil Baby, Drake"
2023,3,1,136,Blinding Lights,The Weeknd
2023,3,1,137,GATÚBELA,"KAROL G, Maldy"
2023,3,1,138,Sunflower - Spider-Man: Into the Spider-Verse,"Post Malone, Swae Lee"
2023,3,1,139,It's Called: Freefall,Rainbow Kitten Surprise
2023,3,1,140,Die 4 Me,Halsey
2023,3,1,141,LOVE. FEAT. ZACARI.,"Kendrick Lamar, Zacari"
2023,3,1,142,Love On The Brain,Rihanna
2023,3,1,143,Heartless,The Weeknd
2023,3,1,144,Glimpse of Us,Joji
2023,3,1,145,Ditto,NewJeans
2023,3,1,146,Call Out My Name,The Weeknd
2023,3,1,147,Gato de Noche,"Ñengo Flow, Bad Bunny"
2023,3,1,148,Bëttr 0ff,Yeat
2023,3,1,149,Don't,Bryson Tiller
2023,3,1,150,Vegas (From the Original Motion Picture Soundtrack ELVIS),Doja Cat
2023,3,1,151,El Gordo Trae El Mando,Chino Pacas
2023,3,1,152,Heading South,Zach Bryan
2023,3,1,153,Ghost in the Machine (feat. Phoebe Bridgers),"SZA, Phoebe Bridgers"
2023,3,1,154,20 Min,Lil Uzi Vert
2023,3,1,155,Umbrella,"Rihanna, JAY-Z"
2023,3,1,156,Mr. Brightside,The Killers
2023,3,1,157,No Se Va - EN VIVO,Grupo Frontera
2023,3,1,158,PERO TÚ,"KAROL G, Quevedo"
2023,3,1,159,I GUESS IT'S LOVE?,The Kid LAROI
2023,3,1,160,HUMBLE.,Kendrick Lamar
2023,3,1,161,PUFFIN ON ZOOTIEZ,Future
2023,3,1,162,Ric Flair Drip (with Metro Boomin),"Offset, Metro Boomin"
2023,3,1,163,Mountain With A View,Kelsea Ballerini
2023,3,1,164,Break from Toronto,PARTYNEXTDOOR
2023,3,1,165,Knife Talk (with 21 Savage ft. Project Pat),"Drake, 21 Savage, Project Pat"
2023,3,1,166,Nun id change,Yeat
2023,3,1,167,All The Stars (with SZA),"Kendrick Lamar, SZA"
2023,3,1,168,Kant Nobody (feat. DMX),"Lil Wayne, DMX"
2023,3,1,169,Everybody Wants To Rule The World,Tears For Fears
2023,3,1,170,Hey Mor,"Ozuna, Feid"
2023,3,1,171,"Hey, Mickey!",Baby Tate
2023,3,1,172,MIDDLE CHILD,J. Cole
2023,3,1,173,Everything I Love,Morgan Wallen
2023,3,1,174,Me and Your Mama,Childish Gambino
2023,3,1,175,0.440972222,"Tiësto, Tate McRae"
2023,3,1,176,Father Stretch My Hands Pt. 1,Kanye West
2023,3,1,177,OJOS FERRARI,"KAROL G, Justin Quiles, Angel Dior"
2023,3,1,178,Ni**as In Paris,"JAY-Z, Kanye West"
2023,3,1,179,Solo,Future
2023,3,1,180,Clouded,Brent Faiyaz
2023,3,1,181,Boy's a Liar,PinkPantheress
2023,3,1,182,It Was A Good Day,Ice Cube
2023,3,1,183,Fin de Semana,"Oscar Maydon, Junior H"
2023,3,1,184,Bones,Imagine Dragons
2023,3,1,185,Joe,Luke Combs
2023,3,1,186,More Than My Hometown,Morgan Wallen
2023,3,1,187,MAÑANA SERÁ BONITO,"KAROL G, Carla Morrison"
2023,3,1,188,Wants and Needs (feat. Lil Baby),"Drake, Lil Baby"
2023,3,1,189,"Sex, Drugs, Etc.",Beach Weather
2023,3,1,190,BESTIES,KAROL G
2023,3,1,191,When I Was Your Man,Bruno Mars
2023,3,1,192,Lucid Dreams,Juice WRLD
2023,3,1,193,Redbone,Childish Gambino
2023,3,1,194,Secrets,A Boogie Wit da Hoodie
2023,3,1,195,Until I Found You,Stephen Sanchez
2023,3,1,196,Work Out,J. Cole
2023,3,1,197,Di Que Si,"Grupo Marca Registrada, Grupo Frontera"
2023,3,1,198,Heart Like A Truck,Lainey Wilson
2023,3,1,199,The Spins,"Mac Miller, Empire of the Sun"
2023,3,1,200,Another Love,Tom Odell
2023,4,1,1,Last Night,Morgan Wallen
2023,4,1,2,Kill Bill,SZA
2023,4,1,3,Boy's a liar Pt. 2,"PinkPantheress, Ice Spice"
2023,4,1,4,Ella Baila Sola,"Eslabon Armado, Peso Pluma"
2023,4,1,5,DOGTOOTH,"Tyler, The Creator"
2023,4,1,6,Flowers,Miley Cyrus
2023,4,1,7,Creepin' (with The Weeknd & 21 Savage),"Metro Boomin, The Weeknd, 21 Savage"
2023,4,1,8,You Proof,Morgan Wallen
2023,4,1,9,SORRY NOT SORRY,"Tyler, The Creator"
2023,4,1,10,SLUT ME OUT,NLE Choppa
2023,4,1,11,Just Wanna Rock,Lil Uzi Vert
2023,4,1,12,VOID,Melanie Martinez
2023,4,1,13,Anti-Hero,Taylor Swift
2023,4,1,14,Rich Flex,"Drake, 21 Savage"
2023,4,1,15,Superhero (Heroes & Villains) [with Future & Chris Brown],"Metro Boomin, Future, Chris Brown"
2023,4,1,16,La Bebe - Remix,"Yng Lvcas, Peso Pluma"
2023,4,1,17,Thinkin’ Bout Me,Morgan Wallen
2023,4,1,18,Something in the Orange,Zach Bryan
2023,4,1,19,Fast Car,Luke Combs
2023,4,1,20,TQG,"KAROL G, Shakira"
2023,4,1,21,As It Was,Harry Styles
2023,4,1,22,Die For You,The Weeknd
2023,4,1,23,No Role Modelz,J. Cole
2023,4,1,24,Sure Thing,Miguel
2023,4,1,25,golden hour,JVKE
2023,4,1,26,One Thing At A Time,Morgan Wallen
2023,4,1,27,All Of The Girls You Loved Before,Taylor Swift
2023,4,1,28,Bad Habit,Steve Lacy
2023,4,1,29,Calm Down (with Selena Gomez),"Rema, Selena Gomez"
2023,4,1,30,Watch This - ARIZONATEARS Pluggnb Remix,"Lil Uzi Vert, sped up nightcore, ARIZONATEARS"
2023,4,1,31,Snooze,SZA
2023,4,1,32,Die For You (with Ariana Grande) - Remix,"The Weeknd, Ariana Grande"
2023,4,1,33,Players,Coi Leray
2023,4,1,34,AMG,"Natanael Cano, Peso Pluma, Gabito Ballesteros"
2023,4,1,35,BESO,"ROSALÍA, Rauw Alejandro"
2023,4,1,36,Trance (with Travis Scott & Young Thug),"Metro Boomin, Travis Scott, Young Thug"
2023,4,1,37,PRC,"Peso Pluma, Natanael Cano"
2023,4,1,38,ceilings,Lizzy McAlpine
2023,4,1,39,Rock and A Hard Place,Bailey Zimmerman
2023,4,1,40,Romantic Homicide,d4vd
2023,4,1,41,Wasted On You,Morgan Wallen
2023,4,1,42,Lavender Haze,Taylor Swift
2023,4,1,43,Cupid - Twin Ver.,FIFTY FIFTY
2023,4,1,44,DEATH,Melanie Martinez
2023,4,1,45,Thought You Should Know,Morgan Wallen
2023,4,1,46,Jimmy Cooks (feat. 21 Savage),"Drake, 21 Savage"
2023,4,1,47,Everything I Love,Morgan Wallen
2023,4,1,48,5 Leaf Clover,Luke Combs
2023,4,1,49,Favorite Song,Toosii
2023,4,1,50,Ain’t That Some,Morgan Wallen
2023,4,1,51,Moonlight,Kali Uchis
2023,4,1,52,Here With Me,d4vd
2023,4,1,53,WHARF TALK (feat. A$AP Rocky),"Tyler, The Creator, A$AP Rocky"
2023,4,1,54,PAINTING PICTURES,Superstar Pride
2023,4,1,55,Low,SZA
2023,4,1,56,Cruel Summer,Taylor Swift
2023,4,1,57,Sweater Weather,The Neighbourhood
2023,4,1,58,Low Down,Lil Baby
2023,4,1,59,Unholy (feat. Kim Petras),"Sam Smith, Kim Petras"
2023,4,1,60,I Ain't Worried,OneRepublic
2023,4,1,61,Glock In My Lap,"21 Savage, Metro Boomin"
2023,4,1,62,THE CONTORTIONIST,Melanie Martinez
2023,4,1,63,Escapism.,"RAYE, 070 Shake"
2023,4,1,64,The Kind of Love We Make,Luke Combs
2023,4,1,65,Freestyle,Lil Baby
2023,4,1,66,Bebe Dame,"Fuerza Regida, Grupo Frontera"
2023,4,1,67,See You Again (feat. Kali Uchis),"Tyler, The Creator, Kali Uchis"
2023,4,1,68,Money Trees,"Kendrick Lamar, Jay Rock"
2023,4,1,69,Fight The Feeling,Rod Wave
2023,4,1,70,El Gordo Trae El Mando,Chino Pacas
2023,4,1,71,WAIT FOR U (feat. Drake & Tems),"Future, Drake, Tems"
2023,4,1,72,Por las Noches,Peso Pluma
2023,4,1,73,family ties (with Kendrick Lamar),"Baby Keem, Kendrick Lamar"
2023,4,1,74,EVIL,Melanie Martinez
2023,4,1,75,Shut up My Moms Calling,Hotel Ugly
2023,4,1,76,Cowgirls (feat. ERNEST),"Morgan Wallen, ERNEST"
2023,4,1,77,Don’t Blame Me,Taylor Swift
2023,4,1,78,Dark Red,Steve Lacy
2023,4,1,79,I Wrote The Book,Morgan Wallen
2023,4,1,80,The Color Violet,Tory Lanez
2023,4,1,81,Me Porto Bonito,"Bad Bunny, Chencho Corleone"
2023,4,1,82,TUNNEL VISION,Melanie Martinez
2023,4,1,83,Like Crazy (English Version),Jimin
2023,4,1,84,In Ha Mood,Ice Spice
2023,4,1,85,Heartless,Kanye West
2023,4,1,86,Spin Bout U,"Drake, 21 Savage"
2023,4,1,87,Heart To Heart,Mac DeMarco
2023,4,1,88,"Shakira: Bzrp Music Sessions, Vol. 53","Bizarrap, Shakira"
2023,4,1,89,Pink + White,Frank Ocean
2023,4,1,90,I'm Good (Blue),"David Guetta, Bebe Rexha"
2023,4,1,91,Until I Found You (with Em Beihold) - Em Beihold Version,"Stephen Sanchez, Em Beihold"
2023,4,1,92,505,Arctic Monkeys
2023,4,1,93,Eat Your Young,Hozier
2023,4,1,94,Whiskey Glasses,Morgan Wallen
2023,4,1,95,Lovers Rock,TV Girl
2023,4,1,96,Nonsense,Sabrina Carpenter
2023,4,1,97,El Azul,"Junior H, Peso Pluma"
2023,4,1,98,Wet Dreamz,J. Cole
2023,4,1,99,Man Made A Bar (feat. Eric Church),"Morgan Wallen, Eric Church"
2023,4,1,100,Chasin' You,Morgan Wallen
2023,4,1,101,Karma,Taylor Swift
2023,4,1,102,cardigan,Taylor Swift
2023,4,1,103,Dijeron Que No La Iba Lograr,"Chino Pacas, Fuerza Regida"
2023,4,1,104,Shirt,SZA
2023,4,1,105,Ch y la Pizza,"Fuerza Regida, Natanael Cano"
2023,4,1,106,STUNTMAN (feat. Vince Staples),"Tyler, The Creator, Vince Staples"
2023,4,1,107,Tití Me Preguntó,Bad Bunny
2023,4,1,108,OMG,NewJeans
2023,4,1,109,Starboy,"The Weeknd, Daft Punk"
2023,4,1,110,NYMPHOLOGY,Melanie Martinez
2023,4,1,111,Blank Space,Taylor Swift
2023,4,1,112,I Like You (A Happier Song) (with Doja Cat),"Post Malone, Doja Cat"
2023,4,1,113,Love You Anyway,Luke Combs
2023,4,1,114,Everlong,Foo Fighters
2023,4,1,115,Yandel 150,"Yandel, Feid"
2023,4,1,116,Heat Waves,Glass Animals
2023,4,1,117,Fin de Semana,"Oscar Maydon, Junior H"
2023,4,1,118,Coco Chanel,"Eladio Carrion, Bad Bunny"
2023,4,1,119,Stargirl Interlude,"The Weeknd, Lana Del Rey"
2023,4,1,120,Que Vuelvas,"Carin Leon, Grupo Frontera"
2023,4,1,121,Christmas Kids,Roar
2023,4,1,122,Style,Taylor Swift
2023,4,1,123,Sunrise,Morgan Wallen
2023,4,1,124,Out thë way,Yeat
2023,4,1,125,Midnight Rain,Taylor Swift
2023,4,1,126,Space Song,Beach House
2023,4,1,127,SPIDER WEB,Melanie Martinez
2023,4,1,128,"BOYFRIEND, GIRLFRIEND (2020 Demo) (feat. YG)","Tyler, The Creator, YG"
2023,4,1,129,HEAVEN TO ME,"Tyler, The Creator"
2023,4,1,130,Tennessee Whiskey,Chris Stapleton
2023,4,1,131,Private Landing (feat. Justin Bieber & Future),"Don Toliver, Justin Bieber, Future"
2023,4,1,132,Good Days,SZA
2023,4,1,133,LIGHT SHOWER,Melanie Martinez
2023,4,1,134,Pure Cocaine,Lil Baby
2023,4,1,135,Flashing Lights,"Kanye West, Dwele"
2023,4,1,136,Grown Man,"Marshmello, Polo G, Southside"
2023,4,1,137,WHAT A DAY,"Tyler, The Creator"
2023,4,1,138,Like Crazy,Jimin
2023,4,1,139,I Wanna Be Yours,Arctic Monkeys
2023,4,1,140,Apocalypse,Cigarettes After Sex
2023,4,1,141,Drip Too Hard (Lil Baby & Gunna),"Lil Baby, Gunna"
2023,4,1,142,Don't,Bryson Tiller
2023,4,1,143,WUSYANAME (feat. Youngboy Never Broke Again & Ty Dolla $ign),"Tyler, The Creator, YoungBoy Never Broke Again, Ty Dolla $ign"
2023,4,1,144,FAERIE SOIRÉE,Melanie Martinez
2023,4,1,145,Enchanted,Taylor Swift
2023,4,1,146,BATTLE OF THE LARYNX,Melanie Martinez
2023,4,1,147,Revenge,XXXTENTACION
2023,4,1,148,Dreams - 2004 Remaster,Fleetwood Mac
2023,4,1,149,I Know,Kanii
2023,4,1,150,Bejeweled,Taylor Swift
2023,4,1,151,All Girls Are The Same,Juice WRLD
2023,4,1,152,Too Many Nights (feat. Don Toliver & with Future),"Metro Boomin, Future, Don Toliver"
2023,4,1,153,CUFF IT,Beyoncé
2023,4,1,154,SPIT IN MY FACE!,ThxSoMch
2023,4,1,155,Mr. Brightside,The Killers
2023,4,1,156,JACKIE BROWN,Brent Faiyaz
2023,4,1,157,Late Night Talking,Harry Styles
2023,4,1,158,Yes Indeed,"Lil Baby, Drake"
2023,4,1,159,STAY (with Justin Bieber),"The Kid LAROI, Justin Bieber"
2023,4,1,160,’98 Braves,Morgan Wallen
2023,4,1,161,SWEET / I THOUGHT YOU WANTED TO DANCE (feat. Brent Faiyaz & Fana Hues),"Tyler, The Creator, Brent Faiyaz, Fana Hues"
2023,4,1,162,Red Ruby Da Sleeze,Nicki Minaj
2023,4,1,163,Eyes Closed,Ed Sheeran
2023,4,1,164,Ric Flair Drip (with Metro Boomin),"Offset, Metro Boomin"
2023,4,1,165,Clouded,Brent Faiyaz
2023,4,1,166,Break from Toronto,PARTYNEXTDOOR
2023,4,1,167,Knife Talk (with 21 Savage ft. Project Pat),"Drake, 21 Savage, Project Pat"
2023,4,1,168,Bound 2,Kanye West
2023,4,1,169,Heading South,Zach Bryan
2023,4,1,170,Hell N Back,Bakar
2023,4,1,171,ALL MINE,Brent Faiyaz
2023,4,1,172,It Was A Good Day,Ice Cube
2023,4,1,173,More Than My Hometown,Morgan Wallen
2023,4,1,174,Blinding Lights,The Weeknd
2023,4,1,175,Sunflower - Spider-Man: Into the Spider-Verse,"Post Malone, Swae Lee"
2023,4,1,176,Efecto,Bad Bunny
2023,4,1,177,The Hills,The Weeknd
2023,4,1,178,Everybody Wants To Rule The World,Tears For Fears
2023,4,1,179,Jaded,Miley Cyrus
2023,4,1,180,The Spins,"Mac Miller, Empire of the Sun"
2023,4,1,181,Heartless (feat. Morgan Wallen),"Diplo, Morgan Wallen"
2023,4,1,182,PRIDE.,Kendrick Lamar
2023,4,1,183,Blue Hair,TV Girl
2023,4,1,184,La Bachata,Manuel Turizo
2023,4,1,185,Wants and Needs (feat. Lil Baby),"Drake, Lil Baby"
2023,4,1,186,Hey Mor,"Ozuna, Feid"
2023,4,1,187,Star Shopping,Lil Peep
2023,4,1,188,HUMBLE.,Kendrick Lamar
2023,4,1,189,LOVE. FEAT. ZACARI.,"Kendrick Lamar, Zacari"
2023,4,1,190,MIDDLE CHILD,J. Cole
2023,4,1,191,Father Stretch My Hands Pt. 1,Kanye West
2023,4,1,192,FLOWER,JISOO
2023,4,1,193,Beautiful Crazy,Luke Combs
2023,4,1,194,Under The Influence,Chris Brown
2023,4,1,195,Nobody Gets Me,SZA
2023,4,1,196,Hot Boy (feat. Lil Baby),"Nardo Wick, Lil Baby"
2023,4,1,197,PUFFIN ON ZOOTIEZ,Future
2023,4,1,198,Love Me,"Lil Wayne, Drake, Future"
2023,4,1,199,Fall In Love,Bailey Zimmerman
2023,4,1,200,It's Called: Freefall,Rainbow Kitten Surprise
2023,5,1,1,Ella Baila Sola,"Eslabon Armado, Peso Pluma"
2023,5,1,2,un x100to,"Grupo Frontera, Bad Bunny"
2023,5,1,3,Last Night,Morgan Wallen
2023,5,1,4,Kill Bill,SZA
2023,5,1,5,La Bebe - Remix,"Yng Lvcas, Peso Pluma"
2023,5,1,6,See You Again (feat. Kali Uchis),"Tyler, The Creator, Kali Uchis"
2023,5,1,7,Boy's a liar Pt. 2,"PinkPantheress, Ice Spice"
2023,5,1,8,Cupid - Twin Ver.,FIFTY FIFTY
2023,5,1,9,Search & Rescue,Drake
2023,5,1,10,PRC,"Peso Pluma, Natanael Cano"
2023,5,1,11,SLUT ME OUT,NLE Choppa
2023,5,1,12,AMG,"Natanael Cano, Peso Pluma, Gabito Ballesteros"
2023,5,1,13,Flowers,Miley Cyrus
2023,5,1,14,Daylight,David Kushner
2023,5,1,15,You Proof,Morgan Wallen
2023,5,1,16,Por las Noches,Peso Pluma
2023,5,1,17,Fast Car,Luke Combs
2023,5,1,18,Anti-Hero,Taylor Swift
2023,5,1,19,Creepin' (with The Weeknd & 21 Savage),"Metro Boomin, The Weeknd, 21 Savage"
2023,5,1,20,Superhero (Heroes & Villains) [with Future & Chris Brown],"Metro Boomin, Future, Chris Brown"
2023,5,1,21,El Azul,"Junior H, Peso Pluma"
2023,5,1,22,Just Wanna Rock,Lil Uzi Vert
2023,5,1,23,No Role Modelz,J. Cole
2023,5,1,24,Double Fantasy (with Future),"The Weeknd, Future"
2023,5,1,25,Calm Down (with Selena Gomez),"Rema, Selena Gomez"
2023,5,1,26,golden hour,JVKE
2023,5,1,27,Moonlight,Kali Uchis
2023,5,1,28,El Gordo Trae El Mando,Chino Pacas
2023,5,1,29,Cruel Summer,Taylor Swift
2023,5,1,30,Die For You,The Weeknd
2023,5,1,31,As It Was,Harry Styles
2023,5,1,32,Rich Flex,"Drake, 21 Savage"
2023,5,1,33,Trance (with Travis Scott & Young Thug),"Metro Boomin, Travis Scott, Young Thug"
2023,5,1,34,Princess Diana (with Nicki Minaj),"Ice Spice, Nicki Minaj"
2023,5,1,35,Thinkin’ Bout Me,Morgan Wallen
2023,5,1,36,Wasted On You,Morgan Wallen
2023,5,1,37,Chemical,Post Malone
2023,5,1,38,Something in the Orange,Zach Bryan
2023,5,1,39,Bad Habit,Steve Lacy
2023,5,1,40,Sure Thing,Miguel
2023,5,1,41,One Thing At A Time,Morgan Wallen
2023,5,1,42,Snooze,SZA
2023,5,1,43,Karma,Taylor Swift
2023,5,1,44,Favorite Song,Toosii
2023,5,1,45,Never Felt So Alone,Labrinth
2023,5,1,46,Rock and A Hard Place,Bailey Zimmerman
2023,5,1,47,Bebe Dame,"Fuerza Regida, Grupo Frontera"
2023,5,1,48,Romantic Homicide,d4vd
2023,5,1,49,Players,Coi Leray
2023,5,1,50,Watch This - ARIZONATEARS Pluggnb Remix,"Lil Uzi Vert, sped up nightcore, ARIZONATEARS"
2023,5,1,51,Money Trees,"Kendrick Lamar, Jay Rock"
2023,5,1,52,They Don't Love It,Jack Harlow
2023,5,1,53,CHANEL,"Becky G, Peso Pluma"
2023,5,1,54,TQG,"KAROL G, Shakira"
2023,5,1,55,Jimmy Cooks (feat. 21 Savage),"Drake, 21 Savage"
2023,5,1,56,Lavender Haze,Taylor Swift
2023,5,1,57,ceilings,Lizzy McAlpine
2023,5,1,58,Die For You (with Ariana Grande) - Remix,"The Weeknd, Ariana Grande"
2023,5,1,59,Here With Me,d4vd
2023,5,1,60,Sweater Weather,The Neighbourhood
2023,5,1,61,Shut up My Moms Calling,Hotel Ugly
2023,5,1,62,BESO,"ROSALÍA, Rauw Alejandro"
2023,5,1,63,Pink + White,Frank Ocean
2023,5,1,64,I Ain't Worried,OneRepublic
2023,5,1,65,Low Down,Lil Baby
2023,5,1,66,Don’t Blame Me,Taylor Swift
2023,5,1,67,Glock In My Lap,"21 Savage, Metro Boomin"
2023,5,1,68,family ties (with Kendrick Lamar),"Baby Keem, Kendrick Lamar"
2023,5,1,69,The Kind of Love We Make,Luke Combs
2023,5,1,70,Lovers Rock,TV Girl
2023,5,1,71,The Color Violet,Tory Lanez
2023,5,1,72,Heartless,Kanye West
2023,5,1,73,Escapism.,"RAYE, 070 Shake"
2023,5,1,74,Dark Red,Steve Lacy
2023,5,1,75,Whiskey Glasses,Morgan Wallen
2023,5,1,76,Kill Bill (feat. Doja Cat),"SZA, Doja Cat"
2023,5,1,77,Spin Bout U,"Drake, 21 Savage"
2023,5,1,78,WAIT FOR U (feat. Drake & Tems),"Future, Drake, Tems"
2023,5,1,79,Me Porto Bonito,"Bad Bunny, Chencho Corleone"
2023,5,1,80,cardigan,Taylor Swift
2023,5,1,81,Low,SZA
2023,5,1,82,Frágil,"Yahritza Y Su Esencia, Grupo Frontera"
2023,5,1,83,Thought You Should Know,Morgan Wallen
2023,5,1,84,PRIDE.,Kendrick Lamar
2023,5,1,85,Blank Space,Taylor Swift
2023,5,1,86,Freestyle,Lil Baby
2023,5,1,87,DOGTOOTH,"Tyler, The Creator"
2023,5,1,88,Que Vuelvas,"Carin Leon, Grupo Frontera"
2023,5,1,89,Chasin' You,Morgan Wallen
2023,5,1,90,Style,Taylor Swift
2023,5,1,91,Ch y la Pizza,"Fuerza Regida, Natanael Cano"
2023,5,1,92,Unholy (feat. Kim Petras),"Sam Smith, Kim Petras"
2023,5,1,93,Wet Dreamz,J. Cole
2023,5,1,94,Blue Hair,TV Girl
2023,5,1,95,All Of The Girls You Loved Before,Taylor Swift
2023,5,1,96,Ain’t That Some,Morgan Wallen
2023,5,1,97,PAINTING PICTURES,Superstar Pride
2023,5,1,98,Too Many Nights (feat. Don Toliver & with Future),"Metro Boomin, Future, Don Toliver"
2023,5,1,99,505,Arctic Monkeys
2023,5,1,100,Heart To Heart,Mac DeMarco
2023,5,1,101,Igualito a Mi Apá,"Fuerza Regida, Peso Pluma"
2023,5,1,102,Starboy,"The Weeknd, Daft Punk"
2023,5,1,103,Everything I Love,Morgan Wallen
2023,5,1,104,I'm Good (Blue),"David Guetta, Bebe Rexha"
2023,5,1,105,Tití Me Preguntó,Bad Bunny
2023,5,1,106,Until I Found You (with Em Beihold) - Em Beihold Version,"Stephen Sanchez, Em Beihold"
2023,5,1,107,Peaches,Jack Black
2023,5,1,108,Hell N Back,Bakar
2023,5,1,109,Stargirl Interlude,"The Weeknd, Lana Del Rey"
2023,5,1,110,Clouded,Brent Faiyaz
2023,5,1,111,Fin de Semana,"Oscar Maydon, Junior H"
2023,5,1,112,Cowgirls (feat. ERNEST),"Morgan Wallen, ERNEST"
2023,5,1,113,Flashing Lights,"Kanye West, Dwele"
2023,5,1,114,Enchanted,Taylor Swift
2023,5,1,115,Space Song,Beach House
2023,5,1,116,CLASSY 101,"Feid, Young Miko"
2023,5,1,117,Midnight Rain,Taylor Swift
2023,5,1,118,Nonsense,Sabrina Carpenter
2023,5,1,119,Las Morras,"Peso Pluma, Blessd"
2023,5,1,120,Dreams - 2004 Remaster,Fleetwood Mac
2023,5,1,121,Everlong,Foo Fighters
2023,5,1,122,Sunflower - Spider-Man: Into the Spider-Verse,"Post Malone, Swae Lee"
2023,5,1,123,Common Ground,Jack Harlow
2023,5,1,124,I Like You (A Happier Song) (with Doja Cat),"Post Malone, Doja Cat"
2023,5,1,125,Apocalypse,Cigarettes After Sex
2023,5,1,126,Bejeweled,Taylor Swift
2023,5,1,127,Yes Indeed,"Lil Baby, Drake"
2023,5,1,128,Pure Cocaine,Lil Baby
2023,5,1,129,Heat Waves,Glass Animals
2023,5,1,130,More Than My Hometown,Morgan Wallen
2023,5,1,131,I Wanna Be Yours,Arctic Monkeys
2023,5,1,132,Tennessee Whiskey,Chris Stapleton
2023,5,1,133,LOVE. FEAT. ZACARI.,"Kendrick Lamar, Zacari"
2023,5,1,134,"After The Storm (feat. Tyler, The Creator & Bootsy Collins)","Kali Uchis, Tyler, The Creator, Bootsy Collins"
2023,5,1,135,Private Landing (feat. Justin Bieber & Future),"Don Toliver, Justin Bieber, Future"
2023,5,1,136,Good Days,SZA
2023,5,1,137,HUMBLE.,Kendrick Lamar
2023,5,1,138,Drip Too Hard (Lil Baby & Gunna),"Lil Baby, Gunna"
2023,5,1,139,Don't,Bryson Tiller
2023,5,1,140,Bound 2,Kanye West
2023,5,1,141,Heartless (feat. Morgan Wallen),"Diplo, Morgan Wallen"
2023,5,1,142,Revenge,XXXTENTACION
2023,5,1,143,Everybody Wants To Rule The World,Tears For Fears
2023,5,1,144,Father Stretch My Hands Pt. 1,Kanye West
2023,5,1,145,Love Sosa,Chief Keef
2023,5,1,146,Mr. Brightside,The Killers
2023,5,1,147,Knife Talk (with 21 Savage ft. Project Pat),"Drake, 21 Savage, Project Pat"
2023,5,1,148,It Was A Good Day,Ice Cube
2023,5,1,149,ORANGE SODA,Baby Keem
2023,5,1,150,20 Min,Lil Uzi Vert
2023,5,1,151,Man Made A Bar (feat. Eric Church),"Morgan Wallen, Eric Church"
2023,5,1,152,Yandel 150,"Yandel, Feid"
2023,5,1,153,Shirt,SZA
2023,5,1,154,NEW MAGIC WAND,"Tyler, The Creator"
2023,5,1,155,I Wrote The Book,Morgan Wallen
2023,5,1,156,Passionfruit,Drake
2023,5,1,157,Ric Flair Drip (with Metro Boomin),"Offset, Metro Boomin"
2023,5,1,158,Dijeron Que No La Iba Lograr,"Chino Pacas, Fuerza Regida"
2023,5,1,159,"You're On Your Own, Kid",Taylor Swift
2023,5,1,160,When It Rains It Pours,Luke Combs
2023,5,1,161,Out thë way,Yeat
2023,5,1,162,Love You Anyway,Luke Combs
2023,5,1,163,Lover,Taylor Swift
2023,5,1,164,Fair Trade (with Travis Scott),"Drake, Travis Scott"
2023,5,1,165,Break from Toronto,PARTYNEXTDOOR
2023,5,1,166,El Tsurito,"Junior H, Peso Pluma, Gabito Ballesteros"
2023,5,1,167,MIDDLE CHILD,J. Cole
2023,5,1,168,Runnin,"21 Savage, Metro Boomin"
2023,5,1,169,The Hills,The Weeknd
2023,5,1,170,august,Taylor Swift
2023,5,1,171,PUFFIN ON ZOOTIEZ,Future
2023,5,1,172,Di Que Si,"Grupo Marca Registrada, Grupo Frontera"
2023,5,1,173,The Spins,"Mac Miller, Empire of the Sun"
2023,5,1,174,Heading South,Zach Bryan
2023,5,1,175,ALL MINE,Brent Faiyaz
2023,5,1,176,OMG,NewJeans
2023,5,1,177,EARFQUAKE,"Tyler, The Creator"
2023,5,1,178,Is That Ight?,Jack Harlow
2023,5,1,179,Buy Dirt,"Jordan Davis, Luke Bryan"
2023,5,1,180,Ni**as In Paris,"JAY-Z, Kanye West"
2023,5,1,181,Love Me,"Lil Wayne, Drake, Future"
2023,5,1,182,El Gavilán,"Luis R Conriquez, Tony Aguirre, Peso Pluma"
2023,5,1,183,JACKIE BROWN,Brent Faiyaz
2023,5,1,184,SORRY NOT SORRY,"Tyler, The Creator"
2023,5,1,185,Blinding Lights,The Weeknd
2023,5,1,186,Novacane,Frank Ocean
2023,5,1,187,All Girls Are The Same,Juice WRLD
2023,5,1,188,Denver,Jack Harlow
2023,5,1,189,Wants and Needs (feat. Lil Baby),"Drake, Lil Baby"
2023,5,1,190,No Se Va - EN VIVO,Grupo Frontera
2023,5,1,191,HONEST,Baby Keem
2023,5,1,192,Riptide,Vance Joy
2023,5,1,193,Lost,Frank Ocean
2023,5,1,194,P power (feat. Drake),"Gunna, Drake"
2023,5,1,195,Sunrise,Morgan Wallen
2023,5,1,196,Efecto,Bad Bunny
2023,5,1,197,Ambitious,Jack Harlow
2023,5,1,198,The Less I Know The Better,Tame Impala
2023,5,1,199,Star Shopping,Lil Peep
2023,5,1,200,BEST INTEREST,"Tyler, The Creator"
2023,6,1,1,Ella Baila Sola,"Eslabon Armado, Peso Pluma"
2023,6,1,2,Last Night,Morgan Wallen
2023,6,1,3,All My Life (feat. J. Cole),"Lil Durk, J. Cole"
2023,6,1,4,WHERE SHE GOES,Bad Bunny
2023,6,1,5,un x100to,"Grupo Frontera, Bad Bunny"
2023,6,1,6,Hits Different,Taylor Swift
2023,6,1,7,Kill Bill,SZA
2023,6,1,8,La Bebe - Remix,"Yng Lvcas, Peso Pluma"
2023,6,1,9,See You Again (feat. Kali Uchis),"Tyler, The Creator, Kali Uchis"
2023,6,1,10,Karma (feat. Ice Spice),"Taylor Swift, Ice Spice"
2023,6,1,11,Cupid - Twin Ver.,FIFTY FIFTY
2023,6,1,12,Boy's a liar Pt. 2,"PinkPantheress, Ice Spice"
2023,6,1,13,Fast Car,Luke Combs
2023,6,1,14,Anti-Hero,Taylor Swift
2023,6,1,15,You Proof,Morgan Wallen
2023,6,1,16,Cruel Summer,Taylor Swift
2023,6,1,17,Stand By Me (feat. Morgan Wallen),"Lil Durk, Morgan Wallen"
2023,6,1,18,Search & Rescue,Drake
2023,6,1,19,Area Codes,Kaliii
2023,6,1,20,Flowers,Miley Cyrus
2023,6,1,21,TQM,Fuerza Regida
2023,6,1,22,Snow On The Beach (feat. More Lana Del Rey),"Taylor Swift, Lana Del Rey"
2023,6,1,23,Wasted On You,Morgan Wallen
2023,6,1,24,PRC,"Peso Pluma, Natanael Cano"
2023,6,1,25,No Role Modelz,J. Cole
2023,6,1,26,Something in the Orange,Zach Bryan
2023,6,1,27,El Azul,"Junior H, Peso Pluma"
2023,6,1,28,As It Was,Harry Styles
2023,6,1,29,Por las Noches,Peso Pluma
2023,6,1,30,AMG,"Natanael Cano, Peso Pluma, Gabito Ballesteros"
2023,6,1,31,Karma,Taylor Swift
2023,6,1,32,Thinkin’ Bout Me,Morgan Wallen
2023,6,1,33,Creepin' (with The Weeknd & 21 Savage),"Metro Boomin, The Weeknd, 21 Savage"
2023,6,1,34,Daylight,David Kushner
2023,6,1,35,Moonlight,Kali Uchis
2023,6,1,36,SLUT ME OUT,NLE Choppa
2023,6,1,37,War Bout It (feat. 21 Savage),"Lil Durk, 21 Savage"
2023,6,1,38,Calm Down (with Selena Gomez),"Rema, Selena Gomez"
2023,6,1,39,Superhero (Heroes & Villains) [with Future & Chris Brown],"Metro Boomin, Future, Chris Brown"
2023,6,1,40,Lavender Haze,Taylor Swift
2023,6,1,41,Money Trees,"Kendrick Lamar, Jay Rock"
2023,6,1,42,golden hour,JVKE
2023,6,1,43,Bad Habit,Steve Lacy
2023,6,1,44,Die For You,The Weeknd
2023,6,1,45,Just Wanna Rock,Lil Uzi Vert
2023,6,1,46,Rich Flex,"Drake, 21 Savage"
2023,6,1,47,AMERICA HAS A PROBLEM (feat. Kendrick Lamar),"Beyoncé, Kendrick Lamar"
2023,6,1,48,Say Yes To Heaven,Lana Del Rey
2023,6,1,49,Dance The Night - From Barbie The Album,Dua Lipa
2023,6,1,50,Sure Thing,Miguel
2023,6,1,51,MATHEMATICAL DISRESPECT,Lil Mabu
2023,6,1,52,El Gordo Trae El Mando,Chino Pacas
2023,6,1,53,One Thing At A Time,Morgan Wallen
2023,6,1,54,Trance (with Travis Scott & Young Thug),"Metro Boomin, Travis Scott, Young Thug"
2023,6,1,55,Bye,Peso Pluma
2023,6,1,56,Snooze,SZA
2023,6,1,57,Jimmy Cooks (feat. 21 Savage),"Drake, 21 Savage"
2023,6,1,58,The Kind of Love We Make,Luke Combs
2023,6,1,59,Whiskey Glasses,Morgan Wallen
2023,6,1,60,I Ain't Worried,OneRepublic
2023,6,1,61,Romantic Homicide,d4vd
2023,6,1,62,Style,Taylor Swift
2023,6,1,63,Blank Space,Taylor Swift
2023,6,1,64,CHANEL,"Becky G, Peso Pluma"
2023,6,1,65,Princess Diana (with Nicki Minaj),"Ice Spice, Nicki Minaj"
2023,6,1,66,cardigan,Taylor Swift
2023,6,1,67,Chasin' You,Morgan Wallen
2023,6,1,68,I Wonder,Kanye West
2023,6,1,69,Don’t Blame Me,Taylor Swift
2023,6,1,70,Bebe Dame,"Fuerza Regida, Grupo Frontera"
2023,6,1,71,Here With Me,d4vd
2023,6,1,72,Sweater Weather,The Neighbourhood
2023,6,1,73,TQG,"KAROL G, Shakira"
2023,6,1,74,family ties (with Kendrick Lamar),"Baby Keem, Kendrick Lamar"
2023,6,1,75,Favorite Song,Toosii
2023,6,1,76,Chemical,Post Malone
2023,6,1,77,Watch This - ARIZONATEARS Pluggnb Remix,"Lil Uzi Vert, sped up nightcore, ARIZONATEARS"
2023,6,1,78,Pink + White,Frank Ocean
2023,6,1,79,Glock In My Lap,"21 Savage, Metro Boomin"
2023,6,1,80,Enchanted,Taylor Swift
2023,6,1,81,Thought You Should Know,Morgan Wallen
2023,6,1,82,Shut up My Moms Calling,Hotel Ugly
2023,6,1,83,The Color Violet,Tory Lanez
2023,6,1,84,Mourning,Post Malone
2023,6,1,85,WAIT FOR U (feat. Drake & Tems),"Future, Drake, Tems"
2023,6,1,86,Sunflower - Spider-Man: Into the Spider-Verse,"Post Malone, Swae Lee"
2023,6,1,87,Die For You (with Ariana Grande) - Remix,"The Weeknd, Ariana Grande"
2023,6,1,88,Me Porto Bonito,"Bad Bunny, Chencho Corleone"
2023,6,1,89,Lovers Rock,TV Girl
2023,6,1,90,Heartless,Kanye West
2023,6,1,91,Frágil,"Yahritza Y Su Esencia, Grupo Frontera"
2023,6,1,92,Players,Coi Leray
2023,6,1,93,Fin de Semana,"Oscar Maydon, Junior H"
2023,6,1,94,When It Rains It Pours,Luke Combs
2023,6,1,95,Freestyle,Lil Baby
2023,6,1,96,Spin Bout U,"Drake, 21 Savage"
2023,6,1,97,Rock and A Hard Place,Bailey Zimmerman
2023,6,1,98,Heat Waves,Glass Animals
2023,6,1,99,BESO,"ROSALÍA, Rauw Alejandro"
2023,6,1,100,Midnight Rain,Taylor Swift
2023,6,1,101,Pelle Coat,Lil Durk
2023,6,1,102,Flashing Lights,"Kanye West, Dwele"
2023,6,1,103,Bejeweled,Taylor Swift
2023,6,1,104,Tennessee Whiskey,Chris Stapleton
2023,6,1,105,Cowgirls (feat. ERNEST),"Morgan Wallen, ERNEST"
2023,6,1,106,Heading South,Zach Bryan
2023,6,1,107,Clouded,Brent Faiyaz
2023,6,1,108,Next Thing You Know,Jordan Davis
2023,6,1,109,Dark Red,Steve Lacy
2023,6,1,110,Que Vuelvas,"Carin Leon, Grupo Frontera"
2023,6,1,111,Ain’t That Some,Morgan Wallen
2023,6,1,112,Too Many Nights (feat. Don Toliver & with Future),"Metro Boomin, Future, Don Toliver"
2023,6,1,113,Dreams - 2004 Remaster,Fleetwood Mac
2023,6,1,114,ceilings,Lizzy McAlpine
2023,6,1,115,Tennessee Orange,Megan Moroney
2023,6,1,116,Tití Me Preguntó,Bad Bunny
2023,6,1,117,Wet Dreamz,J. Cole
2023,6,1,118,Buy Dirt,"Jordan Davis, Luke Bryan"
2023,6,1,119,Maroon,Taylor Swift
2023,6,1,120,505,Arctic Monkeys
2023,6,1,121,The Spins,"Mac Miller, Empire of the Sun"
2023,6,1,122,CLASSY 101,"Feid, Young Miko"
2023,6,1,123,"You're On Your Own, Kid",Taylor Swift
2023,6,1,124,Everybody Wants To Rule The World,Tears For Fears
2023,6,1,125,Abcdario,"Eden Muñoz, Junior H"
2023,6,1,126,Everlong,Foo Fighters
2023,6,1,127,PRIDE.,Kendrick Lamar
2023,6,1,128,I'm Good (Blue),"David Guetta, Bebe Rexha"
2023,6,1,129,Blue Hair,TV Girl
2023,6,1,130,Nonsense,Sabrina Carpenter
2023,6,1,131,Pure Cocaine,Lil Baby
2023,6,1,132,Igualito a Mi Apá,"Fuerza Regida, Peso Pluma"
2023,6,1,133,Hell N Back,Bakar
2023,6,1,134,Feathered Indians,Tyler Childers
2023,6,1,135,Las Morras,"Peso Pluma, Blessd"
2023,6,1,136,20 Min,Lil Uzi Vert
2023,6,1,137,More Than My Hometown,Morgan Wallen
2023,6,1,138,Cross The Globe (feat. Juice WRLD),"Lil Durk, Juice WRLD"
2023,6,1,139,Never Felt So Alone,Labrinth
2023,6,1,140,Broadway Girls (feat. Morgan Wallen),"Lil Durk, Morgan Wallen"
2023,6,1,141,My wrist (with Young Thug),"Yeat, Young Thug"
2023,6,1,142,Low,SZA
2023,6,1,143,Lover,Taylor Swift
2023,6,1,144,Ch y la Pizza,"Fuerza Regida, Natanael Cano"
2023,6,1,145,Space Song,Beach House
2023,6,1,146,Unholy (feat. Kim Petras),"Sam Smith, Kim Petras"
2023,6,1,147,Everything I Love,Morgan Wallen
2023,6,1,148,Escapism.,"RAYE, 070 Shake"
2023,6,1,149,Heartless (feat. Morgan Wallen),"Diplo, Morgan Wallen"
2023,6,1,150,Until I Found You (with Em Beihold) - Em Beihold Version,"Stephen Sanchez, Em Beihold"
2023,6,1,151,Mr. Brightside,The Killers
2023,6,1,152,It Was A Good Day,Ice Cube
2023,6,1,153,Passionfruit,Drake
2023,6,1,154,"Angel Pt. 1 (feat. Jimin of BTS, JVKE & Muni Long)","Kodak Black, NLE Choppa, Jimin, JVKE, Muni Long, Fast & Furious: The Fast Saga"
2023,6,1,155,Beautiful Crazy,Luke Combs
2023,6,1,156,august,Taylor Swift
2023,6,1,157,Low Down,Lil Baby
2023,6,1,158,Sun to Me,Zach Bryan
2023,6,1,159,LOVE. FEAT. ZACARI.,"Kendrick Lamar, Zacari"
2023,6,1,160,Getaway Car,Taylor Swift
2023,6,1,161,Heart To Heart,Mac DeMarco
2023,6,1,162,Bound 2,Kanye West
2023,6,1,163,SHAKE SUMN,DaBaby
2023,6,1,164,Party In The U.S.A.,Miley Cyrus
2023,6,1,165,All Of The Girls You Loved Before,Taylor Swift
2023,6,1,166,Starboy,"The Weeknd, Daft Punk"
2023,6,1,167,Stargirl Interlude,"The Weeknd, Lana Del Rey"
2023,6,1,168,Yandel 150,"Yandel, Feid"
2023,6,1,169,All Your'n,Tyler Childers
2023,6,1,170,Father Stretch My Hands Pt. 1,Kanye West
2023,6,1,171,Apocalypse,Cigarettes After Sex
2023,6,1,172,Go Hard,Lil Baby
2023,6,1,173,Chicken Fried,Zac Brown Band
2023,6,1,174,I Like You (A Happier Song) (with Doja Cat),"Post Malone, Doja Cat"
2023,6,1,175,Ric Flair Drip (with Metro Boomin),"Offset, Metro Boomin"
2023,6,1,176,Good Days,SZA
2023,6,1,177,ORANGE SODA,Baby Keem
2023,6,1,178,Drip Too Hard (Lil Baby & Gunna),"Lil Baby, Gunna"
2023,6,1,179,Yes Indeed,"Lil Baby, Drake"
2023,6,1,180,I Wanna Be Yours,Arctic Monkeys
2023,6,1,181,PUFFIN ON ZOOTIEZ,Future
2023,6,1,182,7 Summers,Morgan Wallen
2023,6,1,183,Don't,Bryson Tiller
2023,6,1,184,Dog Days Are Over,Florence + The Machine
2023,6,1,185,HUMBLE.,Kendrick Lamar
2023,6,1,186,Wild as Her,Corey Kent
2023,6,1,187,Runnin,"21 Savage, Metro Boomin"
2023,6,1,188,Don't Stop Believin',Journey
2023,6,1,189,Wants and Needs (feat. Lil Baby),"Drake, Lil Baby"
2023,6,1,190,Vigilante Shit,Taylor Swift
2023,6,1,191,Riptide,Vance Joy
2023,6,1,192,Novacane,Frank Ocean
2023,6,1,193,She Had Me At Heads Carolina,Cole Swindell
2023,6,1,194,Circles,Post Malone
2023,6,1,195,Coco Chanel,"Eladio Carrion, Bad Bunny"
2023,6,1,196,Dancin’ In The Country,Tyler Hubbard
2023,6,1,197,MIDDLE CHILD,J. Cole
2023,6,1,198,Break from Toronto,PARTYNEXTDOOR
2023,6,1,199,Ain't No Mountain High Enough,"Marvin Gaye, Tammi Terrell"
2023,6,1,200,ball w/o you,21 Savage
2023,7,1,1,vampire,Olivia Rodrigo
2023,7,1,2,Last Night,Morgan Wallen
2023,7,1,3,Flooded The Face,Lil Uzi Vert
2023,7,1,4,Ella Baila Sola,"Eslabon Armado, Peso Pluma"
2023,7,1,5,Cruel Summer,Taylor Swift
2023,7,1,6,fukumean,Gunna
2023,7,1,7,Fast Car,Luke Combs
2023,7,1,8,Endless Fashion (feat. Nicki Minaj),"Lil Uzi Vert, Nicki Minaj"
2023,7,1,9,Suicide Doors,Lil Uzi Vert
2023,7,1,10,Kill Bill,SZA
2023,7,1,11,Aye (feat. Travis Scott),"Lil Uzi Vert, Travis Scott"
2023,7,1,12,un x100to,"Grupo Frontera, Bad Bunny"
2023,7,1,13,You Proof,Morgan Wallen
2023,7,1,14,LADY GAGA,"Peso Pluma, Gabito Ballesteros, Junior H"
2023,7,1,15,See You Again (feat. Kali Uchis),"Tyler, The Creator, Kali Uchis"
2023,7,1,16,La Bebe - Remix,"Yng Lvcas, Peso Pluma"
2023,7,1,17,All My Life (feat. J. Cole),"Lil Durk, J. Cole"
2023,7,1,18,Barbie World (with Aqua) [From Barbie The Album],"Nicki Minaj, Ice Spice, Aqua"
2023,7,1,19,I Gotta,Lil Uzi Vert
2023,7,1,20,WHERE SHE GOES,Bad Bunny
2023,7,1,21,Just Wanna Rock,Lil Uzi Vert
2023,7,1,22,Wasted On You,Morgan Wallen
2023,7,1,23,MOJABI GHOST,"Tainy, Bad Bunny"
2023,7,1,24,SABOR FRESA,Fuerza Regida
2023,7,1,25,Something in the Orange,Zach Bryan
2023,7,1,26,Flowers,Miley Cyrus
2023,7,1,27,El Azul,"Junior H, Peso Pluma"
2023,7,1,28,TQM,Fuerza Regida
2023,7,1,29,Boy's a liar Pt. 2,"PinkPantheress, Ice Spice"
2023,7,1,30,As It Was,Harry Styles
2023,7,1,31,Crush Em,Lil Uzi Vert
2023,7,1,32,Thinkin’ Bout Me,Morgan Wallen
2023,7,1,33,x2,Lil Uzi Vert
2023,7,1,34,LUNA,"Peso Pluma, Junior H"
2023,7,1,35,No Role Modelz,J. Cole
2023,7,1,36,Pluto to Mars,Lil Uzi Vert
2023,7,1,37,Cupid - Twin Ver.,FIFTY FIFTY
2023,7,1,38,TULUM,"Peso Pluma, Grupo Frontera"
2023,7,1,39,Karma,Taylor Swift
2023,7,1,40,Area Codes,Kaliii
2023,7,1,41,"Peso Pluma: Bzrp Music Sessions, Vol. 55","Bizarrap, Peso Pluma"
2023,7,1,42,Search & Rescue,Drake
2023,7,1,43,Anti-Hero,Taylor Swift
2023,7,1,44,Party In The U.S.A.,Miley Cyrus
2023,7,1,45,Spin Again,Lil Uzi Vert
2023,7,1,46,"Calling (Spider-Man: Across the Spider-Verse) (Metro Boomin & Swae Lee, NAV, feat. A Boogie Wit da Hoodie)","Metro Boomin, Swae Lee, NAV, A Boogie Wit da Hoodie"
2023,7,1,47,Sunflower - Spider-Man: Into the Spider-Verse,"Post Malone, Swae Lee"
2023,7,1,48,Amped,Lil Uzi Vert
2023,7,1,49,Calm Down (with Selena Gomez),"Rema, Selena Gomez"
2023,7,1,50,Creepin' (with The Weeknd & 21 Savage),"Metro Boomin, The Weeknd, 21 Savage"
2023,7,1,51,BYE,Peso Pluma
2023,7,1,52,Werewolf (feat. Bring Me The Horizon),"Lil Uzi Vert, Bring Me The Horizon"
2023,7,1,53,Nakamura,Lil Uzi Vert
2023,7,1,54,Moonlight,Kali Uchis
2023,7,1,55,I Ain't Worried,OneRepublic
2023,7,1,56,Daylight,David Kushner
2023,7,1,57,Por las Noches,Peso Pluma
2023,7,1,58,Whiskey Glasses,Morgan Wallen
2023,7,1,59,Snooze,SZA
2023,7,1,60,El Gordo Trae El Mando,Chino Pacas
2023,7,1,61,"Mama, I’m Sorry",Lil Uzi Vert
2023,7,1,62,Patience (feat. Don Toliver),"Lil Uzi Vert, Don Toliver"
2023,7,1,63,Dial Drunk,Noah Kahan
2023,7,1,64,Money Trees,"Kendrick Lamar, Jay Rock"
2023,7,1,65,PRC,"Peso Pluma, Natanael Cano"
2023,7,1,66,Oh U Went (feat. Drake),"Young Thug, Drake"
2023,7,1,67,Stand By Me (feat. Morgan Wallen),"Lil Durk, Morgan Wallen"
2023,7,1,68,Jimmy Cooks (feat. 21 Savage),"Drake, 21 Savage"
2023,7,1,69,"Am I Dreaming (Metro Boomin & A$AP Rocky, Roisee)","Metro Boomin, A$AP Rocky, Roisee"
2023,7,1,70,Superhero (Heroes & Villains) [with Future & Chris Brown],"Metro Boomin, Future, Chris Brown"
2023,7,1,71,Die For You,The Weeknd
2023,7,1,72,golden hour,JVKE
2023,7,1,73,The Kind of Love We Make,Luke Combs
2023,7,1,74,Blank Space,Taylor Swift
2023,7,1,75,Died and Came Back,Lil Uzi Vert
2023,7,1,76,Style,Taylor Swift
2023,7,1,77,Rich Flex,"Drake, 21 Savage"
2023,7,1,78,Bad Habit,Steve Lacy
2023,7,1,79,Sure Thing,Miguel
2023,7,1,80,Chasin' You,Morgan Wallen
2023,7,1,81,Chicken Fried,Zac Brown Band
2023,7,1,82,Pink + White,Frank Ocean
2023,7,1,83,All Alone,Lil Uzi Vert
2023,7,1,84,When It Rains It Pours,Luke Combs
2023,7,1,85,Attention,Doja Cat
2023,7,1,86,Sweater Weather,The Neighbourhood
2023,7,1,87,Popular (with Playboi Carti & Madonna) - Music from the HBO Original Series,"The Weeknd, Playboi Carti, Madonna"
2023,7,1,88,Trance (with Travis Scott & Young Thug),"Metro Boomin, Travis Scott, Young Thug"
2023,7,1,89,Enchanted,Taylor Swift
2023,7,1,90,The End (feat. BABYMETAL),"Lil Uzi Vert, BABYMETAL"
2023,7,1,91,"Annihilate (Spider-Man: Across the Spider-Verse) (Metro Boomin & Swae Lee, Lil Wayne, Offset)","Metro Boomin, Swae Lee, Lil Wayne, Offset"
2023,7,1,92,Dreams - 2004 Remaster,Fleetwood Mac
2023,7,1,93,cardigan,Taylor Swift
2023,7,1,94,Doomsday (with Juice WRLD & Cordae),"Lyrical Lemonade, Juice WRLD, Cordae"
2023,7,1,95,AMG,"Natanael Cano, Peso Pluma, Gabito Ballesteros"
2023,7,1,96,Thought You Should Know,Morgan Wallen
2023,7,1,97,I Wonder,Kanye West
2023,7,1,98,SLUT ME OUT,NLE Choppa
2023,7,1,99,Frágil,"Yahritza Y Su Esencia, Grupo Frontera"
2023,7,1,100,Romantic Homicide,d4vd
2023,7,1,101,Fire Alarm (feat. Snow Strippers),"Lil Uzi Vert, Snow Strippers"
2023,7,1,102,Zoom (Bonus Track),Lil Uzi Vert
2023,7,1,103,Don’t Blame Me,Taylor Swift
2023,7,1,104,Tennessee Whiskey,Chris Stapleton
2023,7,1,105,Too Many Nights (feat. Don Toliver & with Future),"Metro Boomin, Future, Don Toliver"
2023,7,1,106,VVS,"Peso Pluma, Edgardo Nuñez, Los Dareyes De La Sierra"
2023,7,1,107,Fortunate Son,Creedence Clearwater Revival
2023,7,1,108,That Fiya,Lil Uzi Vert
2023,7,1,109,Self Love (Spider-Man: Across the Spider-Verse) (Metro Boomin & Coi Leray),"Metro Boomin, Coi Leray"
2023,7,1,110,Heading South,Zach Bryan
2023,7,1,111,One Thing At A Time,Morgan Wallen
2023,7,1,112,Rock and A Hard Place,Bailey Zimmerman
2023,7,1,113,Heat Waves,Glass Animals
2023,7,1,114,Shut up My Moms Calling,Hotel Ugly
2023,7,1,115,The Color Violet,Tory Lanez
2023,7,1,116,Next Thing You Know,Jordan Davis
2023,7,1,117,Me Porto Bonito,"Bad Bunny, Chencho Corleone"
2023,7,1,118,Dance The Night - From Barbie The Album,Dua Lipa
2023,7,1,119,family ties (with Kendrick Lamar),"Baby Keem, Kendrick Lamar"
2023,7,1,120,Buy Dirt,"Jordan Davis, Luke Bryan"
2023,7,1,121,Heartless,Kanye West
2023,7,1,122,Tennessee Orange,Megan Moroney
2023,7,1,123,WAIT FOR U (feat. Drake & Tems),"Future, Drake, Tems"
2023,7,1,124,Bebe Dame,"Fuerza Regida, Grupo Frontera"
2023,7,1,125,Chemical,Post Malone
2023,7,1,126,Ain’t That Some,Morgan Wallen
2023,7,1,127,CLASSY 101,"Feid, Young Miko"
2023,7,1,128,Lavender Haze,Taylor Swift
2023,7,1,129,Religiously,Bailey Zimmerman
2023,7,1,130,Flashing Lights,"Kanye West, Dwele"
2023,7,1,131,Like Crazy,Jimin
2023,7,1,132,august,Taylor Swift
2023,7,1,133,More Than My Hometown,Morgan Wallen
2023,7,1,134,Feathered Indians,Tyler Childers
2023,7,1,135,Clouded,Brent Faiyaz
2023,7,1,136,Glock In My Lap,"21 Savage, Metro Boomin"
2023,7,1,137,Mr. Brightside,The Killers
2023,7,1,138,Cowgirls (feat. ERNEST),"Morgan Wallen, ERNEST"
2023,7,1,139,Everybody Wants To Rule The World,Tears For Fears
2023,7,1,140,Peaches & Eggplants (feat. 21 Savage),"Young Nudy, 21 Savage"
2023,7,1,141,RUBICON,Peso Pluma
2023,7,1,142,Dancin’ In The Country,Tyler Hubbard
2023,7,1,143,LAGUNAS,"Peso Pluma, Jasiel Nuñez"
2023,7,1,144,CS,Lil Uzi Vert
2023,7,1,145,All Your'n,Tyler Childers
2023,7,1,146,Lovers Rock,TV Girl
2023,7,1,147,Mona Lisa (Spider-Man: Across the Spider-Verse),Dominic Fike
2023,7,1,148,Princess Diana (with Nicki Minaj),"Ice Spice, Nicki Minaj"
2023,7,1,149,Dark Red,Steve Lacy
2023,7,1,150,Wagon Wheel,Darius Rucker
2023,7,1,151,TQG,"KAROL G, Shakira"
2023,7,1,152,Lover,Taylor Swift
2023,7,1,153,Brown Eyed Girl,Van Morrison
2023,7,1,154,Heartless (feat. Morgan Wallen),"Diplo, Morgan Wallen"
2023,7,1,155,We Didn’t Start The Fire,Fall Out Boy
2023,7,1,156,Sun to Me,Zach Bryan
2023,7,1,157,Die For You (with Ariana Grande) - Remix,"The Weeknd, Ariana Grande"
2023,7,1,158,7 Summers,Morgan Wallen
2023,7,1,159,Favorite Song,Toosii
2023,7,1,160,Spin Bout U,"Drake, 21 Savage"
2023,7,1,161,You Should Probably Leave,Chris Stapleton
2023,7,1,162,Here With Me,d4vd
2023,7,1,163,CHANEL,"Becky G, Peso Pluma"
2023,7,1,164,Hell N Back,Bakar
2023,7,1,165,505,Arctic Monkeys
2023,7,1,166,Freestyle,Lil Baby
2023,7,1,167,Ain't No Mountain High Enough,"Marvin Gaye, Tammi Terrell"
2023,7,1,168,Rich Girl,Daryl Hall & John Oates
2023,7,1,169,Sweet Home Alabama,Lynyrd Skynyrd
2023,7,1,170,Father Stretch My Hands Pt. 1,Kanye West
2023,7,1,171,Beautiful Crazy,Luke Combs
2023,7,1,172,I'm Good (Blue),"David Guetta, Bebe Rexha"
2023,7,1,173,Stick Season,Noah Kahan
2023,7,1,174,Broadway Girls (feat. Morgan Wallen),"Lil Durk, Morgan Wallen"
2023,7,1,175,Watch This - ARIZONATEARS Pluggnb Remix,"Lil Uzi Vert, sped up nightcore, ARIZONATEARS"
2023,7,1,176,Fin de Semana,"Oscar Maydon, Junior H"
2023,7,1,177,The Spins,"Mac Miller, Empire of the Sun"
2023,7,1,178,Que Vuelvas,"Carin Leon, Grupo Frontera"
2023,7,1,179,Nonsense,Sabrina Carpenter
2023,7,1,180,Don't Stop Believin',Journey
2023,7,1,181,Have You Ever Seen The Rain,Creedence Clearwater Revival
2023,7,1,182,Need A Favor,Jelly Roll
2023,7,1,183,Wet Dreamz,J. Cole
2023,7,1,184,Say Yes To Heaven,Lana Del Rey
2023,7,1,185,Everlong,Foo Fighters
2023,7,1,186,Drip Too Hard (Lil Baby & Gunna),"Lil Baby, Gunna"
2023,7,1,187,Santeria,Sublime
2023,7,1,188,She Got the Best of Me,Luke Combs
2023,7,1,189,good 4 u,Olivia Rodrigo
2023,7,1,190,Tití Me Preguntó,Bad Bunny
2023,7,1,191,American Pie,Don McLean
2023,7,1,192,Days Come and Go,Lil Uzi Vert
2023,7,1,193,Passionfruit,Drake
2023,7,1,194,Getaway Car,Taylor Swift
2023,7,1,195,Circles,Post Malone
2023,7,1,196,Body Like A Back Road,Sam Hunt
2023,7,1,197,LOVE. FEAT. ZACARI.,"Kendrick Lamar, Zacari"
2023,7,1,198,Stargirl Interlude,"The Weeknd, Lana Del Rey"
2023,7,1,199,I Wanna Be Yours,Arctic Monkeys
2023,7,1,200,She Had Me At Heads Carolina,Cole Swindell
2023,8,1,1,MELTDOWN (feat. Drake),"Travis Scott, Drake"
2023,8,1,2,FE!N (feat. Playboi Carti),"Travis Scott, Playboi Carti"
2023,8,1,3,I KNOW ?,Travis Scott
2023,8,1,4,HYAENA,Travis Scott
2023,8,1,5,fukumean,Gunna
2023,8,1,6,Barbie World (with Aqua) [From Barbie The Album],"Nicki Minaj, Ice Spice, Aqua"
2023,8,1,7,TOPIA TWINS (feat. Rob49 & 21 Savage),"Travis Scott, Rob49, 21 Savage"
2023,8,1,8,MY EYES,Travis Scott
2023,8,1,9,THANK GOD,Travis Scott
2023,8,1,10,K-POP,"Travis Scott, Bad Bunny, The Weeknd"
2023,8,1,11,Last Night,Morgan Wallen
2023,8,1,12,MODERN JAM (feat. Teezo Touchdown),"Travis Scott, Teezo Touchdown"
2023,8,1,13,TELEKINESIS (feat. SZA & Future),"Travis Scott, SZA, Future"
2023,8,1,14,DELRESTO (ECHOES) (feat. Beyoncé),"Travis Scott, Beyoncé"
2023,8,1,15,"What Was I Made For? [From The Motion Picture ""Barbie""]",Billie Eilish
2023,8,1,16,vampire,Olivia Rodrigo
2023,8,1,17,SIRENS,Travis Scott
2023,8,1,18,Cruel Summer,Taylor Swift
2023,8,1,19,GOD'S COUNTRY,Travis Scott
2023,8,1,20,SKITZO (feat. Young Thug),"Travis Scott, Young Thug"
2023,8,1,21,Dance The Night - From Barbie The Album,Dua Lipa
2023,8,1,22,CIRCUS MAXIMUS (feat. The Weeknd & Swae Lee),"Travis Scott, The Weeknd, Swae Lee"
2023,8,1,23,TIL FURTHER NOTICE (feat. James Blake & 21 Savage),"Travis Scott, James Blake, 21 Savage"
2023,8,1,24,Fast Car,Luke Combs
2023,8,1,25,LOST FOREVER (feat. Westside Gunn),"Travis Scott, Westside Gunn"
2023,8,1,26,LOOOVE (feat. Kid Cudi),"Travis Scott, Kid Cudi"
2023,8,1,27,Seven (feat. Latto) (Explicit Ver.),"Jung Kook, Latto"
2023,8,1,28,Ella Baila Sola,"Eslabon Armado, Peso Pluma"
2023,8,1,29,PARASAIL (feat. Yung Lean & Dave Chappelle),"Travis Scott, Yung Lean, Dave Chappelle"
2023,8,1,30,Chemical,Post Malone
2023,8,1,31,Kill Bill,SZA
2023,8,1,32,Enough Is Enough,Post Malone
2023,8,1,33,You Proof,Morgan Wallen
2023,8,1,34,Super Shy,NewJeans
2023,8,1,35,Something in the Orange,Zach Bryan
2023,8,1,36,Speed Drive (From Barbie The Album),Charli XCX
2023,8,1,37,See You Again (feat. Kali Uchis),"Tyler, The Creator, Kali Uchis"
2023,8,1,38,august,Taylor Swift
2023,8,1,39,Wasted On You,Morgan Wallen
2023,8,1,40,un x100to,"Grupo Frontera, Bad Bunny"
2023,8,1,41,Dial Drunk (with Post Malone),"Noah Kahan, Post Malone"
2023,8,1,42,Something Real,Post Malone
2023,8,1,43,Boy's a liar Pt. 2,"PinkPantheress, Ice Spice"
2023,8,1,44,LADY GAGA,"Peso Pluma, Gabito Ballesteros, Junior H"
2023,8,1,45,In Your Love,Tyler Childers
2023,8,1,46,Mourning,Post Malone
2023,8,1,47,La Bebe - Remix,"Yng Lvcas, Peso Pluma"
2023,8,1,48,Overdrive,Post Malone
2023,8,1,49,Deli,Ice Spice
2023,8,1,50,LALA,Myke Towers
2023,8,1,51,Religiously,Bailey Zimmerman
2023,8,1,52,All My Life (feat. J. Cole),"Lil Durk, J. Cole"
2023,8,1,53,No Role Modelz,J. Cole
2023,8,1,54,Thinkin’ Bout Me,Morgan Wallen
2023,8,1,55,SABOR FRESA,Fuerza Regida
2023,8,1,56,WHERE SHE GOES,Bad Bunny
2023,8,1,57,I Can See You (Taylor’s Version) (From The Vault),Taylor Swift
2023,8,1,58,Anti-Hero,Taylor Swift
2023,8,1,59,I’m Just Ken (From Barbie The Album),Ryan Gosling
2023,8,1,60,As It Was,Harry Styles
2023,8,1,61,El Azul,"Junior H, Peso Pluma"
2023,8,1,62,Karma,Taylor Swift
2023,8,1,63,Snooze,SZA
2023,8,1,64,Sunflower - Spider-Man: Into the Spider-Verse,"Post Malone, Swae Lee"
2023,8,1,65,TULUM,"Peso Pluma, Grupo Frontera"
2023,8,1,66,From The Start,Laufey
2023,8,1,67,Moonlight,Kali Uchis
2023,8,1,68,Search & Rescue,Drake
2023,8,1,69,TQM,Fuerza Regida
2023,8,1,70,Jimmy Cooks (feat. 21 Savage),"Drake, 21 Savage"
2023,8,1,71,Too Cool To Die,Post Malone
2023,8,1,72,Cupid - Twin Ver.,FIFTY FIFTY
2023,8,1,73,Flowers,Miley Cyrus
2023,8,1,74,Novacandy,Post Malone
2023,8,1,75,Don't Understand,Post Malone
2023,8,1,76,Style,Taylor Swift
2023,8,1,77,On The Radar Freestyle,"Drake, Central Cee"
2023,8,1,78,Daylight,David Kushner
2023,8,1,79,Creepin' (with The Weeknd & 21 Savage),"Metro Boomin, The Weeknd, 21 Savage"
2023,8,1,80,"Peso Pluma: Bzrp Music Sessions, Vol. 55","Bizarrap, Peso Pluma"
2023,8,1,81,Try That In A Small Town,Jason Aldean
2023,8,1,82,Calm Down (with Selena Gomez),"Rema, Selena Gomez"
2023,8,1,83,cardigan,Taylor Swift
2023,8,1,84,Blank Space,Taylor Swift
2023,8,1,85,Whiskey Glasses,Morgan Wallen
2023,8,1,86,Aquí Te Espero,Ivan Cornejo
2023,8,1,87,Pink + White,Frank Ocean
2023,8,1,88,The Kind of Love We Make,Luke Combs
2023,8,1,89,Flooded The Face,Lil Uzi Vert
2023,8,1,90,Money Trees,"Kendrick Lamar, Jay Rock"
2023,8,1,91,Die For You,The Weeknd
2023,8,1,92,Heading South,Zach Bryan
2023,8,1,93,Popular (with Playboi Carti & Madonna) - Music from the HBO Original Series,"The Weeknd, Playboi Carti, Madonna"
2023,8,1,94,Sure Thing,Miguel
2023,8,1,95,Sweater Weather,The Neighbourhood
2023,8,1,96,I Ain't Worried,OneRepublic
2023,8,1,97,Sign Me Up,Post Malone
2023,8,1,98,Rush,Troye Sivan
2023,8,1,99,Don’t Blame Me,Taylor Swift
2023,8,1,100,BYE,Peso Pluma
2023,8,1,101,Romantic Homicide,d4vd
2023,8,1,102,Rich Flex,"Drake, 21 Savage"
2023,8,1,103,golden hour,JVKE
2023,8,1,104,Peaches & Eggplants (feat. 21 Savage),"Young Nudy, 21 Savage"
2023,8,1,105,Trance (with Travis Scott & Young Thug),"Metro Boomin, Travis Scott, Young Thug"
2023,8,1,106,LAGUNAS,"Peso Pluma, Jasiel Nuñez"
2023,8,1,107,Chasin' You,Morgan Wallen
2023,8,1,108,Por las Noches,Peso Pluma
2023,8,1,109,Sprinter,"Dave, Central Cee"
2023,8,1,110,Superhero (Heroes & Villains) [with Future & Chris Brown],"Metro Boomin, Future, Chris Brown"
2023,8,1,111,Rock and A Hard Place,Bailey Zimmerman
2023,8,1,112,Bad Habit,Steve Lacy
2023,8,1,113,Shut up My Moms Calling,Hotel Ugly
2023,8,1,114,Feathered Indians,Tyler Childers
2023,8,1,115,All Your'n,Tyler Childers
2023,8,1,116,Next Thing You Know,Jordan Davis
2023,8,1,117,Tennessee Orange,Megan Moroney
2023,8,1,118,Stick Season,Noah Kahan
2023,8,1,119,Tennessee Whiskey,Chris Stapleton
2023,8,1,120,Thought You Should Know,Morgan Wallen
2023,8,1,121,Sun to Me,Zach Bryan
2023,8,1,122,Socialite,Post Malone
2023,8,1,123,The Color Violet,Tory Lanez
2023,8,1,124,Frágil,"Yahritza Y Su Esencia, Grupo Frontera"
2023,8,1,125,El Gordo Trae El Mando,Chino Pacas
2023,8,1,126,MOJABI GHOST,"Tainy, Bad Bunny"
2023,8,1,127,WAIT FOR U (feat. Drake & Tems),"Future, Drake, Tems"
2023,8,1,128,Stand By Me (feat. Morgan Wallen),"Lil Durk, Morgan Wallen"
2023,8,1,129,When It Rains It Pours,Luke Combs
2023,8,1,130,LUNA,"Peso Pluma, Junior H"
2023,8,1,131,Nonsense,Sabrina Carpenter
2023,8,1,132,New Jeans,NewJeans
2023,8,1,133,Just Wanna Rock,Lil Uzi Vert
2023,8,1,134,Cowgirls (feat. ERNEST),"Morgan Wallen, ERNEST"
2023,8,1,135,JEALOUSY (feat. Cardi B),"Offset, Cardi B"
2023,8,1,136,Buy Dirt,"Jordan Davis, Luke Bryan"
2023,8,1,137,Heat Waves,Glass Animals
2023,8,1,138,Heartless,Kanye West
2023,8,1,139,You Should Probably Leave,Chris Stapleton
2023,8,1,140,Lover,Taylor Swift
2023,8,1,141,Clouded,Brent Faiyaz
2023,8,1,142,Dark Red,Steve Lacy
2023,8,1,143,Dreams - 2004 Remaster,Fleetwood Mac
2023,8,1,144,Enchanted (Taylor's Version),Taylor Swift
2023,8,1,145,Johnny Dang (with Paul Wall & DRODi),"That Mexican OT, Paul Wall, DRODi"
2023,8,1,146,family ties (with Kendrick Lamar),"Baby Keem, Kendrick Lamar"
2023,8,1,147,Flashing Lights,"Kanye West, Dwele"
2023,8,1,148,PRC,"Peso Pluma, Natanael Cano"
2023,8,1,149,Speedometer,Post Malone
2023,8,1,150,Everybody Wants To Rule The World,Tears For Fears
2023,8,1,151,Area Codes,Kaliii
2023,8,1,152,One Thing At A Time,Morgan Wallen
2023,8,1,153,Like Crazy,Jimin
2023,8,1,154,Dawns (feat. Maggie Rogers),"Zach Bryan, Maggie Rogers"
2023,8,1,155,Passionfruit,Drake
2023,8,1,156,Ain’t That Some,Morgan Wallen
2023,8,1,157,Oklahoma Smokeshow,Zach Bryan
2023,8,1,158,Lovers Rock,TV Girl
2023,8,1,159,TRUCK BED,HARDY
2023,8,1,160,Pink (From Barbie The Album),Lizzo
2023,8,1,161,Too Many Nights (feat. Don Toliver & with Future),"Metro Boomin, Future, Don Toliver"
2023,8,1,162,Oh U Went (feat. Drake),"Young Thug, Drake"
2023,8,1,163,Glock In My Lap,"21 Savage, Metro Boomin"
2023,8,1,164,SLUT ME OUT,NLE Choppa
2023,8,1,165,Beautiful Crazy,Luke Combs
2023,8,1,166,Me Porto Bonito,"Bad Bunny, Chencho Corleone"
2023,8,1,167,Lavender Haze,Taylor Swift
2023,8,1,168,Dancin’ In The Country,Tyler Hubbard
2023,8,1,169,I Wonder,Kanye West
2023,8,1,170,Infrunami,Steve Lacy
2023,8,1,171,Need A Favor,Jelly Roll
2023,8,1,172,Mr. Brightside,The Killers
2023,8,1,173,ETA,NewJeans
2023,8,1,174,Texas Tea,Post Malone
2023,8,1,175,505,Arctic Monkeys
2023,8,1,176,Stargirl Interlude,"The Weeknd, Lana Del Rey"
2023,8,1,177,Here With Me,d4vd
2023,8,1,178,I Know You,Faye Webster
2023,8,1,179,Wet Dreamz,J. Cole
2023,8,1,180,Circles,Post Malone
2023,8,1,181,CLASSY 101,"Feid, Young Miko"
2023,8,1,182,Bebe Dame,"Fuerza Regida, Grupo Frontera"
2023,8,1,183,Cool With You,NewJeans
2023,8,1,184,Columbia,Quevedo
2023,8,1,185,"Burn, Burn, Burn",Zach Bryan
2023,8,1,186,Spin Bout U,"Drake, 21 Savage"
2023,8,1,187,Hold My Breath,Post Malone
2023,8,1,188,Party In The U.S.A.,Miley Cyrus
2023,8,1,189,The Night We Met,Lord Huron
2023,8,1,190,I Wanna Be Yours,Arctic Monkeys
2023,8,1,191,Father Stretch My Hands Pt. 1,Kanye West
2023,8,1,192,Dial Drunk,Noah Kahan
2023,8,1,193,7 Summers,Morgan Wallen
2023,8,1,194,The Spins,"Mac Miller, Empire of the Sun"
2023,8,1,195,Broadway Girls (feat. Morgan Wallen),"Lil Durk, Morgan Wallen"
2023,8,1,196,Everlong,Foo Fighters
2023,8,1,197,RUBICON,Peso Pluma
2023,8,1,198,TQG,"KAROL G, Shakira"
2023,8,1,199,What It Is (Solo Version),Doechii
2023,8,1,200,Watermelon Moonshine,Lainey Wilson
2023,9,1,1,Paint The Town Red,Doja Cat
2023,9,1,2,I Remember Everything (feat. Kacey Musgraves),"Zach Bryan, Kacey Musgraves"
2023,9,1,3,fukumean,Gunna
2023,9,1,4,Cruel Summer,Taylor Swift
2023,9,1,5,Last Night,Morgan Wallen
2023,9,1,6,Rich Men North of Richmond,Oliver Anthony Music
2023,9,1,7,Hey Driver (feat. The War and Treaty),"Zach Bryan, The War and Treaty"
2023,9,1,8,I KNOW ?,Travis Scott
2023,9,1,9,vampire,Olivia Rodrigo
2023,9,1,10,MELTDOWN (feat. Drake),"Travis Scott, Drake"
2023,9,1,11,Something in the Orange,Zach Bryan
2023,9,1,12,Barbie World (with Aqua) [From Barbie The Album],"Nicki Minaj, Ice Spice, Aqua"
2023,9,1,13,Fast Car,Luke Combs
2023,9,1,14,bad idea right?,Olivia Rodrigo
2023,9,1,15,Tourniquet,Zach Bryan
2023,9,1,16,QLONA,"KAROL G, Peso Pluma"
2023,9,1,17,"What Was I Made For? [From The Motion Picture ""Barbie""]",Billie Eilish
2023,9,1,18,Dance The Night - From Barbie The Album,Dua Lipa
2023,9,1,19,Spotless (feat. The Lumineers),"Zach Bryan, The Lumineers"
2023,9,1,20,Seven (feat. Latto) (Explicit Ver.),"Jung Kook, Latto"
2023,9,1,21,Kill Bill,SZA
2023,9,1,22,East Side of Sorrow,Zach Bryan
2023,9,1,23,Snooze,SZA
2023,9,1,24,See You Again (feat. Kali Uchis),"Tyler, The Creator, Kali Uchis"
2023,9,1,25,Used To Be Young,Miley Cyrus
2023,9,1,26,Ella Baila Sola,"Eslabon Armado, Peso Pluma"
2023,9,1,27,You Proof,Morgan Wallen
2023,9,1,28,FE!N (feat. Playboi Carti),"Travis Scott, Playboi Carti"
2023,9,1,29,TELEKINESIS (feat. SZA & Future),"Travis Scott, SZA, Future"
2023,9,1,30,Religiously,Bailey Zimmerman
2023,9,1,31,LADY GAGA,"Peso Pluma, Gabito Ballesteros, Junior H"
2023,9,1,32,Demons,Doja Cat
2023,9,1,33,No Role Modelz,J. Cole
2023,9,1,34,Fear and Friday's,Zach Bryan
2023,9,1,35,Wasted On You,Morgan Wallen
2023,9,1,36,Heading South,Zach Bryan
2023,9,1,37,Last Time I Saw You,Nicki Minaj
2023,9,1,38,august,Taylor Swift
2023,9,1,39,Jimmy Cooks (feat. 21 Savage),"Drake, 21 Savage"
2023,9,1,40,LALA,Myke Towers
2023,9,1,41,Ticking,Zach Bryan
2023,9,1,42,Pink + White,Frank Ocean
2023,9,1,43,Anti-Hero,Taylor Swift
2023,9,1,44,Thinkin’ Bout Me,Morgan Wallen
2023,9,1,45,Moonlight,Kali Uchis
2023,9,1,46,Overtime,Zach Bryan
2023,9,1,47,La Bebe - Remix,"Yng Lvcas, Peso Pluma"
2023,9,1,48,Single Soon,Selena Gomez
2023,9,1,49,Margaritaville,Jimmy Buffett
2023,9,1,50,Summertime's Close,Zach Bryan
2023,9,1,51,Sun to Me,Zach Bryan
2023,9,1,52,Boy's a liar Pt. 2,"PinkPantheress, Ice Spice"
2023,9,1,53,Super Shy,NewJeans
2023,9,1,54,Search & Rescue,Drake
2023,9,1,55,Style,Taylor Swift
2023,9,1,56,Smaller Acts,Zach Bryan
2023,9,1,57,Karma,Taylor Swift
2023,9,1,58,Sweater Weather,The Neighbourhood
2023,9,1,59,As It Was,Harry Styles
2023,9,1,60,Dawns (feat. Maggie Rogers),"Zach Bryan, Maggie Rogers"
2023,9,1,61,From The Start,Laufey
2023,9,1,62,WHERE SHE GOES,Bad Bunny
2023,9,1,63,Daylight,David Kushner
2023,9,1,64,SABOR FRESA,Fuerza Regida
2023,9,1,65,Money Trees,"Kendrick Lamar, Jay Rock"
2023,9,1,66,Holy Roller (feat. Sierra Ferrell),"Zach Bryan, Sierra Ferrell"
2023,9,1,67,MI EX TENÍA RAZÓN,KAROL G
2023,9,1,68,Die For You,The Weeknd
2023,9,1,69,Deli,Ice Spice
2023,9,1,70,Dial Drunk (with Post Malone),"Noah Kahan, Post Malone"
2023,9,1,71,Stick Season,Noah Kahan
2023,9,1,72,Flowers,Miley Cyrus
2023,9,1,73,Blank Space,Taylor Swift
2023,9,1,74,Creepin' (with The Weeknd & 21 Savage),"Metro Boomin, The Weeknd, 21 Savage"
2023,9,1,75,El Dorado,Zach Bryan
2023,9,1,76,Shut up My Moms Calling,Hotel Ugly
2023,9,1,77,Heartless,Kanye West
2023,9,1,78,Sure Thing,Miguel
2023,9,1,79,All My Life (feat. J. Cole),"Lil Durk, J. Cole"
2023,9,1,80,un x100to,"Grupo Frontera, Bad Bunny"
2023,9,1,81,cardigan,Taylor Swift
2023,9,1,82,Dark Red,Steve Lacy
2023,9,1,83,Sunflower - Spider-Man: Into the Spider-Verse,"Post Malone, Swae Lee"
2023,9,1,84,El Azul,"Junior H, Peso Pluma"
2023,9,1,85,Romantic Homicide,d4vd
2023,9,1,86,TULUM,"Peso Pluma, Grupo Frontera"
2023,9,1,87,Rich Flex,"Drake, 21 Savage"
2023,9,1,88,Clouded,Brent Faiyaz
2023,9,1,89,Flashing Lights,"Kanye West, Dwele"
2023,9,1,90,Whiskey Glasses,Morgan Wallen
2023,9,1,91,TQM,Fuerza Regida
2023,9,1,92,The Color Violet,Tory Lanez
2023,9,1,93,Chemical,Post Malone
2023,9,1,94,Don’t Blame Me,Taylor Swift
2023,9,1,95,Calm Down (with Selena Gomez),"Rema, Selena Gomez"
2023,9,1,96,K-POP,"Travis Scott, Bad Bunny, The Weeknd"
2023,9,1,97,Speed Drive (From Barbie The Album),Charli XCX
2023,9,1,98,LAGUNAS,"Peso Pluma, Jasiel Nuñez"
2023,9,1,99,Oklahoma Smokeshow,Zach Bryan
2023,9,1,100,Jake's Piano - Long Island,Zach Bryan
2023,9,1,101,MY EYES,Travis Scott
2023,9,1,102,Dreams - 2004 Remaster,Fleetwood Mac
2023,9,1,103,Lovers Rock,TV Girl
2023,9,1,104,Father Stretch My Hands Pt. 1,Kanye West
2023,9,1,105,Bad Habit,Steve Lacy
2023,9,1,106,The Kind of Love We Make,Luke Combs
2023,9,1,107,Nonsense,Sabrina Carpenter
2023,9,1,108,Peaches & Eggplants (feat. 21 Savage),"Young Nudy, 21 Savage"
2023,9,1,109,Tradesman,Zach Bryan
2023,9,1,110,Superhero (Heroes & Villains) [with Future & Chris Brown],"Metro Boomin, Future, Chris Brown"
2023,9,1,111,In Your Love,Tyler Childers
2023,9,1,112,WAIT FOR U (feat. Drake & Tems),"Future, Drake, Tems"
2023,9,1,113,Que Onda,"Calle 24, Chino Pacas, Fuerza Regida"
2023,9,1,114,Rock and A Hard Place,Bailey Zimmerman
2023,9,1,115,I Can See You (Taylor’s Version) (From The Vault),Taylor Swift
2023,9,1,116,Cowgirls (feat. ERNEST),"Morgan Wallen, ERNEST"
2023,9,1,117,TOPIA TWINS (feat. Rob49 & 21 Savage),"Travis Scott, Rob49, 21 Savage"
2023,9,1,118,Feathered Indians,Tyler Childers
2023,9,1,119,Cupid - Twin Ver.,FIFTY FIFTY
2023,9,1,120,Glock In My Lap,"21 Savage, Metro Boomin"
2023,9,1,121,family ties (with Kendrick Lamar),"Baby Keem, Kendrick Lamar"
2023,9,1,122,Infrunami,Steve Lacy
2023,9,1,123,Trance (with Travis Scott & Young Thug),"Metro Boomin, Travis Scott, Young Thug"
2023,9,1,124,All Your'n,Tyler Childers
2023,9,1,125,Passionfruit,Drake
2023,9,1,126,Thought You Should Know,Morgan Wallen
2023,9,1,127,Tennessee Whiskey,Chris Stapleton
2023,9,1,128,Chasin' You,Morgan Wallen
2023,9,1,129,Popular (with Playboi Carti & Madonna) - Music from the HBO Original Series,"The Weeknd, Playboi Carti, Madonna"
2023,9,1,130,505,Arctic Monkeys
2023,9,1,131,"Burn, Burn, Burn",Zach Bryan
2023,9,1,132,You Should Probably Leave,Chris Stapleton
2023,9,1,133,I Wonder,Kanye West
2023,9,1,134,I LOVE YOU HOE (w/ 9lives),"Odetari, 9lives"
2023,9,1,135,I Wanna Be Yours,Arctic Monkeys
2023,9,1,136,Johnny Dang (with Paul Wall & DRODi),"That Mexican OT, Paul Wall, DRODi"
2023,9,1,137,Break from Toronto,PARTYNEXTDOOR
2023,9,1,138,Too Many Nights (feat. Don Toliver & with Future),"Metro Boomin, Future, Don Toliver"
2023,9,1,139,Revival,Zach Bryan
2023,9,1,140,Stargirl Interlude,"The Weeknd, Lana Del Rey"
2023,9,1,141,Oklahoman Son,Zach Bryan
2023,9,1,142,Primera Cita,Carin Leon
2023,9,1,143,Everybody Wants To Rule The World,Tears For Fears
2023,9,1,144,"Peso Pluma: Bzrp Music Sessions, Vol. 55","Bizarrap, Peso Pluma"
2023,9,1,145,TRUCK BED,HARDY
2023,9,1,146,golden hour,JVKE
2023,9,1,147,Wet Dreamz,J. Cole
2023,9,1,148,Sprinter,"Dave, Central Cee"
2023,9,1,149,Apocalypse,Cigarettes After Sex
2023,9,1,150,Fear and Friday's (Poem),Zach Bryan
2023,9,1,151,It's Five O'Clock Somewhere,"Alan Jackson, Jimmy Buffett"
2023,9,1,152,Spin Bout U,"Drake, 21 Savage"
2023,9,1,153,Everlong,Foo Fighters
2023,9,1,154,Wasted Summers,juju<3
2023,9,1,155,CLASSY 101,"Feid, Young Miko"
2023,9,1,156,Love Me,"Lil Wayne, Drake, Future"
2023,9,1,157,Por las Noches,Peso Pluma
2023,9,1,158,20 Min,Lil Uzi Vert
2023,9,1,159,Lover,Taylor Swift
2023,9,1,160,When It Rains It Pours,Luke Combs
2023,9,1,161,The Night We Met,Lord Huron
2023,9,1,162,BYE,Peso Pluma
2023,9,1,163,I Ain't Worried,OneRepublic
2023,9,1,164,Like Crazy,Jimin
2023,9,1,165,Buy Dirt,"Jordan Davis, Luke Bryan"
2023,9,1,166,AMARGURA,KAROL G
2023,9,1,167,Heat Waves,Glass Animals
2023,9,1,168,Space Song,Beach House
2023,9,1,169,S91,KAROL G
2023,9,1,170,Just Wanna Rock,Lil Uzi Vert
2023,9,1,171,Mr. Brightside,The Killers
2023,9,1,172,ORANGE SODA,Baby Keem
2023,9,1,173,Creep,Radiohead
2023,9,1,174,Don't,Bryson Tiller
2023,9,1,175,Freestyle,Lil Baby
2023,9,1,176,Flooded The Face,Lil Uzi Vert
2023,9,1,177,LUNA,"Peso Pluma, Junior H"
2023,9,1,178,Party In The U.S.A.,Miley Cyrus
2023,9,1,179,LOVE. FEAT. ZACARI.,"Kendrick Lamar, Zacari"
2023,9,1,180,El Gordo Trae El Mando,Chino Pacas
2023,9,1,181,Next Thing You Know,Jordan Davis
2023,9,1,182,I Know You,Faye Webster
2023,9,1,183,Locked out of Heaven,Bruno Mars
2023,9,1,184,One Dance,"Drake, Wizkid, Kyla"
2023,9,1,185,RUBICON,Peso Pluma
2023,9,1,186,The Spins,"Mac Miller, Empire of the Sun"
2023,9,1,187,SLUT ME OUT,NLE Choppa
2023,9,1,188,Tennessee Orange,Megan Moroney
2023,9,1,189,Work Out,J. Cole
2023,9,1,190,Not Allowed,TV Girl
2023,9,1,191,Ain’t That Some,Morgan Wallen
2023,9,1,192,Starboy,"The Weeknd, Daft Punk"
2023,9,1,193,Good Days,SZA
2023,9,1,194,Ric Flair Drip (with Metro Boomin),"Offset, Metro Boomin"
2023,9,1,195,Lavender Haze,Taylor Swift
2023,9,1,196,Me Porto Bonito,"Bad Bunny, Chencho Corleone"
2023,9,1,197,Getaway Car,Taylor Swift
2023,9,1,198,HYAENA,Travis Scott
2023,9,1,199,Ain't No Mountain High Enough,"Marvin Gaye, Tammi Terrell"
2023,9,1,200,SkeeYee,Sexyy Red
2023,10,1,1,Paint The Town Red,Doja Cat
2023,10,1,2,I Remember Everything (feat. Kacey Musgraves),"Zach Bryan, Kacey Musgraves"
2023,10,1,3,fukumean,Gunna
2023,10,1,4,greedy,Tate McRae
2023,10,1,5,Cruel Summer,Taylor Swift
2023,10,1,6,Last Night,Morgan Wallen
2023,10,1,7,vampire,Olivia Rodrigo
2023,10,1,8,bad idea right?,Olivia Rodrigo
2023,10,1,9,My Love Mine All Mine,Mitski
2023,10,1,10,I KNOW ?,Travis Scott
2023,10,1,11,Something in the Orange,Zach Bryan
2023,10,1,12,Agora Hills,Doja Cat
2023,10,1,13,3D (feat. Jack Harlow),"Jung Kook, Jack Harlow"
2023,10,1,14,Snooze,SZA
2023,10,1,15,Slime You Out (feat. SZA),"Drake, SZA"
2023,10,1,16,LADY GAGA,"Peso Pluma, Gabito Ballesteros, Junior H"
2023,10,1,17,Strangers,Kenya Grace
2023,10,1,18,Kill Bill,SZA
2023,10,1,19,QLONA,"KAROL G, Peso Pluma"
2023,10,1,20,get him back!,Olivia Rodrigo
2023,10,1,21,UN PREVIEW,Bad Bunny
2023,10,1,22,See You Again (feat. Kali Uchis),"Tyler, The Creator, Kali Uchis"
2023,10,1,23,Hey Driver (feat. The War and Treaty),"Zach Bryan, The War and Treaty"
2023,10,1,24,No Role Modelz,J. Cole
2023,10,1,25,Fast Car,Luke Combs
2023,10,1,26,Ella Baila Sola,"Eslabon Armado, Peso Pluma"
2023,10,1,27,"What Was I Made For? [From The Motion Picture ""Barbie""]",Billie Eilish
2023,10,1,28,Seven (feat. Latto) (Explicit Ver.),"Jung Kook, Latto"
2023,10,1,29,You Proof,Morgan Wallen
2023,10,1,30,Pink + White,Frank Ocean
2023,10,1,31,MELTDOWN (feat. Drake),"Travis Scott, Drake"
2023,10,1,32,Rich Men North of Richmond,Oliver Anthony Music
2023,10,1,33,TELEKINESIS (feat. SZA & Future),"Travis Scott, SZA, Future"
2023,10,1,34,Dance The Night - From Barbie The Album,Dua Lipa
2023,10,1,35,all-american bitch,Olivia Rodrigo
2023,10,1,36,Sweater Weather,The Neighbourhood
2023,10,1,37,Stick Season,Noah Kahan
2023,10,1,38,500lbs,Lil Tecca
2023,10,1,39,Sarah's Place (feat. Noah Kahan),"Zach Bryan, Noah Kahan"
2023,10,1,40,Wasted On You,Morgan Wallen
2023,10,1,41,Jimmy Cooks (feat. 21 Savage),"Drake, 21 Savage"
2023,10,1,42,Barbie World (with Aqua) [From Barbie The Album],"Nicki Minaj, Ice Spice, Aqua"
2023,10,1,43,Shut up My Moms Calling,Hotel Ugly
2023,10,1,44,Moonlight,Kali Uchis
2023,10,1,45,Religiously,Bailey Zimmerman
2023,10,1,46,Dark Red,Steve Lacy
2023,10,1,47,Clouded,Brent Faiyaz
2023,10,1,48,Thinkin’ Bout Me,Morgan Wallen
2023,10,1,49,Tourniquet,Zach Bryan
2023,10,1,50,Heading South,Zach Bryan
2023,10,1,51,Anti-Hero,Taylor Swift
2023,10,1,52,Romantic Homicide,d4vd
2023,10,1,53,Die For You,The Weeknd
2023,10,1,54,Mamaw's House,"Thomas Rhett, Morgan Wallen"
2023,10,1,55,Style,Taylor Swift
2023,10,1,56,Lovers Rock,TV Girl
2023,10,1,57,Dreams - 2004 Remaster,Fleetwood Mac
2023,10,1,58,FE!N (feat. Playboi Carti),"Travis Scott, Playboi Carti"
2023,10,1,59,LALA,Myke Towers
2023,10,1,60,the grudge,Olivia Rodrigo
2023,10,1,61,Sure Thing,Miguel
2023,10,1,62,Heartless,Kanye West
2023,10,1,63,Daylight,David Kushner
2023,10,1,64,Money Trees,"Kendrick Lamar, Jay Rock"
2023,10,1,65,Karma,Taylor Swift
2023,10,1,66,Blank Space,Taylor Swift
2023,10,1,67,As It Was,Harry Styles
2023,10,1,68,we fell in love in october,girl in red
2023,10,1,69,un x100to,"Grupo Frontera, Bad Bunny"
2023,10,1,70,cardigan,Taylor Swift
2023,10,1,71,Flashing Lights,"Kanye West, Dwele"
2023,10,1,72,Father Stretch My Hands Pt. 1,Kanye West
2023,10,1,73,Que Onda,"Calle 24, Chino Pacas, Fuerza Regida"
2023,10,1,74,I Wanna Be Yours,Arctic Monkeys
2023,10,1,75,Sun to Me,Zach Bryan
2023,10,1,76,The Color Violet,Tory Lanez
2023,10,1,77,lacy,Olivia Rodrigo
2023,10,1,78,august,Taylor Swift
2023,10,1,79,Break from Toronto,PARTYNEXTDOOR
2023,10,1,80,Creepin' (with The Weeknd & 21 Savage),"Metro Boomin, The Weeknd, 21 Savage"
2023,10,1,81,Deli,Ice Spice
2023,10,1,82,Search & Rescue,Drake
2023,10,1,83,Boys Of Faith (feat. Bon Iver),"Zach Bryan, Bon Iver"
2023,10,1,84,Don’t Blame Me,Taylor Swift
2023,10,1,85,La Bebe - Remix,"Yng Lvcas, Peso Pluma"
2023,10,1,86,Sunflower - Spider-Man: Into the Spider-Verse,"Post Malone, Swae Lee"
2023,10,1,87,Dial Drunk (with Post Malone),"Noah Kahan, Post Malone"
2023,10,1,88,El Azul,"Junior H, Peso Pluma"
2023,10,1,89,Glock In My Lap,"21 Savage, Metro Boomin"
2023,10,1,90,Stargirl Interlude,"The Weeknd, Lana Del Rey"
2023,10,1,91,SABOR FRESA,Fuerza Regida
2023,10,1,92,Rich Flex,"Drake, 21 Savage"
2023,10,1,93,The Night We Met,Lord Huron
2023,10,1,94,Superhero (Heroes & Villains) [with Future & Chris Brown],"Metro Boomin, Future, Chris Brown"
2023,10,1,95,Nonsense,Sabrina Carpenter
2023,10,1,96,LAGUNAS,"Peso Pluma, Jasiel Nuñez"
2023,10,1,97,505,Arctic Monkeys
2023,10,1,98,Dawns (feat. Maggie Rogers),"Zach Bryan, Maggie Rogers"
2023,10,1,99,making the bed,Olivia Rodrigo
2023,10,1,100,Bad Habit,Steve Lacy
2023,10,1,101,Freestyle,Lil Baby
2023,10,1,102,From The Start,Laufey
2023,10,1,103,Whiskey Glasses,Morgan Wallen
2023,10,1,104,family ties (with Kendrick Lamar),"Baby Keem, Kendrick Lamar"
2023,10,1,105,love is embarrassing,Olivia Rodrigo
2023,10,1,106,Spotless (feat. The Lumineers),"Zach Bryan, The Lumineers"
2023,10,1,107,Everlong,Foo Fighters
2023,10,1,108,I Wonder,Kanye West
2023,10,1,109,Boy's a liar Pt. 2,"PinkPantheress, Ice Spice"
2023,10,1,110,Oklahoma Smokeshow,Zach Bryan
2023,10,1,111,Pain,PinkPantheress
2023,10,1,112,Infrunami,Steve Lacy
2023,10,1,113,Wet Dreamz,J. Cole
2023,10,1,114,Love Me,"Lil Wayne, Drake, Future"
2023,10,1,115,Super Shy,NewJeans
2023,10,1,116,Calm Down (with Selena Gomez),"Rema, Selena Gomez"
2023,10,1,117,TQM,Fuerza Regida
2023,10,1,118,TULUM,"Peso Pluma, Grupo Frontera"
2023,10,1,119,ballad of a homeschooled girl,Olivia Rodrigo
2023,10,1,120,Not Allowed,TV Girl
2023,10,1,121,Passionfruit,Drake
2023,10,1,122,Water,Tyla
2023,10,1,123,ORANGE SODA,Baby Keem
2023,10,1,124,logical,Olivia Rodrigo
2023,10,1,125,Too Many Nights (feat. Don Toliver & with Future),"Metro Boomin, Future, Don Toliver"
2023,10,1,126,Según Quién,"Maluma, Carin Leon"
2023,10,1,127,Popular (with Playboi Carti & Madonna) - Music from the HBO Original Series,"The Weeknd, Playboi Carti, Madonna"
2023,10,1,128,Apocalypse,Cigarettes After Sex
2023,10,1,129,Don't,Bryson Tiller
2023,10,1,130,Space Song,Beach House
2023,10,1,131,WAIT FOR U (feat. Drake & Tems),"Future, Drake, Tems"
2023,10,1,132,Rock and A Hard Place,Bailey Zimmerman
2023,10,1,133,Thought You Should Know,Morgan Wallen
2023,10,1,134,Trance (with Travis Scott & Young Thug),"Metro Boomin, Travis Scott, Young Thug"
2023,10,1,135,Cowgirls (feat. ERNEST),"Morgan Wallen, ERNEST"
2023,10,1,136,Chasin' You,Morgan Wallen
2023,10,1,137,Spin Bout U,"Drake, 21 Savage"
2023,10,1,138,Chemical,Post Malone
2023,10,1,139,Mr. Brightside,The Killers
2023,10,1,140,East Side of Sorrow,Zach Bryan
2023,10,1,141,Boyz Don't Cry,Rod Wave
2023,10,1,142,Por las Noches,Peso Pluma
2023,10,1,143,You Should Probably Leave,Chris Stapleton
2023,10,1,144,Everybody Wants To Rule The World,Tears For Fears
2023,10,1,145,golden hour,JVKE
2023,10,1,146,All Your'n,Tyler Childers
2023,10,1,147,The Kind of Love We Make,Luke Combs
2023,10,1,148,LOVE. FEAT. ZACARI.,"Kendrick Lamar, Zacari"
2023,10,1,149,Johnny Dang (with Paul Wall & DRODi),"That Mexican OT, Paul Wall, DRODi"
2023,10,1,150,Love,Keyshia Cole
2023,10,1,151,All My Life (feat. J. Cole),"Lil Durk, J. Cole"
2023,10,1,152,Feathered Indians,Tyler Childers
2023,10,1,153,Starboy,"The Weeknd, Daft Punk"
2023,10,1,154,Good Days,SZA
2023,10,1,155,Revival,Zach Bryan
2023,10,1,156,Work Out,J. Cole
2023,10,1,157,WHERE SHE GOES,Bad Bunny
2023,10,1,158,Yes Indeed,"Lil Baby, Drake"
2023,10,1,159,Creep,Radiohead
2023,10,1,160,Ric Flair Drip (with Metro Boomin),"Offset, Metro Boomin"
2023,10,1,161,Primera Cita,Carin Leon
2023,10,1,162,Tennessee Whiskey,Chris Stapleton
2023,10,1,163,Peaches & Eggplants (feat. 21 Savage),"Young Nudy, 21 Savage"
2023,10,1,164,One Dance,"Drake, Wizkid, Kyla"
2023,10,1,165,BIPOLAR,"Peso Pluma, Jasiel Nuñez, Junior H"
2023,10,1,166,20 Min,Lil Uzi Vert
2023,10,1,167,Les,Childish Gambino
2023,10,1,168,MIDDLE CHILD,J. Cole
2023,10,1,169,Bound 2,Kanye West
2023,10,1,170,Evergreen,Richy Mitch & The Coal Miners
2023,10,1,171,Buy Dirt,"Jordan Davis, Luke Bryan"
2023,10,1,172,CLASSY 101,"Feid, Young Miko"
2023,10,1,173,Sparks,Coldplay
2023,10,1,174,Lover,Taylor Swift
2023,10,1,175,Turks & Caicos (feat. 21 Savage),"Rod Wave, 21 Savage"
2023,10,1,176,Locked out of Heaven,Bruno Mars
2023,10,1,177,SkeeYee,Sexyy Red
2023,10,1,178,Flowers,Miley Cyrus
2023,10,1,179,Get You (feat. Kali Uchis),"Daniel Caesar, Kali Uchis"
2023,10,1,180,HUMBLE.,Kendrick Lamar
2023,10,1,181,Speed Drive (From Barbie The Album),Charli XCX
2023,10,1,182,HVN ON EARTH (with Kodak Black),"Lil Tecca, Kodak Black"
2023,10,1,183,Novacane,Frank Ocean
2023,10,1,184,TRUCK BED,HARDY
2023,10,1,185,Bongos (feat. Megan Thee Stallion),"Cardi B, Megan Thee Stallion"
2023,10,1,186,Drip Too Hard (Lil Baby & Gunna),"Lil Baby, Gunna"
2023,10,1,187,Getaway Car,Taylor Swift
2023,10,1,188,Pure Cocaine,Lil Baby
2023,10,1,189,Why'd You Only Call Me When You're High?,Arctic Monkeys
2023,10,1,190,Jealous,Eyedress
2023,10,1,191,MI EX TENÍA RAZÓN,KAROL G
2023,10,1,192,"Peso Pluma: Bzrp Music Sessions, Vol. 55","Bizarrap, Peso Pluma"
2023,10,1,193,"Burn, Burn, Burn",Zach Bryan
2023,10,1,194,Cigarettes out the Window,TV Girl
2023,10,1,195,Just Wanna Rock,Lil Uzi Vert
2023,10,1,196,PRIDE.,Kendrick Lamar
2023,10,1,197,Take Me to Church,Hozier
2023,10,1,198,Heart To Heart,Mac DeMarco
2023,10,1,199,Heat Waves,Glass Animals
2023,10,1,200,ball w/o you,21 Savage
2023,11,1,1,Is It Over Now? (Taylor's Version) (From The Vault),Taylor Swift
2023,11,1,2,Now That We Don't Talk (Taylor's Version) (From The Vault),Taylor Swift
2023,11,1,3,Slut! (Taylor's Version) (From The Vault),Taylor Swift
2023,11,1,4,Say Don't Go (Taylor's Version) (From The Vault),Taylor Swift
2023,11,1,5,Suburban Legends (Taylor's Version) (From The Vault),Taylor Swift
2023,11,1,6,Style (Taylor's Version),Taylor Swift
2023,11,1,7,Blank Space (Taylor's Version),Taylor Swift
2023,11,1,8,Out Of The Woods (Taylor's Version),Taylor Swift
2023,11,1,9,Welcome To New York (Taylor's Version),Taylor Swift
2023,11,1,10,Wildest Dreams (Taylor's Version),Taylor Swift
2023,11,1,11,All You Had To Do Was Stay (Taylor's Version),Taylor Swift
2023,11,1,12,New Romantics (Taylor's Version),Taylor Swift
2023,11,1,13,IDGAF (feat. Yeat),"Drake, Yeat"
2023,11,1,14,Clean (Taylor's Version),Taylor Swift
2023,11,1,15,I Wish You Would (Taylor's Version),Taylor Swift
2023,11,1,16,Shake It Off (Taylor's Version),Taylor Swift
2023,11,1,17,Bad Blood (Taylor's Version),Taylor Swift
2023,11,1,18,How You Get The Girl (Taylor's Version),Taylor Swift
2023,11,1,19,I Know Places (Taylor's Version),Taylor Swift
2023,11,1,20,Wonderland (Taylor's Version),Taylor Swift
2023,11,1,21,Paint The Town Red,Doja Cat
2023,11,1,22,My Love Mine All Mine,Mitski
2023,11,1,23,You Are In Love (Taylor's Version),Taylor Swift
2023,11,1,24,I Remember Everything (feat. Kacey Musgraves),"Zach Bryan, Kacey Musgraves"
2023,11,1,25,Cruel Summer,Taylor Swift
2023,11,1,26,MONACO,Bad Bunny
2023,11,1,27,This Love (Taylor’s Version),Taylor Swift
2023,11,1,28,greedy,Tate McRae
2023,11,1,29,fukumean,Gunna
2023,11,1,30,Agora Hills,Doja Cat
2023,11,1,31,Stick Season,Noah Kahan
2023,11,1,32,First Person Shooter (feat. J. Cole),"Drake, J. Cole"
2023,11,1,33,Last Night,Morgan Wallen
2023,11,1,34,Bad Blood (feat. Kendrick Lamar) (Taylor's Version),"Taylor Swift, Kendrick Lamar"
2023,11,1,35,Kill Bill,SZA
2023,11,1,36,500lbs,Lil Tecca
2023,11,1,37,Monster Mash,"Bobby ""Boris"" Pickett, The Crypt-Kickers"
2023,11,1,38,I KNOW ?,Travis Scott
2023,11,1,39,vampire,Olivia Rodrigo
2023,11,1,40,PERRO NEGRO,"Bad Bunny, Feid"
2023,11,1,41,This Is Halloween,The Citizens of Halloween
2023,11,1,42,Something in the Orange,Zach Bryan
2023,11,1,43,Rich Baby Daddy (feat. Sexyy Red & SZA),"Drake, Sexyy Red, SZA"
2023,11,1,44,Snooze,SZA
2023,11,1,45,Thriller,Michael Jackson
2023,11,1,46,Water,Tyla
2023,11,1,47,Strangers,Kenya Grace
2023,11,1,48,LADY GAGA,"Peso Pluma, Gabito Ballesteros, Junior H"
2023,11,1,49,No Role Modelz,J. Cole
2023,11,1,50,Thinkin’ Bout Me,Morgan Wallen
2023,11,1,51,QLONA,"KAROL G, Peso Pluma"
2023,11,1,52,See You Again (feat. Kali Uchis),"Tyler, The Creator, Kali Uchis"
2023,11,1,53,Pink + White,Frank Ocean
2023,11,1,54,Sweater Weather,The Neighbourhood
2023,11,1,55,Virginia Beach,Drake
2023,11,1,56,bad idea right?,Olivia Rodrigo
2023,11,1,57,Que Onda,"Calle 24, Chino Pacas, Fuerza Regida"
2023,11,1,58,You Proof,Morgan Wallen
2023,11,1,59,Ella Baila Sola,"Eslabon Armado, Peso Pluma"
2023,11,1,60,FINA,"Bad Bunny, Young Miko"
2023,11,1,61,Wasted On You,Morgan Wallen
2023,11,1,62,Die For You,The Weeknd
2023,11,1,63,"What Was I Made For? [From The Motion Picture ""Barbie""]",Billie Eilish
2023,11,1,64,Somebody's Watching Me - Single Version,Rockwell
2023,11,1,65,Dark Red,Steve Lacy
2023,11,1,66,Anti-Hero,Taylor Swift
2023,11,1,67,Fast Car,Luke Combs
2023,11,1,68,Romantic Homicide,d4vd
2023,11,1,69,Dreams - 2004 Remaster,Fleetwood Mac
2023,11,1,70,Jimmy Cooks (feat. 21 Savage),"Drake, 21 Savage"
2023,11,1,71,Shut up My Moms Calling,Hotel Ugly
2023,11,1,72,Slime You Out (feat. SZA),"Drake, SZA"
2023,11,1,73,Lovers Rock,TV Girl
2023,11,1,74,One Of Your Girls,Troye Sivan
2023,11,1,75,Dance The Night - From Barbie The Album,Dua Lipa
2023,11,1,76,Clouded,Brent Faiyaz
2023,11,1,77,Hey Driver (feat. The War and Treaty),"Zach Bryan, The War and Treaty"
2023,11,1,78,MELTDOWN (feat. Drake),"Travis Scott, Drake"
2023,11,1,79,Heartless,Kanye West
2023,11,1,80,Don’t Blame Me,Taylor Swift
2023,11,1,81,Moonlight,Kali Uchis
2023,11,1,82,Money Trees,"Kendrick Lamar, Jay Rock"
2023,11,1,83,Flashing Lights,"Kanye West, Dwele"
2023,11,1,84,Heading South,Zach Bryan
2023,11,1,85,cardigan,Taylor Swift
2023,11,1,86,The Color Violet,Tory Lanez
2023,11,1,87,we fell in love in october,girl in red
2023,11,1,88,Seven (feat. Latto) (Explicit Ver.),"Jung Kook, Latto"
2023,11,1,89,Creepin' (with The Weeknd & 21 Savage),"Metro Boomin, The Weeknd, 21 Savage"
2023,11,1,90,Father Stretch My Hands Pt. 1,Kanye West
2023,11,1,91,Style,Taylor Swift
2023,11,1,92,Karma,Taylor Swift
2023,11,1,93,Five Nights at Freddy's,The Living Tombstone
2023,11,1,94,Sure Thing,Miguel
2023,11,1,95,Daylight,David Kushner
2023,11,1,96,Blinding Lights,The Weeknd
2023,11,1,97,TELEKINESIS (feat. SZA & Future),"Travis Scott, SZA, Future"
2023,11,1,98,MR. TAKE YA B*TCH (FEAT. CHRISEANROCK),"Lil Mabu, chriseanrock"
2023,11,1,99,LALA,Myke Towers
2023,11,1,100,Ghostbusters,Ray Parker Jr.
2023,11,1,101,Lover,Taylor Swift
2023,11,1,102,august,Taylor Swift
2023,11,1,103,get him back!,Olivia Rodrigo
2023,11,1,104,As It Was,Harry Styles
2023,11,1,105,Break from Toronto,PARTYNEXTDOOR
2023,11,1,106,Barbie World (with Aqua) [From Barbie The Album],"Nicki Minaj, Ice Spice, Aqua"
2023,11,1,107,The Night We Met,Lord Huron
2023,11,1,108,EL AMOR DE SU VIDA,"Grupo Frontera, Grupo Firme"
2023,11,1,109,I Wanna Be Yours,Arctic Monkeys
2023,11,1,110,Sarah's Place (feat. Noah Kahan),"Zach Bryan, Noah Kahan"
2023,11,1,111,Según Quién,"Maluma, Carin Leon"
2023,11,1,112,Love Me,"Lil Wayne, Drake, Future"
2023,11,1,113,Everlong,Foo Fighters
2023,11,1,114,Rich Men North of Richmond,Oliver Anthony Music
2023,11,1,115,FE!N (feat. Playboi Carti),"Travis Scott, Playboi Carti"
2023,11,1,116,I Wonder,Kanye West
2023,11,1,117,Religiously,Bailey Zimmerman
2023,11,1,118,un x100to,"Grupo Frontera, Bad Bunny"
2023,11,1,119,Sunflower - Spider-Man: Into the Spider-Verse,"Post Malone, Swae Lee"
2023,11,1,120,HARLEY QUINN,"Fuerza Regida, Marshmello"
2023,11,1,121,505,Arctic Monkeys
2023,11,1,122,Pain,PinkPantheress
2023,11,1,123,Deli,Ice Spice
2023,11,1,124,Superhero (Heroes & Villains) [with Future & Chris Brown],"Metro Boomin, Future, Chris Brown"
2023,11,1,125,Not Allowed,TV Girl
2023,11,1,126,Nonsense,Sabrina Carpenter
2023,11,1,127,Blank Space,Taylor Swift
2023,11,1,128,Ric Flair Drip (with Metro Boomin),"Offset, Metro Boomin"
2023,11,1,129,Creep,Radiohead
2023,11,1,130,Sun to Me,Zach Bryan
2023,11,1,131,Stargirl Interlude,"The Weeknd, Lana Del Rey"
2023,11,1,132,family ties (with Kendrick Lamar),"Baby Keem, Kendrick Lamar"
2023,11,1,133,Glock In My Lap,"21 Savage, Metro Boomin"
2023,11,1,134,Dial Drunk (with Post Malone),"Noah Kahan, Post Malone"
2023,11,1,135,Wet Dreamz,J. Cole
2023,11,1,136,UN PREVIEW,Bad Bunny
2023,11,1,137,Y LLORO,Junior H
2023,11,1,138,TOO MUCH,"The Kid LAROI, Jung Kook, Central Cee"
2023,11,1,139,Rich Flex,"Drake, 21 Savage"
2023,11,1,140,3D (feat. Jack Harlow),"Jung Kook, Jack Harlow"
2023,11,1,141,Infrunami,Steve Lacy
2023,11,1,142,WHERE SHE GOES,Bad Bunny
2023,11,1,143,Bad Habit,Steve Lacy
2023,11,1,144,Don't,Bryson Tiller
2023,11,1,145,SAY MY GRACE (feat. Travis Scott),"Offset, Travis Scott"
2023,11,1,146,"Spooky, Scary Skeletons - Undead Tombstone Remix",Andrew Gold
2023,11,1,147,Whiskey Glasses,Morgan Wallen
2023,11,1,148,Mr. Brightside,The Killers
2023,11,1,149,El Azul,"Junior H, Peso Pluma"
2023,11,1,150,Oklahoma Smokeshow,Zach Bryan
2023,11,1,151,Tourniquet,Zach Bryan
2023,11,1,152,Too Many Nights (feat. Don Toliver & with Future),"Metro Boomin, Future, Don Toliver"
2023,11,1,153,Wild Ones (feat. Jelly Roll),"Jessie Murph, Jelly Roll"
2023,11,1,154,ORANGE SODA,Baby Keem
2023,11,1,155,Apocalypse,Cigarettes After Sex
2023,11,1,156,La Bebe - Remix,"Yng Lvcas, Peso Pluma"
2023,11,1,157,Trance (with Travis Scott & Young Thug),"Metro Boomin, Travis Scott, Young Thug"
2023,11,1,158,Space Song,Beach House
2023,11,1,159,Perfect Night,LE SSERAFIM
2023,11,1,160,Low Life (feat. The Weeknd),"Future, The Weeknd"
2023,11,1,161,Dawns (feat. Maggie Rogers),"Zach Bryan, Maggie Rogers"
2023,11,1,162,Like Crazy,Jimin
2023,11,1,163,LOVE. FEAT. ZACARI.,"Kendrick Lamar, Zacari"
2023,11,1,164,Coal,Dylan Gossett
2023,11,1,165,Search & Rescue,Drake
2023,11,1,166,Evergreen,Richy Mitch & The Coal Miners
2023,11,1,167,Work Out,J. Cole
2023,11,1,168,Gently (feat. Bad Bunny),"Drake, Bad Bunny"
2023,11,1,169,Calm Down (with Selena Gomez),"Rema, Selena Gomez"
2023,11,1,170,LAGUNAS,"Peso Pluma, Jasiel Nuñez"
2023,11,1,171,all-american bitch,Olivia Rodrigo
2023,11,1,172,Freestyle,Lil Baby
2023,11,1,173,Spin Bout U,"Drake, 21 Savage"
2023,11,1,174,From The Start,Laufey
2023,11,1,175,Starboy,"The Weeknd, Daft Punk"
2023,11,1,176,golden hour,JVKE
2023,11,1,177,Everybody Wants To Rule The World,Tears For Fears
2023,11,1,178,We Ride,Bryan Martin
2023,11,1,179,Cowgirls (feat. ERNEST),"Morgan Wallen, ERNEST"
2023,11,1,180,Disturbia,Rihanna
2023,11,1,181,Ghostbusters,Ray Parker Jr.
2023,11,1,182,All I Want for Christmas Is You,Mariah Carey
2023,11,1,183,Passionfruit,Drake
2023,11,1,184,SABOR FRESA,Fuerza Regida
2023,11,1,185,Boy's a liar Pt. 2,"PinkPantheress, Ice Spice"
2023,11,1,186,WAIT FOR U (feat. Drake & Tems),"Future, Drake, Tems"
2023,11,1,187,HIBIKI,"Bad Bunny, Mora"
2023,11,1,188,You Should Probably Leave,Chris Stapleton
2023,11,1,189,LOU LOU,"Gabito Ballesteros, Natanael Cano"
2023,11,1,190,Popular (with Playboi Carti & Madonna) - Music from the HBO Original Series,"The Weeknd, Playboi Carti, Madonna"
2023,11,1,191,Rock and A Hard Place,Bailey Zimmerman
2023,11,1,192,Bound 2,Kanye West
2023,11,1,193,TRUCK BED,HARDY
2023,11,1,194,Tennessee Whiskey,Chris Stapleton
2023,11,1,195,(Don't Fear) The Reaper,Blue Öyster Cult
2023,11,1,196,Novacane,Frank Ocean
2023,11,1,197,Good Days,SZA
2023,11,1,198,White Horse,Chris Stapleton
2023,11,1,199,C U Girl,Steve Lacy
2023,11,1,200,ecstacy (slowed),SUICIDAL-IDOL